"ONTOLOGY","ID","Description","GeneRatio","BgRatio","RichFactor","FoldEnrichment","zScore","pvalue","p.adjust","qvalue","geneID","Count"
"BP","GO:0009948","anterior/posterior axis specification","12/86","60/18860",0.2,43.8604651162791,22.5052441776009,4.2654466105854e-17,1.04802023222083e-13,7.04023187936622e-14,"CER1/NODAL/LHX1/TBXT/LEFTY1/GDF3/LEFTY2/WNT3/HEY2/TBX3/WNT5A/BMP4",12
"BP","GO:0009798","axis specification","12/86","100/18860",0.12,26.3162790697674,17.1796221025482,2.76828420828878e-14,3.40083714988276e-11,2.28456296768253e-11,"CER1/NODAL/LHX1/TBXT/LEFTY1/GDF3/LEFTY2/WNT3/HEY2/TBX3/WNT5A/BMP4",12
"BP","GO:0007498","mesoderm development","13/86","142/18860",0.0915492957746479,20.0769734687193,15.4437966838569,7.78156485581356e-14,6.3731016169113e-11,4.28122585751427e-11,"CER1/NODAL/LHX1/EOMES/TBXT/GDF3/DKK1/MIXL1/ITGA8/WNT3/TBX3/WNT5A/BMP4",13
"BP","GO:0007369","gastrulation","14/86","203/18860",0.0689655172413793,15.1242983159583,13.6938051484024,4.10278286657922e-13,2.52013437579628e-10,1.69293777231479e-10,"CER1/NODAL/LHX1/EOMES/TBXT/GDF3/DKK1/DUSP5/GATA6/MIXL1/ITGA8/WNT3/WNT5A/BMP4",14
"BP","GO:0001704","formation of primary germ layer","12/86","135/18860",0.0888888888888889,19.4935400516796,14.5950696674096,1.07287678425459e-12,5.27211651782704e-10,3.54162273202356e-10,"NODAL/LHX1/EOMES/TBXT/DKK1/DUSP5/GATA6/MIXL1/ITGA8/WNT3/WNT5A/BMP4",12
"BP","GO:0009952","anterior/posterior pattern specification","14/86","224/18860",0.0625,13.7063953488372,12.9479248865336,1.57715409799005e-12,6.45844603126926e-10,4.33855723797965e-10,"CER1/NODAL/LHX1/FOXB1/TBXT/LEFTY1/GDF3/DKK1/LEFTY2/WNT3/HEY2/TBX3/WNT5A/BMP4",14
"BP","GO:0007389","pattern specification process","18/86","486/18860",0.037037037037037,8.12230835486649,10.7663179177247,5.56671085912953e-12,1.95391551155446e-09,1.31257182362633e-09,"CER1/NODAL/GREM1/LHX1/EOMES/FST/FOXB1/TBXT/LEFTY1/GDF3/DKK1/LEFTY2/WNT3/ERBB4/HEY2/TBX3/WNT5A/BMP4",18
"BP","GO:0045165","cell fate commitment","15/86","304/18860",0.0493421052631579,10.8208384332925,11.6835097504671,7.10730055100915e-12,2.18282968172869e-09,1.4663483242082e-09,"NODAL/EOMES/TBXT/GDF3/DKK1/GATA6/EBF2/WNT3/ERBB4/HEY2/TBX3/WNT5A/GAP43/BMP4/IL23A",15
"BP","GO:0007492","endoderm development","10/86","90/18860",0.111111111111111,24.3669250645995,15.0390648944859,9.6443498772673e-12,2.63290751649397e-09,1.76869480790118e-09,"NODAL/LHX1/EOMES/GDF3/DKK1/DUSP5/GATA6/MIXL1/TGFB1/BMP4",10
"BP","GO:0071772","response to BMP","12/86","192/18860",0.0625,13.7063953488372,11.9771704810894,6.95307902019538e-11,1.55306501387455e-08,1.04329453623601e-08,"CER1/GREM1/FST/LEFTY1/GDF3/DKK1/LEFTY2/GATA6/SMAD7/BAMBI/WNT5A/BMP4",12
"BP","GO:0071773","cellular response to BMP stimulus","12/86","192/18860",0.0625,13.7063953488372,11.9771704810894,6.95307902019538e-11,1.55306501387455e-08,1.04329453623601e-08,"CER1/GREM1/FST/LEFTY1/GDF3/DKK1/LEFTY2/GATA6/SMAD7/BAMBI/WNT5A/BMP4",12
"BP","GO:0048332","mesoderm morphogenesis","9/86","79/18860",0.113924050632911,24.9838092434501,14.4578095559401,8.80651845860975e-11,1.80313465440035e-08,1.21128253886843e-08,"NODAL/EOMES/TBXT/DKK1/ITGA8/WNT3/TBX3/WNT5A/BMP4",9
"BP","GO:0003002","regionalization","16/86","440/18860",0.0363636363636364,7.97463002114165,10.0191954620315,1.27266462747354e-10,2.40533614592499e-08,1.61582035293806e-08,"CER1/NODAL/GREM1/LHX1/EOMES/FOXB1/TBXT/LEFTY1/GDF3/DKK1/LEFTY2/WNT3/HEY2/TBX3/WNT5A/BMP4",16
"BP","GO:0003007","heart morphogenesis","13/86","278/18860",0.0467625899280576,10.2551447214322,10.5217876669355,3.9082663676756e-10,6.85900747527068e-08,4.60764034925966e-08,"NODAL/HAS2/PIM1/TBXT/LEFTY1/DKK1/GATA6/SMAD7/HEY2/TBX3/WNT5A/TGFB1/BMP4",13
"BP","GO:0141091","transforming growth factor beta receptor superfamily signaling pathway","15/86","411/18860",0.0364963503649635,8.0037345102699,9.7161524313895,4.8976252598007e-10,8.02231017555355e-08,5.38910625078421e-08,"CER1/NODAL/GREM1/FST/LEFTY1/GDF3/DKK1/LEFTY2/PMEPA1/SMAD7/ITGA8/BAMBI/WNT5A/TGFB1/BMP4",15
"BP","GO:0030509","BMP signaling pathway","11/86","179/18860",0.0614525139664804,13.4766792256723,11.3515616972296,5.45739430027994e-10,8.38051112236739e-08,5.6297330676572e-08,"CER1/GREM1/FST/LEFTY1/GDF3/DKK1/LEFTY2/SMAD7/BAMBI/WNT5A/BMP4",11
"BP","GO:0090009","primitive streak formation","5/86","11/18860",0.454545454545455,99.6828752642706,22.157672001781,7.9233440750913e-10,1.14515625838231e-07,7.69275759117223e-08,"NODAL/LHX1/TBXT/GDF3/WNT5A",5
"BP","GO:0007178","cell surface receptor protein serine/threonine kinase signaling pathway","15/86","446/18860",0.0336322869955157,7.37563875273751,9.22246914216526,1.50219520049581e-09,2.05049644867679e-07,1.37745150548388e-07,"CER1/NODAL/GREM1/FST/LEFTY1/GDF3/DKK1/LEFTY2/PMEPA1/SMAD7/ITGA8/BAMBI/WNT5A/TGFB1/BMP4",15
"BP","GO:0001707","mesoderm formation","8/86","77/18860",0.103896103896104,22.7846572032619,12.9641415076645,2.18411331286252e-09,2.6831832048516e-07,1.80246824977286e-07,"NODAL/EOMES/TBXT/DKK1/ITGA8/WNT3/WNT5A/BMP4",8
"BP","GO:0030514","negative regulation of BMP signaling pathway","8/86","77/18860",0.103896103896104,22.7846572032619,12.9641415076645,2.18411331286252e-09,2.6831832048516e-07,1.80246824977286e-07,"CER1/GREM1/GDF3/DKK1/SMAD7/BAMBI/WNT5A/BMP4",8
"BP","GO:0090092","regulation of transmembrane receptor protein serine/threonine kinase signaling pathway","13/86","331/18860",0.0392749244712991,8.61308227358955,9.45755070849974,3.26271193606098e-09,3.81737296519134e-07,2.56437710062337e-07,"CER1/NODAL/GREM1/FST/GDF3/DKK1/PMEPA1/SMAD7/ITGA8/BAMBI/WNT5A/TGFB1/BMP4",13
"BP","GO:0030510","regulation of BMP signaling pathway","9/86","124/18860",0.0725806451612903,15.917104276069,11.2794280543617,5.14346677467827e-09,5.74431721153841e-07,3.85883057545241e-07,"CER1/GREM1/FST/GDF3/DKK1/SMAD7/BAMBI/WNT5A/BMP4",9
"BP","GO:0060485","mesenchyme development","13/86","347/18860",0.037463976945245,8.21593726962,9.18225258261257,5.74987039092885e-09,6.10569735000617e-07,4.10159306163258e-07,"NODAL/HAS2/GREM1/EOMES/DKK1/SMAD7/ERBB4/HEY2/BAMBI/TBX3/WNT5A/TGFB1/BMP4",13
"BP","GO:0035051","cardiocyte differentiation","10/86","172/18860",0.0581395348837209,12.7501352082207,10.4774554740378,5.96405113553716e-09,6.10569735000617e-07,4.10159306163258e-07,"GREM1/EOMES/TBXT/DKK1/GATA6/HEY2/TBX3/PDGFRA/TGFB1/BMP4",10
"BP","GO:0048705","skeletal system morphogenesis","11/86","232/18860",0.0474137931034483,10.3979550922213,9.74819913595977,8.37698953682115e-09,8.23290531678782e-07,5.53057667104655e-07,"CER1/NODAL/HAS2/FGF4/GREM1/LHX1/SP5/PDGFRA/TGFB1/FREM1/BMP4",11
"BP","GO:0001706","endoderm formation","7/86","62/18860",0.112903225806452,24.7599399849963,12.682810706228,1.28359805673774e-08,1.21300016361716e-06,8.14850912131486e-07,"NODAL/LHX1/EOMES/DKK1/DUSP5/GATA6/MIXL1",7
"BP","GO:0060537","muscle tissue development","14/86","453/18860",0.0309050772626932,6.77755531598131,8.42426182475744,1.63199460654013e-08,1.48511509195151e-06,9.97648164933691e-07,"GREM1/PIM1/EOMES/DKK1/GATA6/SMAD7/MYORG/ITGA8/ERBB4/HEY2/TBX3/PDGFRA/TGFB1/BMP4",14
"BP","GO:0001837","epithelial to mesenchymal transition","10/86","195/18860",0.0512820512820513,11.2462731067382,9.73418027782448,1.98474995900951e-08,1.74161808903084e-06,1.16995787057403e-06,"HAS2/GREM1/EOMES/SMAD7/HEY2/BAMBI/TBX3/WNT5A/TGFB1/BMP4",10
"BP","GO:0048738","cardiac muscle tissue development","11/86","255/18860",0.0431372549019608,9.46010031919745,9.20578684984842,2.22608810477487e-08,1.88603395635581e-06,1.26697137868856e-06,"GREM1/PIM1/DKK1/GATA6/SMAD7/ERBB4/HEY2/TBX3/PDGFRA/TGFB1/BMP4",11
"BP","GO:0001822","kidney development","12/86","323/18860",0.0371517027863777,8.14745482036144,8.76926317950752,2.55655331225736e-08,2.09381716273878e-06,1.4065528398665e-06,"CER1/HAS2/GREM1/LHX1/CYP26A1/SMAD7/ITGA8/ERBB4/PDGFRA/WNT5A/TGFB1/BMP4",12
"BP","GO:0090101","negative regulation of transmembrane receptor protein serine/threonine kinase signaling pathway","10/86","208/18860",0.0480769230769231,10.5433810375671,9.36701848785969,3.66155855486339e-08,2.83755345233807e-06,1.90616876090487e-06,"CER1/GREM1/FST/GDF3/DKK1/PMEPA1/SMAD7/BAMBI/WNT5A/BMP4",10
"BP","GO:0072001","renal system development","12/86","334/18860",0.0359281437125748,7.87912546999025,8.58510840444282,3.69563331195842e-08,2.83755345233807e-06,1.90616876090487e-06,"CER1/HAS2/GREM1/LHX1/CYP26A1/SMAD7/ITGA8/ERBB4/PDGFRA/WNT5A/TGFB1/BMP4",12
"BP","GO:1904888","cranial skeletal system development","7/86","73/18860",0.0958904109589041,21.0289901242434,11.6043792523255,4.08435317284227e-08,3.04098658959802e-06,2.04282799841042e-06,"NODAL/FGF4/LHX1/PDGFRA/TGFB1/FREM1/BMP4",7
"BP","GO:0061180","mammary gland epithelium development","7/86","74/18860",0.0945945945945946,20.7448145820239,11.5181282448906,4.4945506936971e-08,3.24797383953346e-06,2.18187476399909e-06,"FOXB1/LBH/WNT3/ERBB4/TBX3/WNT5A/TGFB1",7
"BP","GO:0048762","mesenchymal cell differentiation","11/86","278/18860",0.039568345323741,8.67743014890413,8.72814983297181,5.38708785018536e-08,3.78173567083012e-06,2.54043721777162e-06,"HAS2/GREM1/EOMES/SMAD7/ERBB4/HEY2/BAMBI/TBX3/WNT5A/TGFB1/BMP4",11
"BP","GO:0009880","embryonic pattern specification","7/86","78/18860",0.0897435897435897,19.6809779367919,11.1893830091406,6.50214452140381e-08,4.4377136358581e-06,2.98110017823426e-06,"NODAL/LHX1/TBXT/GDF3/ERBB4/TBX3/WNT5A",7
"BP","GO:0014706","striated muscle tissue development","13/86","430/18860",0.0302325581395349,6.63007030827474,7.99310517677707,7.21803797528046e-08,4.7931673798011e-06,3.2198815206941e-06,"GREM1/PIM1/EOMES/DKK1/GATA6/SMAD7/MYORG/ERBB4/HEY2/TBX3/PDGFRA/TGFB1/BMP4",13
"BP","GO:0060390","regulation of SMAD protein signal transduction","7/86","84/18860",0.0833333333333333,18.2751937984496,10.7396760600104,1.0904727344098e-07,7.05076712748651e-06,4.73645774945862e-06,"NODAL/GREM1/DKK1/PMEPA1/SMAD7/TGFB1/BMP4",7
"BP","GO:0048732","gland development","13/86","454/18860",0.0286343612334802,6.27958201003996,7.70686775887334,1.3529352982502e-07,8.52349237897629e-06,5.72578285467293e-06,"NODAL/SERPINE2/FOXB1/SLC7A5/GATA6/LBH/WNT3/ERBB4/TBX3/PDGFRA/WNT5A/TGFB1/BMP4",13
"BP","GO:0001702","gastrulation with mouth forming second","5/86","28/18860",0.178571428571429,39.1611295681063,13.6767265359876,1.58589694558398e-07,9.7413719882496e-06,6.54391160704126e-06,"NODAL/LHX1/TBXT/GDF3/WNT5A",5
"BP","GO:0090287","regulation of cellular response to growth factor stimulus","12/86","385/18860",0.0311688311688312,6.83539716097856,7.8295844015327,1.73279908007782e-07,1.03841154628078e-05,6.97568410157132e-06,"CER1/FGF4/GREM1/FST/GDF3/DKK1/PMEPA1/SMAD7/ITGA8/BAMBI/WNT5A/BMP4",12
"BP","GO:0060688","regulation of morphogenesis of a branching structure","6/86","55/18860",0.109090909090909,23.923890063425,11.5229357945628,1.82571155645099e-07,1.06804126052383e-05,7.17472611657933e-06,"GREM1/LHX1/BCL11A/WNT5A/TGFB1/BMP4",6
"BP","GO:0055007","cardiac muscle cell differentiation","8/86","137/18860",0.0583941605839416,12.8059752164318,9.38651938170159,2.07967574514405e-07,1.18831704786487e-05,7.98269661783568e-06,"GREM1/DKK1/GATA6/HEY2/TBX3/PDGFRA/TGFB1/BMP4",8
"BP","GO:0030879","mammary gland development","8/86","142/18860",0.0563380281690141,12.355060596135,9.19250883622241,2.74018501563317e-07,1.53014422350243e-05,1.02789715418967e-05,"FOXB1/LBH/WNT3/ERBB4/TBX3/WNT5A/TGFB1/BMP4",8
"BP","GO:0090288","negative regulation of cellular response to growth factor stimulus","8/86","144/18860",0.0555555555555556,12.1834625322997,9.1176131992542,3.05074379318738e-07,1.66570611108031e-05,1.11896286964159e-05,"CER1/GREM1/GDF3/DKK1/SMAD7/BAMBI/WNT5A/BMP4",8
"BP","GO:0048863","stem cell differentiation","10/86","265/18860",0.0377358490566038,8.27555945590171,8.07274787277072,3.50788846860465e-07,1.86024790453161e-05,1.24964921462013e-05,"GREM1/EOMES/TBXT/GATA6/LBH/WNT3/ERBB4/TBX3/PDGFRA/BMP4",10
"BP","GO:0060349","bone morphogenesis","7/86","100/18860",0.07,15.3511627906977,9.73869630670816,3.6341839404769e-07,1.86024790453161e-05,1.24964921462013e-05,"CER1/HAS2/FGF4/SP5/TGFB1/FREM1/BMP4",7
"BP","GO:0060395","SMAD protein signal transduction","7/86","100/18860",0.07,15.3511627906977,9.73869630670816,3.6341839404769e-07,1.86024790453161e-05,1.24964921462013e-05,"NODAL/GREM1/DKK1/PMEPA1/SMAD7/TGFB1/BMP4",7
"BP","GO:0060795","cell fate commitment involved in formation of primary germ layer","5/86","34/18860",0.147058823529412,32.250341997264,12.3436999106768,4.39463725060579e-07,2.20359667851805e-05,1.48029886336195e-05,"NODAL/EOMES/DKK1/GATA6/BMP4",5
"BP","GO:0035282","segmentation","7/86","105/18860",0.0666666666666667,14.6201550387597,9.47214451956481,5.07343062423481e-07,2.49308380874899e-05,1.67476615132636e-05,"LHX1/FOXB1/TBXT/GDF3/DKK1/TBX3/WNT5A",7
"BP","GO:0001756","somitogenesis","6/86","67/18860",0.0895522388059701,19.6390142311697,10.3440934056784,6.01650808671823e-07,2.89854124883661e-05,1.9471382208409e-05,"LHX1/FOXB1/TBXT/GDF3/DKK1/WNT5A",6
"BP","GO:0097094","craniofacial suture morphogenesis","4/86","18/18860",0.222222222222222,48.733850129199,13.7129018370665,1.17433507914743e-06,5.54873324897163e-05,3.72744413786068e-05,"FGF4/TGFB1/FREM1/BMP4",4
"BP","GO:0000578","embryonic axis specification","5/86","43/18860",0.116279069767442,25.5002704164413,10.8857927640199,1.47208466104389e-06,6.82436228714121e-05,4.58436692853391e-05,"LHX1/TBXT/GDF3/TBX3/WNT5A",5
"BP","GO:0051145","smooth muscle cell differentiation","6/86","80/18860",0.075,16.4476744186047,9.37109749353257,1.72802631025127e-06,7.8625197116433e-05,5.28176462860428e-05,"GATA6/ITGA8/HEY2/TBX3/TGFB1/BMP4",6
"BP","GO:0030326","embryonic limb morphogenesis","7/86","129/18860",0.0542635658914729,11.9001261943393,8.40767756798479,2.04017675676766e-06,8.95127552031811e-05,6.01315254626258e-05,"FGF4/GREM1/DKK1/WNT3/TBX3/WNT5A/BMP4",7
"BP","GO:0035113","embryonic appendage morphogenesis","7/86","129/18860",0.0542635658914729,11.9001261943393,8.40767756798479,2.04017675676766e-06,8.95127552031811e-05,6.01315254626258e-05,"FGF4/GREM1/DKK1/WNT3/TBX3/WNT5A/BMP4",7
"BP","GO:0090189","regulation of branching involved in ureteric bud morphogenesis","4/86","21/18860",0.19047619047619,41.7718715393134,12.6523594213853,2.27300875044542e-06,9.7590917651939e-05,6.55581513091448e-05,"GREM1/LHX1/TGFB1/BMP4",4
"BP","GO:2000027","regulation of animal organ morphogenesis","6/86","84/18860",0.0714285714285714,15.6644518272425,9.11662491661002,2.30373350582518e-06,9.7590917651939e-05,6.55581513091448e-05,"GREM1/LHX1/DKK1/WNT5A/TGFB1/BMP4",6
"BP","GO:0061053","somite development","6/86","85/18860",0.0705882352941176,15.4801641586867,9.05572289264852,2.4697083314873e-06,0.00010284870119431,6.90901456515983e-05,"LHX1/FOXB1/TBXT/GDF3/DKK1/WNT5A",6
"BP","GO:0048565","digestive tract development","7/86","141/18860",0.049645390070922,10.8873494969487,7.97587371694175,3.69133269915435e-06,0.000151160074030371,0.000101544029338141,"NODAL/DACT1/GATA6/MIXL1/PDGFRA/WNT5A/TGFB1",7
"BP","GO:0035987","endodermal cell differentiation","5/86","53/18860",0.0943396226415094,20.6888986397543,9.71470785483343,4.23434159038533e-06,0.000170553726025848,0.000114572003688079,"NODAL/EOMES/DKK1/GATA6/MIXL1",5
"BP","GO:0001657","ureteric bud development","6/86","98/18860",0.0612244897959184,13.4266729947793,8.34753966304695,5.66982637000999e-06,0.000224689732114751,0.000150938671446106,"CER1/GREM1/LHX1/SMAD7/TGFB1/BMP4",6
"BP","GO:0072163","mesonephric epithelium development","6/86","99/18860",0.0606060606060606,13.2910500352361,8.29867470609279,6.01373637288425e-06,0.00023087109794026,0.000155091095932278,"CER1/GREM1/LHX1/SMAD7/TGFB1/BMP4",6
"BP","GO:0072164","mesonephric tubule development","6/86","99/18860",0.0606060606060606,13.2910500352361,8.29867470609279,6.01373637288425e-06,0.00023087109794026,0.000155091095932278,"CER1/GREM1/LHX1/SMAD7/TGFB1/BMP4",6
"BP","GO:0032102","negative regulation of response to external stimulus","11/86","452/18860",0.0243362831858407,5.33700349866228,6.316635782579,6.44201871988293e-06,0.000243508307611575,0.000163580329599618,"SERPINE2/SLC39A8/GREM1/PIM1/PHLDB2/KLKB1/WNT3/SERPINB9/PDGFRA/WNT5A/TGFB1",11
"BP","GO:0055123","digestive system development","7/86","155/18860",0.0451612903225806,9.9039759939985,7.5335751065184,6.89768321892527e-06,0.000256781934377263,0.000172497085921449,"NODAL/DACT1/GATA6/MIXL1/PDGFRA/WNT5A/TGFB1",7
"BP","GO:0060348","bone development","8/86","220/18860",0.0363636363636364,7.97463002114165,7.04270845375456,7.33409527628928e-06,0.000262624142152086,0.000176421675939623,"CER1/HAS2/FGF4/GREM1/SP5/TGFB1/FREM1/BMP4",8
"BP","GO:0035107","appendage morphogenesis","7/86","157/18860",0.0445859872611465,9.77781069471189,7.47498884427805,7.50354518527112e-06,0.000262624142152086,0.000176421675939623,"FGF4/GREM1/DKK1/WNT3/TBX3/WNT5A/BMP4",7
"BP","GO:0035108","limb morphogenesis","7/86","157/18860",0.0445859872611465,9.77781069471189,7.47498884427805,7.50354518527112e-06,0.000262624142152086,0.000176421675939623,"FGF4/GREM1/DKK1/WNT3/TBX3/WNT5A/BMP4",7
"BP","GO:0001823","mesonephros development","6/86","103/18860",0.058252427184466,12.7748927523143,8.11005935056844,7.56308223343317e-06,0.000262624142152086,0.000176421675939623,"CER1/GREM1/LHX1/SMAD7/TGFB1/BMP4",6
"BP","GO:0045662","negative regulation of myoblast differentiation","4/86","28/18860",0.142857142857143,31.328903654485,10.8697023938563,7.58905742482625e-06,0.000262624142152086,0.000176421675939623,"GDF3/TBX3/TGFB1/BMP4",4
"BP","GO:0035116","embryonic hindlimb morphogenesis","4/86","29/18860",0.137931034482759,30.2485966319166,10.6683557543517,8.77275555517899e-06,0.000299370283320483,0.000201106443136267,"FGF4/WNT3/TBX3/BMP4",4
"BP","GO:0048568","embryonic organ development","11/86","472/18860",0.0233050847457627,5.11085928261726,6.12162203689741,9.68535053343923e-06,0.000325985017269318,0.000218985286754617,"NODAL/LHX1/EOMES/GDF3/ITGA8/HEY2/TBX3/PDGFRA/WNT5A/TGFB1/BMP4",11
"BP","GO:0060045","positive regulation of cardiac muscle cell proliferation","4/86","32/18860",0.125,27.4127906976744,10.120858041957,1.31445391587377e-05,0.000436434225851602,0.000293181186357052,"PIM1/GATA6/ERBB4/HEY2",4
"BP","GO:0003279","cardiac septum development","6/86","114/18860",0.0526315789473684,11.5422276621787,7.64118402609047,1.35542278284646e-05,0.00043819391808602,0.000294363285803774,"GATA6/SMAD7/HEY2/TBX3/WNT5A/BMP4",6
"BP","GO:0045445","myoblast differentiation","6/86","114/18860",0.0526315789473684,11.5422276621787,7.64118402609047,1.35542278284646e-05,0.00043819391808602,0.000294363285803774,"GREM1/TBXT/GDF3/TBX3/TGFB1/BMP4",6
"BP","GO:0048639","positive regulation of developmental growth","7/86","174/18860",0.0402298850574713,8.82250735097568,7.01604847425801,1.4675339292483e-05,0.000468276735605593,0.000314571866173798,"PIM1/GATA6/SMAD7/WNT3/BCL11A/ERBB4/HEY2",7
"BP","GO:1905207","regulation of cardiocyte differentiation","4/86","33/18860",0.121212121212121,26.5821000704722,9.95480486113568,1.49056919790474e-05,0.000469529297339992,0.000315413293159869,"DKK1/HEY2/TGFB1/BMP4",4
"BP","GO:0051146","striated muscle cell differentiation","9/86","321/18860",0.0280373831775701,6.14866333405781,6.29700455952858,1.56066330603321e-05,0.000473534789279638,0.000318104041981223,"GREM1/DKK1/GATA6/MYORG/HEY2/TBX3/PDGFRA/TGFB1/BMP4",9
"BP","GO:0048645","animal organ formation","5/86","69/18860",0.072463768115942,15.8914728682171,8.38720779253819,1.56611172549246e-05,0.000473534789279638,0.000318104041981223,"PIM1/DKK1/GATA6/WNT5A/BMP4",5
"BP","GO:1905330","regulation of morphogenesis of an epithelium","5/86","69/18860",0.072463768115942,15.8914728682171,8.38720779253819,1.56611172549246e-05,0.000473534789279638,0.000318104041981223,"GREM1/LHX1/WNT5A/TGFB1/BMP4",5
"BP","GO:0003205","cardiac chamber development","7/86","176/18860",0.0397727272727273,8.72225158562368,6.9661929635259,1.58037658611845e-05,0.000473534789279638,0.000318104041981223,"GATA6/SMAD7/HEY2/TBX3/WNT5A/TGFB1/BMP4",7
"BP","GO:0030856","regulation of epithelial cell differentiation","7/86","177/18860",0.0395480225988701,8.67297332807778,6.94156131185665,1.63943360240819e-05,0.000485311850736978,0.000326015458284849,"NODAL/LHX1/FST/GDF3/HEY2/TBX3/BMP4",7
"BP","GO:0060914","heart formation","4/86","34/18860",0.117647058823529,25.8002735978112,9.79596111366922,1.68345224129123e-05,0.000492409780577685,0.000330783598288803,"PIM1/DKK1/WNT5A/BMP4",4
"BP","GO:0048333","mesodermal cell differentiation","4/86","35/18860",0.114285714285714,25.063122923588,9.64381051146386,1.89407994562949e-05,0.000547500520754314,0.000367791622878891,"NODAL/DKK1/ITGA8/BMP4",4
"BP","GO:0003163","sinoatrial node development","3/86","12/18860",0.25,54.8255813953488,12.6234151471257,1.95500646437653e-05,0.000552120791146337,0.000370895358274942,"GATA6/TBX3/BMP4",3
"BP","GO:0051798","positive regulation of hair follicle development","3/86","12/18860",0.25,54.8255813953488,12.6234151471257,1.95500646437653e-05,0.000552120791146337,0.000370895358274942,"GAL/FST/WNT5A",3
"BP","GO:0030900","forebrain development","10/86","419/18860",0.0238663484486874,5.23394571793306,5.93185071091583,2.06829552365646e-05,0.000575877487997885,0.00038685427293905,"TUBB2A/LHX1/EOMES/FOXB1/DKK1/ERBB4/CCDC141/TBX3/WNT5A/BMP4",10
"BP","GO:0060070","canonical Wnt signaling pathway","9/86","333/18860",0.027027027027027,5.92708988057825,6.13960173163453,2.08600311077785e-05,0.000575877487997885,0.00038685427293905,"DACT1/GREM1/DKK1/SMAD7/WNT3/BAMBI/FRAT2/WNT5A/TGFB1",9
"BP","GO:0035137","hindlimb morphogenesis","4/86","36/18860",0.111111111111111,24.3669250645995,9.49788721707411,2.12345050868464e-05,0.000579701988870908,0.000389423438317839,"FGF4/WNT3/TBX3/BMP4",4
"BP","GO:0001667","ameboidal-type cell migration","8/86","256/18860",0.03125,6.8531976744186,6.38175544685611,2.19915033632821e-05,0.000593770590808617,0.000398874231042526,"CER1/NODAL/HAS2/MIXL1/ERBB4/WNT5A/TGFB1/BMP4",8
"BP","GO:0003161","cardiac conduction system development","4/86","37/18860",0.108108108108108,23.708359522313,9.35776967195937,2.37258293688731e-05,0.000626821104938937,0.000421076405776944,"GATA6/HEY2/TBX3/BMP4",4
"BP","GO:0090183","regulation of kidney development","4/86","37/18860",0.108108108108108,23.708359522313,9.35776967195937,2.37258293688731e-05,0.000626821104938937,0.000421076405776944,"GREM1/LHX1/TGFB1/BMP4",4
"BP","GO:0061035","regulation of cartilage development","5/86","76/18860",0.0657894736842105,14.4277845777234,7.93866125202437,2.51093784807113e-05,0.000655147931238313,0.000440105372911628,"GREM1/SMAD7/WNT5A/TGFB1/BMP4",5
"BP","GO:0036302","atrioventricular canal development","3/86","13/18860",0.230769230769231,50.608228980322,12.1097292406608,2.53313200926495e-05,0.000655147931238313,0.000440105372911628,"HAS2/GATA6/TBX3",3
"BP","GO:0030278","regulation of ossification","6/86","128/18860",0.046875,10.2797965116279,7.12986837605138,2.6198959168342e-05,0.000657428483372472,0.00044163736774759,"GREM1/DKK1/SMAD7/WNT5A/TGFB1/BMP4",6
"BP","GO:0055023","positive regulation of cardiac muscle tissue growth","4/86","38/18860",0.105263157894737,23.0844553243574,9.22307532346956,2.64251656153144e-05,0.000657428483372472,0.00044163736774759,"PIM1/GATA6/ERBB4/HEY2",4
"BP","GO:1905332","positive regulation of morphogenesis of an epithelium","4/86","38/18860",0.105263157894737,23.0844553243574,9.22307532346956,2.64251656153144e-05,0.000657428483372472,0.00044163736774759,"GREM1/LHX1/TGFB1/BMP4",4
"BP","GO:0003281","ventricular septum development","5/86","77/18860",0.0649350649350649,14.2404107520387,7.87942435850359,2.67573660306257e-05,0.000657428483372472,0.00044163736774759,"SMAD7/HEY2/TBX3/WNT5A/BMP4",5
"BP","GO:0060411","cardiac septum morphogenesis","5/86","77/18860",0.0649350649350649,14.2404107520387,7.87942435850359,2.67573660306257e-05,0.000657428483372472,0.00044163736774759,"GATA6/SMAD7/HEY2/TBX3/BMP4",5
"BP","GO:0072089","stem cell proliferation","6/86","131/18860",0.0458015267175573,10.0443813243387,7.03051868279001,2.98623644797406e-05,0.000726453757690324,0.000488006123024839,"FGF4/PIM1/WNT3/TBX3/WNT5A/TGFB1",6
"BP","GO:0048736","appendage development","7/86","196/18860",0.0357142857142857,7.83222591362126,6.50755788924722,3.15909817066268e-05,0.000733166922886969,0.000492515791652965,"FGF4/GREM1/DKK1/WNT3/TBX3/WNT5A/BMP4",7
"BP","GO:0060173","limb development","7/86","196/18860",0.0357142857142857,7.83222591362126,6.50755788924722,3.15909817066268e-05,0.000733166922886969,0.000492515791652965,"FGF4/GREM1/DKK1/WNT3/TBX3/WNT5A/BMP4",7
"BP","GO:0042692","muscle cell differentiation","10/86","441/18860",0.0226757369614512,4.97284184991826,5.7137034620519,3.19844393535445e-05,0.000733166922886969,0.000492515791652965,"GREM1/DKK1/GATA6/MYORG/ITGA8/HEY2/TBX3/PDGFRA/TGFB1/BMP4",10
"BP","GO:0042074","cell migration involved in gastrulation","3/86","14/18860",0.214285714285714,46.9933554817276,11.6514417575228,3.21336238311619e-05,0.000733166922886969,0.000492515791652965,"CER1/NODAL/MIXL1",3
"BP","GO:0072028","nephron morphogenesis","5/86","80/18860",0.0625,13.7063953488372,7.70814210467273,3.22097461399098e-05,0.000733166922886969,0.000492515791652965,"GREM1/LHX1/ERBB4/TGFB1/BMP4",5
"BP","GO:0060323","head morphogenesis","4/86","40/18860",0.1,21.9302325581395,8.96859451095965,3.24904348632976e-05,0.000733166922886969,0.000492515791652965,"DKK1/WNT3/PDGFRA/TGFB1",4
"BP","GO:0072210","metanephric nephron development","4/86","40/18860",0.1,21.9302325581395,8.96859451095965,3.24904348632976e-05,0.000733166922886969,0.000492515791652965,"GREM1/LHX1/PDGFRA/BMP4",4
"BP","GO:0003231","cardiac ventricle development","6/86","133/18860",0.0451127819548872,9.89333799615317,6.96605120659617,3.25255167255513e-05,0.000733166922886969,0.000492515791652965,"SMAD7/HEY2/TBX3/WNT5A/TGFB1/BMP4",6
"BP","GO:0003206","cardiac chamber morphogenesis","6/86","134/18860",0.0447761194029851,9.81950711558487,6.93432757522364,3.39268452886261e-05,0.000757802353401403,0.000509065008732686,"GATA6/SMAD7/HEY2/TBX3/TGFB1/BMP4",6
"BP","GO:0060392","negative regulation of SMAD protein signal transduction","4/86","42/18860",0.0952380952380952,20.8859357696567,8.73200738928359,3.95173440057436e-05,0.000866911734126,0.000582360859032011,"GREM1/DKK1/PMEPA1/SMAD7",4
"BP","GO:0060421","positive regulation of heart growth","4/86","42/18860",0.0952380952380952,20.8859357696567,8.73200738928359,3.95173440057436e-05,0.000866911734126,0.000582360859032011,"PIM1/GATA6/ERBB4/HEY2",4
"BP","GO:0001711","endodermal cell fate commitment","3/86","15/18860",0.2,43.8604651162791,11.239178983344,4.00346936896641e-05,0.000870488870756678,0.000584763853799658,"EOMES/DKK1/GATA6",3
"BP","GO:0048701","embryonic cranial skeleton morphogenesis","4/86","43/18860",0.0930232558139535,20.4002163331531,8.61977157762868,4.34194218872514e-05,0.000935802803306814,0.000628639460011175,"NODAL/LHX1/PDGFRA/BMP4",4
"BP","GO:0021537","telencephalon development","8/86","291/18860",0.0274914089347079,6.02892991289059,5.85137549363592,5.46189703674891e-05,0.00115947745132493,0.000778896233608592,"TUBB2A/LHX1/EOMES/FOXB1/ERBB4/CCDC141/WNT5A/BMP4",8
"BP","GO:0001763","morphogenesis of a branching structure","7/86","214/18860",0.0327102803738318,7.17344055640078,6.14711682016543,5.52132119678539e-05,0.00115947745132493,0.000778896233608592,"GREM1/LHX1/BCL11A/TBX3/WNT5A/TGFB1/BMP4",7
"BP","GO:0050920","regulation of chemotaxis","7/86","214/18860",0.0327102803738318,7.17344055640078,6.14711682016543,5.52132119678539e-05,0.00115947745132493,0.000778896233608592,"FGF4/GREM1/WNT3/PDGFRA/WNT5A/TGFB1/IL23A",7
"BP","GO:0030279","negative regulation of ossification","4/86","46/18860",0.0869565217391304,19.0697674418605,8.30464473233829,5.681882031054e-05,0.00117314152523527,0.000788075278610586,"GREM1/DKK1/SMAD7/TGFB1",4
"BP","GO:0060412","ventricular septum morphogenesis","4/86","46/18860",0.0869565217391304,19.0697674418605,8.30464473233829,5.681882031054e-05,0.00117314152523527,0.000788075278610586,"SMAD7/HEY2/TBX3/BMP4",4
"BP","GO:0051216","cartilage development","7/86","216/18860",0.0324074074074074,7.10701981050818,6.10965667642987,5.85525731348348e-05,0.00117758726291229,0.000791061769057887,"CER1/FGF4/GREM1/SMAD7/WNT5A/TGFB1/BMP4",7
"BP","GO:0009799","specification of symmetry","6/86","148/18860",0.0405405405405405,8.89063482086738,6.52248136651901,5.91774000059956e-05,0.00117758726291229,0.000791061769057887,"CER1/NODAL/GREM1/LEFTY1/TBX3/WNT5A",6
"BP","GO:0009855","determination of bilateral symmetry","6/86","148/18860",0.0405405405405405,8.89063482086738,6.52248136651901,5.91774000059956e-05,0.00117758726291229,0.000791061769057887,"CER1/NODAL/GREM1/LEFTY1/TBX3/WNT5A",6
"BP","GO:0032926","negative regulation of activin receptor signaling pathway","3/86","17/18860",0.176470588235294,38.7004103967168,10.5250862535931,5.94385750582448e-05,0.00117758726291229,0.000791061769057887,"CER1/FST/SMAD7",3
"BP","GO:1904948","midbrain dopaminergic neuron differentiation","3/86","17/18860",0.176470588235294,38.7004103967168,10.5250862535931,5.94385750582448e-05,0.00117758726291229,0.000791061769057887,"DKK1/WNT3/WNT5A",3
"BP","GO:0042475","odontogenesis of dentin-containing tooth","5/86","91/18860",0.0549450549450549,12.0495783286481,7.15115156870177,5.99098119104745e-05,0.00117758726291229,0.000791061769057887,"FGF4/FST/PDGFRA/TGFB1/BMP4",5
"BP","GO:0048806","genitalia development","4/86","47/18860",0.0851063829787234,18.6640277090549,8.2061563580494,6.18891763983482e-05,0.00120683893976779,0.000810712018317543,"LHX1/TBX3/PDGFRA/WNT5A",4
"BP","GO:0001656","metanephros development","5/86","92/18860",0.0543478260869565,11.9186046511628,7.10529651501735,6.31273001149671e-05,0.00121174825298808,0.000814009922535102,"GREM1/LHX1/ITGA8/PDGFRA/BMP4",5
"BP","GO:0009953","dorsal/ventral pattern formation","5/86","92/18860",0.0543478260869565,11.9186046511628,7.10529651501735,6.31273001149671e-05,0.00121174825298808,0.000814009922535102,"CER1/GREM1/LHX1/WNT3/BMP4",5
"BP","GO:0072073","kidney epithelium development","6/86","151/18860",0.0397350993377483,8.71399969197597,6.44129148368014,6.61637529591319e-05,0.00126018869008207,0.000846550507057681,"CER1/GREM1/LHX1/SMAD7/TGFB1/BMP4",6
"BP","GO:0060043","regulation of cardiac muscle cell proliferation","4/86","48/18860",0.0833333333333333,18.2751937984496,8.11066027619814,6.72816316570362e-05,0.00127162283831798,0.00085423156630148,"PIM1/GATA6/ERBB4/HEY2",4
"BP","GO:0050679","positive regulation of epithelial cell proliferation","7/86","222/18860",0.0315315315315315,6.91493819400796,6.0000821094756,6.95771777546432e-05,0.00128435019443997,0.000862781357188643,"NODAL/HAS2/PPP1R16B/ERBB4/WNT5A/TGFB1/BMP4",7
"BP","GO:0001710","mesodermal cell fate commitment","3/86","18/18860",0.166666666666667,36.5503875968992,10.2128567896044,7.10914230540642e-05,0.00128435019443997,0.000862781357188643,"NODAL/DKK1/BMP4",3
"BP","GO:0003128","heart field specification","3/86","18/18860",0.166666666666667,36.5503875968992,10.2128567896044,7.10914230540642e-05,0.00128435019443997,0.000862781357188643,"DKK1/WNT5A/BMP4",3
"BP","GO:0010002","cardioblast differentiation","3/86","18/18860",0.166666666666667,36.5503875968992,10.2128567896044,7.10914230540642e-05,0.00128435019443997,0.000862781357188643,"GREM1/EOMES/TBXT",3
"BP","GO:0060644","mammary gland epithelial cell differentiation","3/86","18/18860",0.166666666666667,36.5503875968992,10.2128567896044,7.10914230540642e-05,0.00128435019443997,0.000862781357188643,"FOXB1/LBH/ERBB4",3
"BP","GO:0090190","positive regulation of branching involved in ureteric bud morphogenesis","3/86","18/18860",0.166666666666667,36.5503875968992,10.2128567896044,7.10914230540642e-05,0.00128435019443997,0.000862781357188643,"GREM1/LHX1/TGFB1",3
"BP","GO:0010453","regulation of cell fate commitment","4/86","49/18860",0.0816326530612245,17.9022306597057,8.01800405422584,7.30085116340849e-05,0.00129986893539816,0.000873206302381733,"GDF3/DKK1/BMP4/IL23A",4
"BP","GO:0060443","mammary gland morphogenesis","4/86","49/18860",0.0816326530612245,17.9022306597057,8.01800405422584,7.30085116340849e-05,0.00129986893539816,0.000873206302381733,"TBX3/WNT5A/TGFB1/BMP4",4
"BP","GO:0072091","regulation of stem cell proliferation","5/86","95/18860",0.0526315789473684,11.5422276621787,6.97188248250324,7.35849676432432e-05,0.0013007069460392,0.000873769248501365,"FGF4/PIM1/TBX3/WNT5A/TGFB1",5
"BP","GO:0030177","positive regulation of Wnt signaling pathway","6/86","156/18860",0.0384615384615385,8.43470483005367,6.31086561603953,7.92594724814369e-05,0.00138399305685285,0.00092971793292859,"DACT1/DKK1/WNT3/BAMBI/WNT5A/TGFB1",6
"BP","GO:0061448","connective tissue development","8/86","307/18860",0.0260586319218241,5.71471858192561,5.6370000632448,7.94232889769035e-05,0.00138399305685285,0.00092971793292859,"CER1/FGF4/GREM1/EBF2/SMAD7/WNT5A/TGFB1/BMP4",8
"BP","GO:0030540","female genitalia development","3/86","19/18860",0.157894736842105,34.6266829865361,9.92519400209052,8.41431292157126e-05,0.00145591315833103,0.000978031331432449,"LHX1/TBX3/WNT5A",3
"BP","GO:0060993","kidney morphogenesis","5/86","98/18860",0.0510204081632653,11.1888941623161,6.84432576428568,8.53295729617006e-05,0.00145910977298794,0.00098017870490118,"GREM1/LHX1/ERBB4/TGFB1/BMP4",5
"BP","GO:0010171","body morphogenesis","4/86","51/18860",0.0784313725490196,17.2001823985408,7.84065398082822,8.55155910908683e-05,0.00145910977298794,0.00098017870490118,"DKK1/WNT3/PDGFRA/TGFB1",4
"BP","GO:0051896","regulation of phosphatidylinositol 3-kinase/protein kinase B signal transduction","8/86","311/18860",0.0257234726688103,5.64121737829956,5.5857565407626,8.69058553322865e-05,0.00146251840103718,0.00098246850152145,"SERPINE2/PPP1R16B/MYORG/NTS/ERBB4/PDGFRA/WNT5A/TGFB1",8
"BP","GO:0071560","cellular response to transforming growth factor beta stimulus","8/86","311/18860",0.0257234726688103,5.64121737829956,5.5857565407626,8.69058553322865e-05,0.00146251840103718,0.00098246850152145,"NODAL/LEFTY1/PMEPA1/SMAD7/ITGA8/BAMBI/WNT5A/TGFB1",8
"BP","GO:0072006","nephron development","6/86","160/18860",0.0375,8.22383720930233,6.21065332227767,9.1158304094965e-05,0.00152364593987299,0.00102353183545224,"GREM1/LHX1/ERBB4/PDGFRA/TGFB1/BMP4",6
"BP","GO:0051797","regulation of hair follicle development","3/86","20/18860",0.15,32.8953488372093,9.65899750926512,9.86660694225321e-05,0.00161921074312814,0.00108772891426212,"GAL/FST/WNT5A",3
"BP","GO:0003197","endocardial cushion development","4/86","53/18860",0.0754716981132075,16.5511189118034,7.67308419877318,9.95119341523605e-05,0.00161921074312814,0.00108772891426212,"DKK1/HEY2/TBX3/BMP4",4
"BP","GO:0032924","activin receptor signaling pathway","4/86","53/18860",0.0754716981132075,16.5511189118034,7.67308419877318,9.95119341523605e-05,0.00161921074312814,0.00108772891426212,"CER1/NODAL/FST/SMAD7",4
"BP","GO:0048546","digestive tract morphogenesis","4/86","53/18860",0.0754716981132075,16.5511189118034,7.67308419877318,9.95119341523605e-05,0.00161921074312814,0.00108772891426212,"NODAL/DACT1/PDGFRA/WNT5A",4
"BP","GO:0048608","reproductive structure development","8/86","318/18860",0.0251572327044025,5.51703963726781,5.49818466587451,0.000101407668017346,0.00162848784521973,0.00109396094565668,"SERPINE2/LHX1/FST/GATA6/TBX3/PDGFRA/WNT5A/BMP4",8
"BP","GO:0071559","response to transforming growth factor beta","8/86","318/18860",0.0251572327044025,5.51703963726781,5.49818466587451,0.000101407668017346,0.00162848784521973,0.00109396094565668,"NODAL/LEFTY1/PMEPA1/SMAD7/ITGA8/BAMBI/WNT5A/TGFB1",8
"BP","GO:0046622","positive regulation of organ growth","4/86","54/18860",0.0740740740740741,16.244616709733,7.59268395296298,0.00010710090813321,0.00169772213731159,0.00114047011173428,"PIM1/GATA6/ERBB4/HEY2",4
"BP","GO:0060324","face development","4/86","54/18860",0.0740740740740741,16.244616709733,7.59268395296298,0.00010710090813321,0.00169772213731159,0.00114047011173428,"DKK1/PDGFRA/WNT5A/TGFB1",4
"BP","GO:0021915","neural tube development","6/86","165/18860",0.0363636363636364,7.97463002114165,6.09018606570377,0.000107987548789884,0.00170080389344067,0.00114254032727758,"NODAL/DACT1/FOXB1/WNT5A/TGFB1/BMP4",6
"BP","GO:0048754","branching morphogenesis of an epithelial tube","6/86","166/18860",0.036144578313253,7.92659008125525,6.06670057435958,0.000111631881909718,0.00173499254573329,0.00116550706326063,"GREM1/LHX1/TBX3/WNT5A/TGFB1/BMP4",6
"BP","GO:0061458","reproductive system development","8/86","323/18860",0.0247678018575851,5.43163654690763,5.4372064143795,0.000112949772537426,0.00173499254573329,0.00116550706326063,"SERPINE2/LHX1/FST/GATA6/TBX3/PDGFRA/WNT5A/BMP4",8
"BP","GO:0007351","tripartite regional subdivision","3/86","21/18860",0.142857142857143,31.328903654485,9.41168936832116,0.000114731579534547,0.00173499254573329,0.00116550706326063,"TBXT/TBX3/WNT5A",3
"BP","GO:0008595","anterior/posterior axis specification, embryo","3/86","21/18860",0.142857142857143,31.328903654485,9.41168936832116,0.000114731579534547,0.00173499254573329,0.00116550706326063,"TBXT/TBX3/WNT5A",3
"BP","GO:0060602","branch elongation of an epithelium","3/86","21/18860",0.142857142857143,31.328903654485,9.41168936832116,0.000114731579534547,0.00173499254573329,0.00116550706326063,"WNT5A/TGFB1/BMP4",3
"BP","GO:0030857","negative regulation of epithelial cell differentiation","4/86","55/18860",0.0727272727272727,15.9492600422833,7.51440367088016,0.000115101255577748,0.00173499254573329,0.00116550706326063,"NODAL/FST/GDF3/TBX3",4
"BP","GO:2000648","positive regulation of stem cell proliferation","4/86","55/18860",0.0727272727272727,15.9492600422833,7.51440367088016,0.000115101255577748,0.00173499254573329,0.00116550706326063,"FGF4/TBX3/WNT5A/TGFB1",4
"BP","GO:2000725","regulation of cardiac muscle cell differentiation","3/86","22/18860",0.136363636363636,29.9048625792812,9.18110601420827,0.000132409964689865,0.00198372733684755,0.00133259836093523,"DKK1/TGFB1/BMP4",3
"BP","GO:0030198","extracellular matrix organization","8/86","331/18860",0.0241691842900302,5.30035832220895,5.34223267730875,0.000133668825003262,0.00198400998149715,0.00133278823168499,"HAS2/SLC39A8/GREM1/PHLDB2/ITGA8/LOXL1/PDGFRA/TGFB1",8
"BP","GO:0040013","negative regulation of locomotion","9/86","424/18860",0.0212264150943396,4.65500219394471,5.15189934784416,0.000134272559124048,0.00198400998149715,0.00133278823168499,"NODAL/GREM1/PHLDB2/SMAD7/WNT3/ERBB4/WNT5A/TGFB1/BMP4",9
"BP","GO:0032526","response to retinoic acid","5/86","108/18860",0.0462962962962963,10.1528854435831,6.45618931168535,0.000135155532208701,0.00198400998149715,0.00133278823168499,"DKK1/CYP26A1/GATA6/WNT3/WNT5A",5
"BP","GO:0043062","extracellular structure organization","8/86","332/18860",0.0240963855421687,5.2843933875035,5.33057748106477,0.000136466295023613,0.00198400998149715,0.00133278823168499,"HAS2/SLC39A8/GREM1/PHLDB2/ITGA8/LOXL1/PDGFRA/TGFB1",8
"BP","GO:0048638","regulation of developmental growth","8/86","332/18860",0.0240963855421687,5.2843933875035,5.33057748106477,0.000136466295023613,0.00198400998149715,0.00133278823168499,"PIM1/GATA6/SMAD7/WNT3/BCL11A/ERBB4/HEY2/WNT5A",8
"BP","GO:0045229","external encapsulating structure organization","8/86","333/18860",0.024024024024024,5.26852433829178,5.31896921998603,0.000139311987673849,0.00201346796302733,0.00135257706918016,"HAS2/SLC39A8/GREM1/PHLDB2/ITGA8/LOXL1/PDGFRA/TGFB1",8
"BP","GO:0003228","atrial cardiac muscle tissue development","3/86","23/18860",0.130434782608696,28.6046511627907,8.96541632514369,0.000151770508534583,0.00215549213566168,0.00144798392079237,"GATA6/TBX3/BMP4",3
"BP","GO:0072273","metanephric nephron morphogenesis","3/86","23/18860",0.130434782608696,28.6046511627907,8.96541632514369,0.000151770508534583,0.00215549213566168,0.00144798392079237,"GREM1/LHX1/BMP4",3
"BP","GO:2000047","regulation of cell-cell adhesion mediated by cadherin","3/86","23/18860",0.130434782608696,28.6046511627907,8.96541632514369,0.000151770508534583,0.00215549213566168,0.00144798392079237,"SMAD7/WNT5A/TGFB1",3
"BP","GO:0001708","cell fate specification","5/86","112/18860",0.0446428571428571,9.79028239202658,6.31487146548059,0.000160358559586982,0.00226437345347824,0.00152112656643912,"NODAL/EOMES/TBXT/DKK1/TBX3",5
"BP","GO:0002065","columnar/cuboidal epithelial cell differentiation","5/86","113/18860",0.0442477876106195,9.7036427248405,6.2806491942959,0.000167185921039758,0.00234729033139821,0.00157682721317498,"NODAL/FST/GATA6/TGFB1/BMP4",5
"BP","GO:0001658","branching involved in ureteric bud morphogenesis","4/86","61/18860",0.0655737704918033,14.3804803659931,7.08434002593833,0.00017249452376034,0.00238634720349128,0.00160306424825925,"GREM1/LHX1/TGFB1/BMP4",4
"BP","GO:0000395","mRNA 5'-splice site recognition","3/86","24/18860",0.125,27.4127906976744,8.76305866233809,0.000172881482385611,0.00238634720349128,0.00160306424825925,"RNU6ATAC/RNVU1-1/RNVU1-19",3
"BP","GO:0021871","forebrain regionalization","3/86","24/18860",0.125,27.4127906976744,8.76305866233809,0.000172881482385611,0.00238634720349128,0.00160306424825925,"LHX1/EOMES/BMP4",3
"BP","GO:0007179","transforming growth factor beta receptor signaling pathway","7/86","258/18860",0.0271317829457364,5.95006309716964,5.41839818200698,0.000176999641589647,0.00242954256640091,0.00163208137613976,"NODAL/LEFTY1/PMEPA1/SMAD7/ITGA8/BAMBI/TGFB1",7
"BP","GO:0045444","fat cell differentiation","7/86","259/18860",0.027027027027027,5.92708988057825,5.40383860486412,0.000181252257051286,0.00247409330875006,0.00166200900032992,"PIM1/GDF3/EBF2/PDGFRA/WNT5A/JDP2/TGFB1",7
"BP","GO:0003229","ventricular cardiac muscle tissue development","4/86","62/18860",0.0645161290322581,14.1485371342836,7.01855339883991,0.000183753050002737,0.00249437151302058,0.00167563118583479,"SMAD7/HEY2/TBX3/TGFB1",4
"BP","GO:0060038","cardiac muscle cell proliferation","4/86","63/18860",0.0634920634920635,13.9239571797711,6.95427184732347,0.000195532434920594,0.0026005705361141,0.00174697196008264,"PIM1/GATA6/ERBB4/HEY2",4
"BP","GO:0060444","branching involved in mammary gland duct morphogenesis","3/86","25/18860",0.12,26.3162790697674,8.57269189976431,0.000195810154326865,0.0026005705361141,0.00174697196008264,"TBX3/WNT5A/TGFB1",3
"BP","GO:0060571","morphogenesis of an epithelial fold","3/86","25/18860",0.12,26.3162790697674,8.57269189976431,0.000195810154326865,0.0026005705361141,0.00174697196008264,"NODAL/WNT5A/BMP4",3
"BP","GO:2000050","regulation of non-canonical Wnt signaling pathway","3/86","25/18860",0.12,26.3162790697674,8.57269189976431,0.000195810154326865,0.0026005705361141,0.00174697196008264,"DACT1/DKK1/WNT5A",3
"BP","GO:0045927","positive regulation of growth","7/86","263/18860",0.026615969581749,5.83694402688124,5.34635311511599,0.000199098313811109,0.00263002450018224,0.00176675809878789,"PIM1/GATA6/SMAD7/WNT3/BCL11A/ERBB4/HEY2",7
"BP","GO:0043491","phosphatidylinositol 3-kinase/protein kinase B signal transduction","8/86","354/18860",0.0225988700564972,4.95598475890159,5.08545845729282,0.00021140243095692,0.00277762445380296,0.0018659105642581,"SERPINE2/PPP1R16B/MYORG/NTS/ERBB4/PDGFRA/WNT5A/TGFB1",8
"BP","GO:0007350","blastoderm segmentation","3/86","26/18860",0.115384615384615,25.304114490161,8.39315691200649,0.000220622798239239,0.00286809637711011,0.00192668642516919,"TBXT/TBX3/WNT5A",3
"BP","GO:0032925","regulation of activin receptor signaling pathway","3/86","26/18860",0.115384615384615,25.304114490161,8.39315691200649,0.000220622798239239,0.00286809637711011,0.00192668642516919,"CER1/FST/SMAD7",3
"BP","GO:0001503","ossification","9/86","455/18860",0.0197802197802198,4.33784819831331,4.87791825553538,0.000227331453775808,0.0029397546417219,0.00197482393086131,"CER1/GREM1/DKK1/SMAD7/WNT3/BAMBI/WNT5A/TGFB1/BMP4",9
"BP","GO:0060675","ureteric bud morphogenesis","4/86","67/18860",0.0597014925373134,13.0926761541132,6.71107227621425,0.000248143024769527,0.00319208069035984,0.00214432770922358,"GREM1/LHX1/TGFB1/BMP4",4
"BP","GO:0001655","urogenital system development","4/86","68/18860",0.0588235294117647,12.9001367989056,6.65349841054058,0.000262740823491834,0.00332759898618266,0.0022353641412653,"LHX1/FOXB1/WNT5A/BMP4",4
"BP","GO:0055021","regulation of cardiac muscle tissue growth","4/86","68/18860",0.0588235294117647,12.9001367989056,6.65349841054058,0.000262740823491834,0.00332759898618266,0.0022353641412653,"PIM1/GATA6/ERBB4/HEY2",4
"BP","GO:0072171","mesonephric tubule morphogenesis","4/86","68/18860",0.0588235294117647,12.9001367989056,6.65349841054058,0.000262740823491834,0.00332759898618266,0.0022353641412653,"GREM1/LHX1/TGFB1/BMP4",4
"BP","GO:1904018","positive regulation of vasculature development","6/86","195/18860",0.0307692307692308,6.74776386404293,5.46049954594368,0.00026773287188603,0.00337343418576397,0.00226615461871684,"NODAL/GREM1/ETS1/GATA6/WNT5A/TGFB1",6
"BP","GO:0051960","regulation of nervous system development","9/86","466/18860",0.01931330472103,4.23545263998403,4.78652204499854,0.000271158465376677,0.00339916504811478,0.00228343970843518,"SERPINE2/DKK1/SLC7A5/AMIGO2/WNT3/BCL11A/HEY2/WNT5A/TGFB1",9
"BP","GO:0032740","positive regulation of interleukin-17 production","3/86","28/18860",0.107142857142857,23.4966777408638,8.06267825172508,0.000276160180205592,0.00342907745406219,0.00230353381229549,"SLC7A5/TGFB1/IL23A",3
"BP","GO:0001838","embryonic epithelial tube formation","5/86","126/18860",0.0396825396825397,8.70247323735696,5.87124714134438,0.000277731547968407,0.00342907745406219,0.00230353381229549,"NODAL/GREM1/WNT5A/TGFB1/BMP4",5
"BP","GO:0046660","female sex differentiation","5/86","126/18860",0.0396825396825397,8.70247323735696,5.87124714134438,0.000277731547968407,0.00342907745406219,0.00230353381229549,"LHX1/FST/TBX3/PDGFRA/WNT5A",5
"BP","GO:0061371","determination of heart left/right asymmetry","4/86","70/18860",0.0571428571428571,12.531561461794,6.54189993925353,0.000293772398549442,0.00360899391617989,0.00242439537329223,"CER1/NODAL/TBX3/WNT5A",4
"BP","GO:0061138","morphogenesis of a branching epithelium","6/86","199/18860",0.0301507537688442,6.61213041953956,5.38662802005806,0.000298545817871919,0.00363359552674641,0.00244092187131862,"GREM1/LHX1/TBX3/WNT5A/TGFB1/BMP4",6
"BP","GO:0010717","regulation of epithelial to mesenchymal transition","5/86","128/18860",0.0390625,8.56649709302326,5.81350337514754,0.00029873272136865,0.00363359552674641,0.00244092187131862,"GREM1/SMAD7/BAMBI/TGFB1/BMP4",5
"BP","GO:0003156","regulation of animal organ formation","3/86","29/18860",0.103448275862069,22.6864474739374,7.91007991294745,0.000307012575357562,0.00369769557673299,0.00248398203385272,"DKK1/WNT5A/BMP4",3
"BP","GO:0042634","regulation of hair cycle","3/86","29/18860",0.103448275862069,22.6864474739374,7.91007991294745,0.000307012575357562,0.00369769557673299,0.00248398203385272,"GAL/FST/WNT5A",3
"BP","GO:0070374","positive regulation of ERK1 and ERK2 cascade","6/86","201/18860",0.0298507462686567,6.54633807705658,5.35045029588001,0.000314962054689941,0.00377493545547895,0.00253586907190669,"NODAL/FGF4/ERBB4/PDGFRA/TGFB1/BMP4",6
"BP","GO:0030324","lung development","6/86","203/18860",0.0295566502463054,6.4818421354107,5.31476158159318,0.000332078801299843,0.00396076512035784,0.00266070291486026,"NODAL/GATA6/PDGFRA/WNT5A/TGFB1/BMP4",6
"BP","GO:0003338","metanephros morphogenesis","3/86","30/18860",0.1,21.9302325581395,7.76496800026833,0.000340004274279878,0.00403570290775681,0.0027110434887915,"GREM1/LHX1/BMP4",3
"BP","GO:0010721","negative regulation of cell development","7/86","288/18860",0.0243055555555556,5.33026485788114,5.01200523575996,0.000345537909507957,0.00408166655606274,0.00274192025358541,"NODAL/SMAD7/WNT3/BCL11A/WNT5A/TGFB1/BMP4",7
"BP","GO:0042476","odontogenesis","5/86","133/18860",0.037593984962406,8.24444833012764,5.67449455457986,0.000356509220437923,0.00419111557232525,0.00281544425911188,"FGF4/FST/PDGFRA/TGFB1/BMP4",5
"BP","GO:0060420","regulation of heart growth","4/86","74/18860",0.0540540540540541,11.8541797611565,6.33178062841461,0.000363592375171652,0.00425403078950833,0.0028577084925772,"PIM1/GATA6/ERBB4/HEY2",4
"BP","GO:0030323","respiratory tube development","6/86","207/18860",0.0289855072463768,6.35658914728682,5.24480461219258,0.000368497780762961,0.0042877131341464,0.00288033510885828,"NODAL/GATA6/PDGFRA/WNT5A/TGFB1/BMP4",6
"BP","GO:0016055","Wnt signaling pathway","9/86","487/18860",0.0184804928131417,4.05281505181223,4.61960759306179,0.000374388772355056,0.0042877131341464,0.00288033510885828,"DACT1/GREM1/DKK1/SMAD7/WNT3/BAMBI/FRAT2/WNT5A/TGFB1",9
"BP","GO:0003309","type B pancreatic cell differentiation","3/86","31/18860",0.0967741935483871,21.2228057014254,7.62673712425025,0.000375196713000193,0.0042877131341464,0.00288033510885828,"GATA6/WNT5A/BMP4",3
"BP","GO:0003401","axis elongation","3/86","31/18860",0.0967741935483871,21.2228057014254,7.62673712425025,0.000375196713000193,0.0042877131341464,0.00288033510885828,"WNT5A/TGFB1/BMP4",3
"BP","GO:0070168","negative regulation of biomineral tissue development","3/86","31/18860",0.0967741935483871,21.2228057014254,7.62673712425025,0.000375196713000193,0.0042877131341464,0.00288033510885828,"GREM1/HEY2/TGFB1",3
"BP","GO:0002244","hematopoietic progenitor cell differentiation","5/86","136/18860",0.0367647058823529,8.06258549931601,5.59453513258566,0.000395011349760346,0.00447254786341554,0.00300450058900909,"FST/MIXL1/PDGFRA/TGFB1/BMP4",5
"BP","GO:0048706","embryonic skeletal system development","5/86","136/18860",0.0367647058823529,8.06258549931601,5.59453513258566,0.000395011349760346,0.00447254786341554,0.00300450058900909,"NODAL/LHX1/PDGFRA/WNT5A/BMP4",5
"BP","GO:0048839","inner ear development","6/86","210/18860",0.0285714285714286,6.26578073089701,5.19353603592069,0.00039780871039805,0.00448355963966977,0.00301189791358833,"ITGA8/HEY2/TBX3/WNT5A/TGFB1/BMP4",6
"BP","GO:0072078","nephron tubule morphogenesis","4/86","76/18860",0.0526315789473684,11.5422276621787,6.23268669282949,0.000402619111865964,0.00451705551531814,0.0030343992665505,"GREM1/LHX1/TGFB1/BMP4",4
"BP","GO:0098773","skin epidermis development","5/86","137/18860",0.0364963503649635,8.0037345102699,5.56842518468455,0.00040851843464012,0.00456240815413989,0.00306486557663018,"GAL/FST/DKK1/GATA6/WNT5A",5
"BP","GO:0007368","determination of left/right symmetry","5/86","138/18860",0.036231884057971,7.94573643410853,5.54257873538631,0.000422371555447679,0.00466294832369685,0.00313240493179815,"CER1/NODAL/LEFTY1/TBX3/WNT5A",5
"BP","GO:0045661","regulation of myoblast differentiation","4/86","77/18860",0.051948051948052,11.3923286016309,6.18451864211661,0.000423214276021326,0.00466294832369685,0.00313240493179815,"GDF3/TBX3/TGFB1/BMP4",4
"BP","GO:0061045","negative regulation of wound healing","4/86","77/18860",0.051948051948052,11.3923286016309,6.18451864211661,0.000423214276021326,0.00466294832369685,0.00313240493179815,"SERPINE2/PHLDB2/KLKB1/PDGFRA",4
"BP","GO:0050673","epithelial cell proliferation","9/86","496/18860",0.0181451612903226,3.97927606901725,4.55090839258221,0.000427627147410706,0.00469053527316118,0.00315093687565783,"NODAL/HAS2/FST/PPP1R16B/GATA6/ERBB4/WNT5A/TGFB1/BMP4",9
"BP","GO:0072175","epithelial tube formation","5/86","139/18860",0.0359712230215827,7.88857286264012,5.51699110872131,0.000436576478160673,0.00476741514151455,0.0032025820713728,"NODAL/GREM1/WNT5A/TGFB1/BMP4",5
"BP","GO:0003170","heart valve development","4/86","78/18860",0.0512820512820513,11.2462731067382,6.13723085565826,0.000444550822938351,0.00481172410554859,0.00323234727738157,"DKK1/HEY2/TGFB1/BMP4",4
"BP","GO:0072088","nephron epithelium morphogenesis","4/86","78/18860",0.0512820512820513,11.2462731067382,6.13723085565826,0.000444550822938351,0.00481172410554859,0.00323234727738157,"GREM1/LHX1/TGFB1/BMP4",4
"BP","GO:0030517","negative regulation of axon extension","3/86","33/18860",0.0909090909090909,19.9365750528541,7.36882073286072,0.000452424855573922,0.00483307769628316,0.00324669186974787,"WNT3/BCL11A/WNT5A",3
"BP","GO:0060325","face morphogenesis","3/86","33/18860",0.0909090909090909,19.9365750528541,7.36882073286072,0.000452424855573922,0.00483307769628316,0.00324669186974787,"DKK1/PDGFRA/TGFB1",3
"BP","GO:0061036","positive regulation of cartilage development","3/86","33/18860",0.0909090909090909,19.9365750528541,7.36882073286072,0.000452424855573922,0.00483307769628316,0.00324669186974787,"SMAD7/WNT5A/BMP4",3
"BP","GO:0051897","positive regulation of phosphatidylinositol 3-kinase/protein kinase B signal transduction","6/86","217/18860",0.0276497695852535,6.06365877183582,5.07769426849722,0.000473307177858363,0.00503426725540259,0.00338184395024795,"MYORG/NTS/ERBB4/PDGFRA/WNT5A/TGFB1",6
"BP","GO:0060603","mammary gland duct morphogenesis","3/86","34/18860",0.0882352941176471,19.3502051983584,7.24822231666164,0.000494578758783053,0.00521733954482605,0.00350482548520328,"TBX3/WNT5A/TGFB1",3
"BP","GO:0008544","epidermis development","8/86","402/18860",0.0199004975124378,4.36422538470439,4.61461993930969,0.00049476602114142,0.00521733954482605,0.00350482548520328,"GAL/FST/GDF3/DKK1/GATA6/HEY2/WNT5A/BMP4",8
"BP","GO:0061333","renal tubule morphogenesis","4/86","81/18860",0.0493827160493827,10.8297444731553,6.00037863394966,0.000513160985709406,0.00538819034994877,0.0036195970561959,"GREM1/LHX1/TGFB1/BMP4",4
"BP","GO:0048562","embryonic organ morphogenesis","7/86","308/18860",0.0227272727272727,4.98414376321353,4.77139246731741,0.000516367512621223,0.00539878714259722,0.00362671560936205,"NODAL/LHX1/ITGA8/TBX3/PDGFRA/WNT5A/BMP4",7
"BP","GO:0001889","liver development","5/86","145/18860",0.0344827586206897,7.56214915797915,5.36865297184678,0.000529521397692142,0.00548959524949195,0.00368771730660128,"NODAL/SLC7A5/GATA6/TBX3/TGFB1",5
"BP","GO:0060972","left/right pattern formation","5/86","145/18860",0.0344827586206897,7.56214915797915,5.36865297184678,0.000529521397692142,0.00548959524949195,0.00368771730660128,"CER1/NODAL/LEFTY1/TBX3/WNT5A",5
"BP","GO:0031128","developmental induction","3/86","35/18860",0.0857142857142857,18.797342192691,7.1326650434781,0.000539169817469936,0.00554284619884365,0.00372348942432442,"DKK1/WNT3/BMP4",3
"BP","GO:0110110","positive regulation of animal organ morphogenesis","3/86","35/18860",0.0857142857142857,18.797342192691,7.1326650434781,0.000539169817469936,0.00554284619884365,0.00372348942432442,"DKK1/TGFB1/BMP4",3
"BP","GO:0045598","regulation of fat cell differentiation","5/86","148/18860",0.0337837837837838,7.40886235072282,5.29763272691661,0.000581221381353382,0.00592556404143261,0.00398058583080193,"PIM1/GDF3/WNT5A/JDP2/TGFB1",5
"BP","GO:0061008","hepaticobiliary system development","5/86","148/18860",0.0337837837837838,7.40886235072282,5.29763272691661,0.000581221381353382,0.00592556404143261,0.00398058583080193,"NODAL/SLC7A5/GATA6/TBX3/TGFB1",5
"BP","GO:0060317","cardiac epithelial to mesenchymal transition","3/86","36/18860",0.0833333333333333,18.2751937984496,7.02179862764005,0.000586254845868398,0.00595218246404402,0.00399846715233427,"HAS2/HEY2/TBX3",3
"BP","GO:0003151","outflow tract morphogenesis","4/86","84/18860",0.0476190476190476,10.4429678848284,5.87052262980922,0.000588993368931213,0.00595537739697115,0.00400061339607599,"GATA6/HEY2/TBX3/BMP4",4
"BP","GO:0050678","regulation of epithelial cell proliferation","8/86","416/18860",0.0192307692307692,4.21735241502683,4.49105001778855,0.000619473290550414,0.00623789292984577,0.00419039740976294,"NODAL/HAS2/PPP1R16B/GATA6/ERBB4/WNT5A/TGFB1/BMP4",8
"BP","GO:0021772","olfactory bulb development","3/86","37/18860",0.0810810810810811,17.7812696417348,6.91530605529196,0.000635889759088945,0.00635848154679667,0.00427140460783462,"EOMES/ERBB4/WNT5A",3
"BP","GO:0051961","negative regulation of nervous system development","5/86","151/18860",0.033112582781457,7.26166640997998,5.22857403821318,0.000636624526052903,0.00635848154679667,0.00427140460783462,"DKK1/WNT3/BCL11A/WNT5A/TGFB1",5
"BP","GO:2000736","regulation of stem cell differentiation","4/86","86/18860",0.0465116279069767,10.2001081665765,5.78753861098859,0.00064376581821251,0.00640377577064023,0.00430183167678336,"LBH/WNT3/TBX3/PDGFRA",4
"BP","GO:0060541","respiratory system development","6/86","231/18860",0.025974025974026,5.69616430081546,4.86054144362895,0.000657556045764467,0.00651457743727136,0.00437626434532549,"NODAL/GATA6/PDGFRA/WNT5A/TGFB1/BMP4",6
"BP","GO:0014855","striated muscle cell proliferation","4/86","87/18860",0.0459770114942529,10.0828655439722,5.74706118255883,0.000672463677303409,0.00663551508086135,0.00445750600723629,"PIM1/GATA6/ERBB4/HEY2",4
"BP","GO:0035148","tube formation","5/86","153/18860",0.0326797385620915,7.16674266605867,5.18357775433322,0.000675699606873432,0.00664077573635209,0.00446103993085281,"NODAL/GREM1/WNT5A/TGFB1/BMP4",5
"BP","GO:0010092","specification of animal organ identity","3/86","38/18860",0.0789473684210526,17.3133414932681,6.81289962374341,0.000688129581386685,0.00670926341852018,0.00450704755060285,"DKK1/WNT5A/BMP4",3
"BP","GO:1901889","negative regulation of cell junction assembly","3/86","38/18860",0.0789473684210526,17.3133414932681,6.81289962374341,0.000688129581386685,0.00670926341852018,0.00450704755060285,"DKK1/PHLDB2/WNT5A",3
"BP","GO:0016331","morphogenesis of embryonic epithelium","5/86","155/18860",0.032258064516129,7.07426856714179,5.13938475334733,0.000716544783092777,0.00695747509080385,0.00467378743541779,"NODAL/GREM1/WNT5A/TGFB1/BMP4",5
"BP","GO:0050866","negative regulation of cell activation","6/86","235/18860",0.025531914893617,5.59920831271648,4.80174419628081,0.0007192505791877,0.00695747509080385,0.00467378743541779,"SERPINE2/GAL/SMAD7/PDGFRA/TGFB1/BMP4",6
"BP","GO:0003180","aortic valve morphogenesis","3/86","39/18860",0.0769230769230769,16.8694096601073,6.71431754252449,0.000743028454368388,0.00710358331666587,0.00477193781056577,"HEY2/TGFB1/BMP4",3
"BP","GO:0021988","olfactory lobe development","3/86","39/18860",0.0769230769230769,16.8694096601073,6.71431754252449,0.000743028454368388,0.00710358331666587,0.00477193781056577,"EOMES/ERBB4/WNT5A",3
"BP","GO:0035883","enteroendocrine cell differentiation","3/86","39/18860",0.0769230769230769,16.8694096601073,6.71431754252449,0.000743028454368388,0.00710358331666587,0.00477193781056577,"GATA6/WNT5A/BMP4",3
"BP","GO:0048708","astrocyte differentiation","4/86","90/18860",0.0444444444444444,9.74677002583979,5.62946308391407,0.000763989970256812,0.00727567192605034,0.00488754089499258,"SERPINE2/EOMES/LAMC3/GAP43",4
"BP","GO:0043583","ear development","6/86","238/18860",0.0252100840336134,5.52863005667383,4.75852451599075,0.000768393760821628,0.0072893570283349,0.00489673406611791,"ITGA8/HEY2/TBX3/WNT5A/TGFB1/BMP4",6
"BP","GO:0070371","ERK1 and ERK2 cascade","7/86","331/18860",0.0211480362537764,4.63781353193283,4.51916907107055,0.000789799483320878,0.0074636051173823,0.0050137878131463,"NODAL/FGF4/DUSP5/ERBB4/PDGFRA/TGFB1/BMP4",7
"BP","GO:0055013","cardiac muscle cell development","4/86","91/18860",0.043956043956044,9.63966266291848,5.59148370800705,0.000796361471789978,0.00749678213098841,0.00503607496578619,"HEY2/TBX3/PDGFRA/BMP4",4
"BP","GO:0032885","regulation of polysaccharide biosynthetic process","3/86","40/18860",0.075,16.4476744186047,6.61932100433883,0.000800639645139072,0.00750828858055992,0.00504380459452818,"PPP1R3B/HAS2/TGFB1",3
"BP","GO:0030901","midbrain development","4/86","93/18860",0.043010752688172,9.43235808952238,5.51725729347321,0.000863992040579785,0.00807159104070164,0.00542221140535962,"FOXB1/DKK1/WNT3/WNT5A",4
"BP","GO:0021953","central nervous system neuron differentiation","6/86","245/18860",0.0244897959183673,5.37066919791172,4.66046883744502,0.000893171554384322,0.0081881315151958,0.00550049920349035,"LHX1/EOMES/DKK1/WNT3/ERBB4/WNT5A",6
"BP","GO:0048704","embryonic skeletal system morphogenesis","4/86","94/18860",0.0425531914893617,9.33201385452746,5.48097982330968,0.000899282301842304,0.0081881315151958,0.00550049920349035,"NODAL/LHX1/PDGFRA/BMP4",4
"BP","GO:0048263","determination of dorsal identity","2/86","10/18860",0.2,43.8604651162791,9.17553405585892,0.000903127244858796,0.0081881315151958,0.00550049920349035,"CER1/GREM1",2
"BP","GO:0048843","negative regulation of axon extension involved in axon guidance","2/86","10/18860",0.2,43.8604651162791,9.17553405585892,0.000903127244858796,0.0081881315151958,0.00550049920349035,"WNT3/WNT5A",2
"BP","GO:0051964","negative regulation of synapse assembly","2/86","10/18860",0.2,43.8604651162791,9.17553405585892,0.000903127244858796,0.0081881315151958,0.00550049920349035,"DKK1/WNT5A",2
"BP","GO:0060068","vagina development","2/86","10/18860",0.2,43.8604651162791,9.17553405585892,0.000903127244858796,0.0081881315151958,0.00550049920349035,"LHX1/WNT5A",2
"BP","GO:0060947","cardiac vascular smooth muscle cell differentiation","2/86","10/18860",0.2,43.8604651162791,9.17553405585892,0.000903127244858796,0.0081881315151958,0.00550049920349035,"GATA6/HEY2",2
"BP","GO:1905770","regulation of mesodermal cell differentiation","2/86","10/18860",0.2,43.8604651162791,9.17553405585892,0.000903127244858796,0.0081881315151958,0.00550049920349035,"DKK1/BMP4",2
"BP","GO:0060560","developmental growth involved in morphogenesis","6/86","246/18860",0.024390243902439,5.34883720930233,4.64676809532786,0.000912201504835639,0.0082399966815484,0.00553534040086022,"LHX1/WNT3/BCL11A/WNT5A/TGFB1/BMP4",6
"BP","GO:0060391","positive regulation of SMAD protein signal transduction","3/86","42/18860",0.0714285714285714,15.6644518272425,6.43922937288485,0.000924207724417928,0.00831786951976135,0.00558765263885603,"NODAL/TGFB1/BMP4",3
"BP","GO:0055017","cardiac muscle tissue growth","4/86","95/18860",0.0421052631578947,9.23378212974296,5.44524015555547,0.000935576690158748,0.00838945959021914,0.00563574433411032,"PIM1/GATA6/ERBB4/HEY2",4
"BP","GO:0022409","positive regulation of cell-cell adhesion","7/86","343/18860",0.0204081632653061,4.47555766492644,4.39659431876785,0.000972162080801895,0.00868582630011002,0.0058348330820952,"NODAL/HAS2/ETS1/SMAD7/WNT5A/TGFB1/IL23A",7
"BP","GO:0060562","epithelial tube morphogenesis","7/86","344/18860",0.0203488372093023,4.46254732287723,4.38663502572581,0.000988741416695052,0.00878370268355123,0.00590058299929667,"NODAL/GREM1/LHX1/TBX3/WNT5A/TGFB1/BMP4",7
"BP","GO:0001709","cell fate determination","3/86","43/18860",0.0697674418604651,15.3001622498648,6.35375039123749,0.00099026684710773,0.00878370268355123,0.00590058299929667,"GATA6/EBF2/BMP4",3
"BP","GO:0014020","primary neural tube formation","4/86","97/18860",0.0412371134020619,9.04339486933589,5.37531929753446,0.001011240303474,0.00893747275408499,0.0060038803326287,"NODAL/WNT5A/TGFB1/BMP4",4
"BP","GO:0033002","muscle cell proliferation","6/86","252/18860",0.0238095238095238,5.22148394241418,4.56610309030482,0.00103303997253919,0.00909741653236129,0.00611132494601568,"PIM1/GATA6/ERBB4/HEY2/TGFB1/BMP4",6
"BP","GO:0010720","positive regulation of cell development","8/86","451/18860",0.0177383592017738,3.89006342494715,4.20446454950292,0.00104505668666123,0.00916630131239352,0.00615759932216569,"SERPINE2/SLC7A5/SMAD7/WNT3/BCL11A/TGFB1/BMP4/IL23A",8
"BP","GO:0055006","cardiac cell development","4/86","98/18860",0.0408163265306122,8.95111532985287,5.34111186552441,0.00105064076009155,0.00916630131239352,0.00615759932216569,"HEY2/TBX3/PDGFRA/BMP4",4
"BP","GO:0071542","dopaminergic neuron differentiation","3/86","44/18860",0.0681818181818182,14.9524312896406,6.27108558130108,0.00105924277182583,0.00916630131239352,0.00615759932216569,"DKK1/WNT3/WNT5A",3
"BP","GO:0001942","hair follicle development","4/86","99/18860",0.0404040404040404,8.86070002349072,5.30738970796749,0.0010911078026032,0.00916630131239352,0.00615759932216569,"GAL/FST/DKK1/WNT5A",4
"BP","GO:0072080","nephron tubule development","4/86","99/18860",0.0404040404040404,8.86070002349072,5.30738970796749,0.0010911078026032,0.00916630131239352,0.00615759932216569,"GREM1/LHX1/TGFB1/BMP4",4
"BP","GO:0003139","secondary heart field specification","2/86","11/18860",0.181818181818182,39.8731501057082,8.72834833208535,0.0011005530676256,0.00916630131239352,0.00615759932216569,"WNT5A/BMP4",2
"BP","GO:0032525","somite rostral/caudal axis specification","2/86","11/18860",0.181818181818182,39.8731501057082,8.72834833208535,0.0011005530676256,0.00916630131239352,0.00615759932216569,"LHX1/GDF3",2
"BP","GO:0033504","floor plate development","2/86","11/18860",0.181818181818182,39.8731501057082,8.72834833208535,0.0011005530676256,0.00916630131239352,0.00615759932216569,"NODAL/FOXB1",2
"BP","GO:0035581","sequestering of extracellular ligand from receptor","2/86","11/18860",0.181818181818182,39.8731501057082,8.72834833208535,0.0011005530676256,0.00916630131239352,0.00615759932216569,"CER1/GREM1",2
"BP","GO:0045136","development of secondary sexual characteristics","2/86","11/18860",0.181818181818182,39.8731501057082,8.72834833208535,0.0011005530676256,0.00916630131239352,0.00615759932216569,"WNT5A/TGFB1",2
"BP","GO:0045843","negative regulation of striated muscle tissue development","2/86","11/18860",0.181818181818182,39.8731501057082,8.72834833208535,0.0011005530676256,0.00916630131239352,0.00615759932216569,"TGFB1/BMP4",2
"BP","GO:0048262","determination of dorsal/ventral asymmetry","2/86","11/18860",0.181818181818182,39.8731501057082,8.72834833208535,0.0011005530676256,0.00916630131239352,0.00615759932216569,"CER1/GREM1",2
"BP","GO:0048672","positive regulation of collateral sprouting","2/86","11/18860",0.181818181818182,39.8731501057082,8.72834833208535,0.0011005530676256,0.00916630131239352,0.00615759932216569,"WNT3/BCL11A",2
"BP","GO:0072178","nephric duct morphogenesis","2/86","11/18860",0.181818181818182,39.8731501057082,8.72834833208535,0.0011005530676256,0.00916630131239352,0.00615759932216569,"LHX1/BMP4",2
"BP","GO:2000727","positive regulation of cardiac muscle cell differentiation","2/86","11/18860",0.181818181818182,39.8731501057082,8.72834833208535,0.0011005530676256,0.00916630131239352,0.00615759932216569,"TGFB1/BMP4",2
"BP","GO:2000739","regulation of mesenchymal stem cell differentiation","2/86","11/18860",0.181818181818182,39.8731501057082,8.72834833208535,0.0011005530676256,0.00916630131239352,0.00615759932216569,"WNT3/PDGFRA",2
"BP","GO:0003176","aortic valve development","3/86","45/18860",0.0666666666666667,14.6201550387597,6.19107900134267,0.00113118451327782,0.00935798097348013,0.00628636298713315,"HEY2/TGFB1/BMP4",3
"BP","GO:0034405","response to fluid shear stress","3/86","45/18860",0.0666666666666667,14.6201550387597,6.19107900134267,0.00113118451327782,0.00935798097348013,0.00628636298713315,"HAS2/SMAD7/TGFB1",3
"BP","GO:1903035","negative regulation of response to wounding","4/86","101/18860",0.0396039603960396,8.68524061708496,5.24135364779436,0.00117530407839296,0.00969034268661576,0.00650963191423581,"SERPINE2/PHLDB2/KLKB1/PDGFRA",4
"BP","GO:0050727","regulation of inflammatory response","8/86","460/18860",0.0173913043478261,3.81395348837209,4.13539566526005,0.0011856845628621,0.00974323401656246,0.00654516245227168,"SLC39A8/NLRP7/ETS1/KLKB1/VAMP8/WNT5A/TGFB1/IL23A",8
"BP","GO:0030308","negative regulation of cell growth","5/86","174/18860",0.028735632183908,6.30179096498262,4.7552045324779,0.00120270977255072,0.00984140282577254,0.00661110881083536,"SERPINE2/WNT3/BCL11A/WNT5A/TGFB1",5
"BP","GO:0030111","regulation of Wnt signaling pathway","7/86","356/18860",0.0196629213483146,4.31212437940946,4.2700108208415,0.00120564194161886,0.00984140282577254,0.00661110881083536,"DACT1/GREM1/DKK1/WNT3/BAMBI/WNT5A/TGFB1",7
"BP","GO:0022404","molting cycle process","4/86","102/18860",0.0392156862745098,8.6000911992704,5.20901697825995,0.00121906451053355,0.00988528548640568,0.0066405876411902,"GAL/FST/DKK1/WNT5A",4
"BP","GO:0022405","hair cycle process","4/86","102/18860",0.0392156862745098,8.6000911992704,5.20901697825995,0.00121906451053355,0.00988528548640568,0.0066405876411902,"GAL/FST/DKK1/WNT5A",4
"BP","GO:0046620","regulation of organ growth","4/86","103/18860",0.0388349514563107,8.51659516820953,5.17712001380173,0.00126395392215002,0.0101101992588167,0.00679167681503959,"PIM1/GATA6/ERBB4/HEY2",4
"BP","GO:0060419","heart growth","4/86","103/18860",0.0388349514563107,8.51659516820953,5.17712001380173,0.00126395392215002,0.0101101992588167,0.00679167681503959,"PIM1/GATA6/ERBB4/HEY2",4
"BP","GO:0010463","mesenchymal cell proliferation","3/86","47/18860",0.0638297872340425,13.9980207817912,6.0384750656769,0.00128415737858746,0.0101101992588167,0.00679167681503959,"FGF4/WNT5A/BMP4",3
"BP","GO:0031018","endocrine pancreas development","3/86","47/18860",0.0638297872340425,13.9980207817912,6.0384750656769,0.00128415737858746,0.0101101992588167,0.00679167681503959,"GATA6/WNT5A/BMP4",3
"BP","GO:0045292","mRNA cis splicing, via spliceosome","3/86","47/18860",0.0638297872340425,13.9980207817912,6.0384750656769,0.00128415737858746,0.0101101992588167,0.00679167681503959,"RNU6ATAC/RNVU1-1/RNVU1-19",3
"BP","GO:0060071","Wnt signaling pathway, planar cell polarity pathway","3/86","47/18860",0.0638297872340425,13.9980207817912,6.0384750656769,0.00128415737858746,0.0101101992588167,0.00679167681503959,"DACT1/DKK1/WNT5A",3
"BP","GO:0060563","neuroepithelial cell differentiation","3/86","47/18860",0.0638297872340425,13.9980207817912,6.0384750656769,0.00128415737858746,0.0101101992588167,0.00679167681503959,"NODAL/TGFB1/BMP4",3
"BP","GO:0061326","renal tubule development","4/86","104/18860",0.0384615384615385,8.43470483005367,5.14565230993111,0.00130998788572606,0.0101101992588167,0.00679167681503959,"GREM1/LHX1/TGFB1/BMP4",4
"BP","GO:0021889","olfactory bulb interneuron differentiation","2/86","12/18860",0.166666666666667,36.5503875968992,8.3374352797175,0.00131675366822196,0.0101101992588167,0.00679167681503959,"ERBB4/WNT5A",2
"BP","GO:0048635","negative regulation of muscle organ development","2/86","12/18860",0.166666666666667,36.5503875968992,8.3374352797175,0.00131675366822196,0.0101101992588167,0.00679167681503959,"TGFB1/BMP4",2
"BP","GO:0060148","positive regulation of post-transcriptional gene silencing","2/86","12/18860",0.166666666666667,36.5503875968992,8.3374352797175,0.00131675366822196,0.0101101992588167,0.00679167681503959,"TGFB1/BMP4",2
"BP","GO:0060379","cardiac muscle cell myoblast differentiation","2/86","12/18860",0.166666666666667,36.5503875968992,8.3374352797175,0.00131675366822196,0.0101101992588167,0.00679167681503959,"GREM1/TBXT",2
"BP","GO:0060601","lateral sprouting from an epithelium","2/86","12/18860",0.166666666666667,36.5503875968992,8.3374352797175,0.00131675366822196,0.0101101992588167,0.00679167681503959,"WNT5A/BMP4",2
"BP","GO:1900370","positive regulation of post-transcriptional gene silencing by RNA","2/86","12/18860",0.166666666666667,36.5503875968992,8.3374352797175,0.00131675366822196,0.0101101992588167,0.00679167681503959,"TGFB1/BMP4",2
"BP","GO:1901862","negative regulation of muscle tissue development","2/86","12/18860",0.166666666666667,36.5503875968992,8.3374352797175,0.00131675366822196,0.0101101992588167,0.00679167681503959,"TGFB1/BMP4",2
"BP","GO:2000049","positive regulation of cell-cell adhesion mediated by cadherin","2/86","12/18860",0.166666666666667,36.5503875968992,8.3374352797175,0.00131675366822196,0.0101101992588167,0.00679167681503959,"SMAD7/WNT5A",2
"BP","GO:2000637","positive regulation of miRNA-mediated gene silencing","2/86","12/18860",0.166666666666667,36.5503875968992,8.3374352797175,0.00131675366822196,0.0101101992588167,0.00679167681503959,"TGFB1/BMP4",2
"BP","GO:0055002","striated muscle cell development","5/86","178/18860",0.0280898876404494,6.16017768487066,4.68158726125965,0.00133022423289443,0.0101818097826219,0.00683978225013435,"MYORG/HEY2/TBX3/PDGFRA/BMP4",5
"BP","GO:0001841","neural tube formation","4/86","105/18860",0.0380952380952381,8.35437430786268,5.11460376895926,0.00135718195934537,0.0102898740077809,0.00691237600162822,"NODAL/WNT5A/TGFB1/BMP4",4
"BP","GO:0070167","regulation of biomineral tissue development","4/86","105/18860",0.0380952380952381,8.35437430786268,5.11460376895926,0.00135718195934537,0.0102898740077809,0.00691237600162822,"GREM1/HEY2/TGFB1/BMP4",4
"BP","GO:0070664","negative regulation of leukocyte proliferation","4/86","105/18860",0.0380952380952381,8.35437430786268,5.11460376895926,0.00135718195934537,0.0102898740077809,0.00691237600162822,"GREM1/GAL/TGFB1/BMP4",4
"BP","GO:0050729","positive regulation of inflammatory response","5/86","179/18860",0.0279329608938547,6.12576328439652,4.663534031435,0.00136360577368256,0.0102898740077809,0.00691237600162822,"ETS1/VAMP8/WNT5A/TGFB1/IL23A",5
"BP","GO:0055010","ventricular cardiac muscle tissue morphogenesis","3/86","48/18860",0.0625,13.7063953488372,5.96562083249866,0.00136528242838282,0.0102898740077809,0.00691237600162822,"SMAD7/HEY2/TGFB1",3
"BP","GO:0006935","chemotaxis","8/86","474/18860",0.0168776371308017,3.70130507310372,4.03133905793273,0.00143416145956767,0.0106633885486226,0.00716328995319078,"FGF4/GREM1/WNT3/PDGFRA/WNT5A/TGFB1/BMP4/IL23A",8
"BP","GO:0043410","positive regulation of MAPK cascade","8/86","474/18860",0.0168776371308017,3.70130507310372,4.03133905793273,0.00143416145956767,0.0106633885486226,0.00716328995319078,"NODAL/FGF4/DKK1/ERBB4/PDGFRA/WNT5A/TGFB1/BMP4",8
"BP","GO:0006376","mRNA splice site recognition","3/86","49/18860",0.0612244897959184,13.4266729947793,5.89490916664687,0.00144956116208382,0.0106633885486226,0.00716328995319078,"RNU6ATAC/RNVU1-1/RNVU1-19",3
"BP","GO:0032620","interleukin-17 production","3/86","49/18860",0.0612244897959184,13.4266729947793,5.89490916664687,0.00144956116208382,0.0106633885486226,0.00716328995319078,"SLC7A5/TGFB1/IL23A",3
"BP","GO:0032660","regulation of interleukin-17 production","3/86","49/18860",0.0612244897959184,13.4266729947793,5.89490916664687,0.00144956116208382,0.0106633885486226,0.00716328995319078,"SLC7A5/TGFB1/IL23A",3
"BP","GO:0032881","regulation of polysaccharide metabolic process","3/86","49/18860",0.0612244897959184,13.4266729947793,5.89490916664687,0.00144956116208382,0.0106633885486226,0.00716328995319078,"PPP1R3B/HAS2/TGFB1",3
"BP","GO:0060976","coronary vasculature development","3/86","49/18860",0.0612244897959184,13.4266729947793,5.89490916664687,0.00144956116208382,0.0106633885486226,0.00716328995319078,"GATA6/HEY2/BMP4",3
"BP","GO:1905314","semi-lunar valve development","3/86","49/18860",0.0612244897959184,13.4266729947793,5.89490916664687,0.00144956116208382,0.0106633885486226,0.00716328995319078,"HEY2/TGFB1/BMP4",3
"BP","GO:0042330","taxis","8/86","476/18860",0.0168067226890756,3.68575337111589,4.01679575431418,0.0014728114051526,0.0108020824551043,0.00725645964895296,"FGF4/GREM1/WNT3/PDGFRA/WNT5A/TGFB1/BMP4/IL23A",8
"BP","GO:0031214","biomineral tissue development","5/86","183/18860",0.0273224043715847,5.99186681916381,4.59266877035334,0.00150335084265025,0.01099325303688,0.00738488133231703,"CER1/GREM1/HEY2/TGFB1/BMP4",5
"BP","GO:0051150","regulation of smooth muscle cell differentiation","3/86","50/18860",0.06,13.1581395348837,5.82623337687422,0.00153703853681236,0.0110819108905239,0.00744443856493433,"HEY2/TGFB1/BMP4",3
"BP","GO:0007501","mesodermal cell fate specification","2/86","13/18860",0.153846153846154,33.7388193202147,7.99178373781448,0.0015515577315182,0.0110819108905239,0.00744443856493433,"NODAL/DKK1",2
"BP","GO:0021978","telencephalon regionalization","2/86","13/18860",0.153846153846154,33.7388193202147,7.99178373781448,0.0015515577315182,0.0110819108905239,0.00744443856493433,"EOMES/BMP4",2
"BP","GO:0030213","hyaluronan biosynthetic process","2/86","13/18860",0.153846153846154,33.7388193202147,7.99178373781448,0.0015515577315182,0.0110819108905239,0.00744443856493433,"HAS2/TGFB1",2
"BP","GO:0048505","regulation of timing of cell differentiation","2/86","13/18860",0.153846153846154,33.7388193202147,7.99178373781448,0.0015515577315182,0.0110819108905239,0.00744443856493433,"NODAL/SERPINE2",2
"BP","GO:0072283","metanephric renal vesicle morphogenesis","2/86","13/18860",0.153846153846154,33.7388193202147,7.99178373781448,0.0015515577315182,0.0110819108905239,0.00744443856493433,"GREM1/LHX1",2
"BP","GO:1900115","extracellular regulation of signal transduction","2/86","13/18860",0.153846153846154,33.7388193202147,7.99178373781448,0.0015515577315182,0.0110819108905239,0.00744443856493433,"CER1/GREM1",2
"BP","GO:1900116","extracellular negative regulation of signal transduction","2/86","13/18860",0.153846153846154,33.7388193202147,7.99178373781448,0.0015515577315182,0.0110819108905239,0.00744443856493433,"CER1/GREM1",2
"BP","GO:1901342","regulation of vasculature development","7/86","375/18860",0.0186666666666667,4.09364341085271,4.09549413911607,0.00162373790329482,0.0115638377634649,0.00776818011400848,"NODAL/GREM1/ETS1/PPP1R16B/GATA6/WNT5A/TGFB1",7
"BP","GO:0035265","organ growth","5/86","187/18860",0.0267379679144385,5.8636985449571,4.52387454879755,0.00165338032660987,0.011740911741273,0.0078871321938676,"CER1/PIM1/GATA6/ERBB4/HEY2",5
"BP","GO:0090100","positive regulation of transmembrane receptor protein serine/threonine kinase signaling pathway","4/86","111/18860",0.036036036036036,7.90278650743767,4.93658961773108,0.00166557766148145,0.0117934418278384,0.00792242006128593,"NODAL/ITGA8/TGFB1/BMP4",4
"BP","GO:0050767","regulation of neurogenesis","7/86","378/18860",0.0185185185185185,4.06115417743325,4.06899137990352,0.00169897245267002,0.0119953313684202,0.00805804236475074,"SERPINE2/SLC7A5/WNT3/BCL11A/HEY2/WNT5A/TGFB1",7
"BP","GO:0060828","regulation of canonical Wnt signaling pathway","6/86","278/18860",0.0215827338129496,4.73314371758407,4.24405524806267,0.00170492779440595,0.0120028870798149,0.00806311802632643,"DACT1/GREM1/DKK1/BAMBI/WNT5A/TGFB1",6
"BP","GO:0030195","negative regulation of blood coagulation","3/86","52/18860",0.0576923076923077,12.6520572450805,5.69459867153758,0.00172176510143854,0.0120867910120986,0.00811948174152071,"SERPINE2/KLKB1/PDGFRA",3
"BP","GO:0040034","regulation of development, heterochronic","2/86","14/18860",0.142857142857143,31.328903654485,7.68318490352683,0.00180479508279937,0.0125196902413329,0.00841028824129124,"NODAL/SERPINE2",2
"BP","GO:0072497","mesenchymal stem cell differentiation","2/86","14/18860",0.142857142857143,31.328903654485,7.68318490352683,0.00180479508279937,0.0125196902413329,0.00841028824129124,"WNT3/PDGFRA",2
"BP","GO:1905208","negative regulation of cardiocyte differentiation","2/86","14/18860",0.142857142857143,31.328903654485,7.68318490352683,0.00180479508279937,0.0125196902413329,0.00841028824129124,"DKK1/HEY2",2
"BP","GO:2000095","regulation of Wnt signaling pathway, planar cell polarity pathway","2/86","14/18860",0.142857142857143,31.328903654485,7.68318490352683,0.00180479508279937,0.0125196902413329,0.00841028824129124,"DACT1/DKK1",2
"BP","GO:0045766","positive regulation of angiogenesis","5/86","191/18860",0.0261780104712042,5.7408985754292,4.45704448995316,0.00181414295093496,0.0125196902413329,0.00841028824129124,"NODAL/GREM1/ETS1/GATA6/WNT5A",5
"BP","GO:0050922","negative regulation of chemotaxis","3/86","53/18860",0.0566037735849057,12.4133391838526,5.63146054271294,0.00181910029147572,0.0125196902413329,0.00841028824129124,"GREM1/WNT3/WNT5A",3
"BP","GO:1900047","negative regulation of hemostasis","3/86","53/18860",0.0566037735849057,12.4133391838526,5.63146054271294,0.00181910029147572,0.0125196902413329,0.00841028824129124,"SERPINE2/KLKB1/PDGFRA",3
"BP","GO:0050771","negative regulation of axonogenesis","3/86","54/18860",0.0555555555555556,12.1834625322997,5.56999878214992,0.00191980613755469,0.0131758762010387,0.00885109092527418,"WNT3/BCL11A/WNT5A",3
"BP","GO:0019827","stem cell population maintenance","5/86","195/18860",0.0256410256410256,5.62313655336911,4.39207936297348,0.00198609091484843,0.0135928283503693,0.0091311847367903,"NODAL/FGF4/EOMES/LBH/TBX3",5
"BP","GO:0050878","regulation of body fluid levels","7/86","389/18860",0.0179948586118252,3.94631434208166,3.97410031492242,0.00199835900528977,0.0136388002111027,0.00916206701840457,"SERPINE2/HAS2/FOXB1/KLKB1/ERBB4/VAMP8/PDGFRA",7
"BP","GO:0032330","regulation of chondrocyte differentiation","3/86","55/18860",0.0545454545454545,11.9619450317125,5.51013760903884,0.00202392372689951,0.0137369629751163,0.00922800931601754,"GREM1/SMAD7/BMP4",3
"BP","GO:0048286","lung alveolus development","3/86","55/18860",0.0545454545454545,11.9619450317125,5.51013760903884,0.00202392372689951,0.0137369629751163,0.00922800931601754,"GATA6/TGFB1/BMP4",3
"BP","GO:0030336","negative regulation of cell migration","7/86","391/18860",0.0179028132992327,3.92612859097127,3.95722045028822,0.00205693493049331,0.0137505685863114,0.00923714908782052,"NODAL/GREM1/PHLDB2/SMAD7/ERBB4/TGFB1/BMP4",7
"BP","GO:0010470","regulation of gastrulation","2/86","15/18860",0.133333333333333,29.2403100775194,7.40537692825509,0.00207629668112394,0.0137505685863114,0.00923714908782052,"NODAL/LHX1",2
"BP","GO:0048820","hair follicle maturation","2/86","15/18860",0.133333333333333,29.2403100775194,7.40537692825509,0.00207629668112394,0.0137505685863114,0.00923714908782052,"GAL/WNT5A",2
"BP","GO:0060572","morphogenesis of an epithelial bud","2/86","15/18860",0.133333333333333,29.2403100775194,7.40537692825509,0.00207629668112394,0.0137505685863114,0.00923714908782052,"WNT5A/BMP4",2
"BP","GO:0070243","regulation of thymocyte apoptotic process","2/86","15/18860",0.133333333333333,29.2403100775194,7.40537692825509,0.00207629668112394,0.0137505685863114,0.00923714908782052,"WNT5A/BMP4",2
"BP","GO:0072176","nephric duct development","2/86","15/18860",0.133333333333333,29.2403100775194,7.40537692825509,0.00207629668112394,0.0137505685863114,0.00923714908782052,"LHX1/BMP4",2
"BP","GO:1903798","regulation of miRNA processing","2/86","15/18860",0.133333333333333,29.2403100775194,7.40537692825509,0.00207629668112394,0.0137505685863114,0.00923714908782052,"TGFB1/BMP4",2
"BP","GO:1905809","negative regulation of synapse organization","2/86","15/18860",0.133333333333333,29.2403100775194,7.40537692825509,0.00207629668112394,0.0137505685863114,0.00923714908782052,"DKK1/WNT5A",2
"BP","GO:2000052","positive regulation of non-canonical Wnt signaling pathway","2/86","15/18860",0.133333333333333,29.2403100775194,7.40537692825509,0.00207629668112394,0.0137505685863114,0.00923714908782052,"DKK1/WNT5A",2
"BP","GO:0050819","negative regulation of coagulation","3/86","56/18860",0.0535714285714286,11.7483388704319,5.45180597957722,0.00213149339466577,0.0140761367183012,0.00945585432568441,"SERPINE2/KLKB1/PDGFRA",3
"BP","GO:0051962","positive regulation of nervous system development","6/86","291/18860",0.0206185567010309,4.52169743466795,4.09764590522437,0.00214541519308983,0.0140761367183012,0.00945585432568441,"SERPINE2/SLC7A5/AMIGO2/WNT3/BCL11A/TGFB1",6
"BP","GO:0002062","chondrocyte differentiation","4/86","119/18860",0.0336134453781513,7.37150674223178,4.71899368843954,0.00214837251500323,0.0140761367183012,0.00945585432568441,"GREM1/SMAD7/TGFB1/BMP4",4
"BP","GO:0060840","artery development","4/86","119/18860",0.0336134453781513,7.37150674223178,4.71899368843954,0.00214837251500323,0.0140761367183012,0.00945585432568441,"SMAD7/HEY2/LOXL1/BMP4",4
"BP","GO:1990748","cellular detoxification","4/86","120/18860",0.0333333333333333,7.31007751937984,4.69321741416415,0.00221481965738874,0.0144516498625798,0.00970811086884953,"SLC39A8/PIM1/ABCG2/GSTO1",4
"BP","GO:0098727","maintenance of cell number","5/86","200/18860",0.025,5.48255813953488,4.31335554858003,0.0022174489207133,0.0144516498625798,0.00970811086884953,"NODAL/FGF4/EOMES/LBH/TBX3",5
"BP","GO:0048146","positive regulation of fibroblast proliferation","3/86","57/18860",0.0526315789473684,11.5422276621787,5.39493721223903,0.00224255473111715,0.0145766057522615,0.00979205184737315,"PDGFRA/WNT5A/TGFB1",3
"BP","GO:0072009","nephron epithelium development","4/86","122/18860",0.0327868852459016,7.19024018299657,4.64254313144431,0.00235194567994769,0.0152473101203996,0.0102426074882877,"GREM1/LHX1/TGFB1/BMP4",4
"BP","GO:0070920","regulation of regulatory ncRNA processing","2/86","16/18860",0.125,27.4127906976744,7.15348848763915,0.00236589461271818,0.0152572258883165,0.0102492685529551,"TGFB1/BMP4",2
"BP","GO:0072077","renal vesicle morphogenesis","2/86","16/18860",0.125,27.4127906976744,7.15348848763915,0.00236589461271818,0.0152572258883165,0.0102492685529551,"GREM1/LHX1",2
"BP","GO:0007548","sex differentiation","6/86","297/18860",0.0202020202020202,4.43035001174536,4.03294896695179,0.00237555436235546,0.0152794164091816,0.0102641753655921,"LHX1/FST/GATA6/TBX3/PDGFRA/WNT5A",6
"BP","GO:0000271","polysaccharide biosynthetic process","3/86","59/18860",0.0508474576271186,11.1509657075286,5.28534134633929,0.00247530708935404,0.0158380977045387,0.010639477840206,"PPP1R3B/HAS2/TGFB1",3
"BP","GO:0072132","mesenchyme morphogenesis","3/86","59/18860",0.0508474576271186,11.1509657075286,5.28534134633929,0.00247530708935404,0.0158380977045387,0.010639477840206,"HEY2/TBX3/WNT5A",3
"BP","GO:0055001","muscle cell development","5/86","206/18860",0.0242718446601942,5.32287198013096,4.22231030662924,0.00252034683784231,0.01608439527423,0.0108049318981182,"MYORG/HEY2/TBX3/PDGFRA/BMP4",5
"BP","GO:2000146","negative regulation of cell motility","7/86","406/18860",0.0172413793103448,3.78107457898957,3.83407446184551,0.00253986765108116,0.0161669813956125,0.0108604103542276,"NODAL/GREM1/PHLDB2/SMAD7/ERBB4/TGFB1/BMP4",7
"BP","GO:0070372","regulation of ERK1 and ERK2 cascade","6/86","303/18860",0.0198019801980198,4.34262030854248,3.96994625150447,0.00262385356638283,0.0166584191540119,0.0111905409821523,"NODAL/FGF4/ERBB4/PDGFRA/TGFB1/BMP4",6
"BP","GO:0048841","regulation of axon extension involved in axon guidance","2/86","17/18860",0.117647058823529,25.8002735978112,6.92366517984651,0.00267342208440618,0.0167994835329565,0.0112853030780694,"WNT3/WNT5A",2
"BP","GO:0072087","renal vesicle development","2/86","17/18860",0.117647058823529,25.8002735978112,6.92366517984651,0.00267342208440618,0.0167994835329565,0.0112853030780694,"GREM1/LHX1",2
"BP","GO:0072224","metanephric glomerulus development","2/86","17/18860",0.117647058823529,25.8002735978112,6.92366517984651,0.00267342208440618,0.0167994835329565,0.0112853030780694,"LHX1/PDGFRA",2
"BP","GO:1902033","regulation of hematopoietic stem cell proliferation","2/86","17/18860",0.117647058823529,25.8002735978112,6.92366517984651,0.00267342208440618,0.0167994835329565,0.0112853030780694,"PIM1/WNT5A",2
"BP","GO:0042303","molting cycle","4/86","127/18860",0.031496062992126,6.90715986083135,4.52071435880411,0.00272014430616188,0.0169775138922477,0.011404897621423,"GAL/FST/DKK1/WNT5A",4
"BP","GO:0042633","hair cycle","4/86","127/18860",0.031496062992126,6.90715986083135,4.52071435880411,0.00272014430616188,0.0169775138922477,0.011404897621423,"GAL/FST/DKK1/WNT5A",4
"BP","GO:0042733","embryonic digit morphogenesis","3/86","61/18860",0.0491803278688525,10.7853602744949,5.18089168435362,0.00272248289521595,0.0169775138922477,0.011404897621423,"TBX3/WNT5A/BMP4",3
"BP","GO:0141193","nuclear receptor-mediated signaling pathway","5/86","211/18860",0.023696682464455,5.19673757301885,4.14911445703655,0.00279487373335763,0.0173848221844549,0.0116785130283938,"NODAL/PIM1/CYP26A1/PMEPA1/LBH",5
"BP","GO:0045599","negative regulation of fat cell differentiation","3/86","62/18860",0.0483870967741935,10.6114028507127,5.13046762971056,0.00285157085344713,0.0176037929319588,0.0118256098868159,"WNT5A/JDP2/TGFB1",3
"BP","GO:0055008","cardiac muscle tissue morphogenesis","3/86","62/18860",0.0483870967741935,10.6114028507127,5.13046762971056,0.00285157085344713,0.0176037929319588,0.0118256098868159,"SMAD7/HEY2/TGFB1",3
"BP","GO:0070613","regulation of protein processing","3/86","62/18860",0.0483870967741935,10.6114028507127,5.13046762971056,0.00285157085344713,0.0176037929319588,0.0118256098868159,"SERPINE2/NLRP7/KLKB1",3
"BP","GO:0022612","gland morphogenesis","4/86","129/18860",0.0310077519379845,6.80007211105102,4.47381390924656,0.00287788891378191,0.0177217369953939,0.0119048405667063,"TBX3/WNT5A/TGFB1/BMP4",4
"BP","GO:0002367","cytokine production involved in immune response","4/86","130/18860",0.0307692307692308,6.74776386404293,4.45073620314643,0.00295906260890075,0.0178831040430916,0.0120132412825087,"SLC7A5/SMAD7/WNT5A/TGFB1",4
"BP","GO:0002718","regulation of cytokine production involved in immune response","4/86","130/18860",0.0307692307692308,6.74776386404293,4.45073620314643,0.00295906260890075,0.0178831040430916,0.0120132412825087,"SLC7A5/SMAD7/WNT5A/TGFB1",4
"BP","GO:0003179","heart valve morphogenesis","3/86","63/18860",0.0476190476190476,10.4429678848284,5.08118100386683,0.00298437277437346,0.0178831040430916,0.0120132412825087,"HEY2/TGFB1/BMP4",3
"BP","GO:0010718","positive regulation of epithelial to mesenchymal transition","3/86","63/18860",0.0476190476190476,10.4429678848284,5.08118100386683,0.00298437277437346,0.0178831040430916,0.0120132412825087,"BAMBI/TGFB1/BMP4",3
"BP","GO:0045604","regulation of epidermal cell differentiation","3/86","63/18860",0.0476190476190476,10.4429678848284,5.08118100386683,0.00298437277437346,0.0178831040430916,0.0120132412825087,"GDF3/HEY2/BMP4",3
"BP","GO:0010544","negative regulation of platelet activation","2/86","18/18860",0.111111111111111,24.3669250645995,6.7128117421422,0.00299871341707519,0.0178831040430916,0.0120132412825087,"SERPINE2/PDGFRA",2
"BP","GO:0030903","notochord development","2/86","18/18860",0.111111111111111,24.3669250645995,6.7128117421422,0.00299871341707519,0.0178831040430916,0.0120132412825087,"GDF3/WNT5A",2
"BP","GO:0031053","primary miRNA processing","2/86","18/18860",0.111111111111111,24.3669250645995,6.7128117421422,0.00299871341707519,0.0178831040430916,0.0120132412825087,"TGFB1/BMP4",2
"BP","GO:0042481","regulation of odontogenesis","2/86","18/18860",0.111111111111111,24.3669250645995,6.7128117421422,0.00299871341707519,0.0178831040430916,0.0120132412825087,"TGFB1/BMP4",2
"BP","GO:0071895","odontoblast differentiation","2/86","18/18860",0.111111111111111,24.3669250645995,6.7128117421422,0.00299871341707519,0.0178831040430916,0.0120132412825087,"TGFB1/BMP4",2
"BP","GO:0072189","ureter development","2/86","18/18860",0.111111111111111,24.3669250645995,6.7128117421422,0.00299871341707519,0.0178831040430916,0.0120132412825087,"LHX1/BMP4",2
"BP","GO:1905209","positive regulation of cardiocyte differentiation","2/86","18/18860",0.111111111111111,24.3669250645995,6.7128117421422,0.00299871341707519,0.0178831040430916,0.0120132412825087,"TGFB1/BMP4",2
"BP","GO:2000136","regulation of cell proliferation involved in heart morphogenesis","2/86","18/18860",0.111111111111111,24.3669250645995,6.7128117421422,0.00299871341707519,0.0178831040430916,0.0120132412825087,"PIM1/TBX3",2
"BP","GO:0002697","regulation of immune effector process","7/86","421/18860",0.0166270783847981,3.64635695741037,3.716643786261,0.00310598193577751,0.018477960329795,0.0124128448459262,"SLC7A5/SMAD7/SERPINB9/VAMP8/WNT5A/TGFB1/IL23A",7
"BP","GO:0044331","cell-cell adhesion mediated by cadherin","3/86","64/18860",0.046875,10.2797965116279,5.0329877227167,0.00312092323048702,0.0185079336801512,0.0124329798901001,"SMAD7/WNT5A/TGFB1",3
"BP","GO:0010977","negative regulation of neuron projection development","4/86","132/18860",0.0303030303030303,6.64552501761804,4.40530265287874,0.00312608566433161,0.0185079336801512,0.0124329798901001,"DKK1/WNT3/BCL11A/WNT5A",4
"BP","GO:0001947","heart looping","3/86","65/18860",0.0461538461538462,10.1216457960644,4.9858460729977,0.00326125610489424,0.0192156025173265,0.0129083669632063,"NODAL/TBX3/WNT5A",3
"BP","GO:0043627","response to estrogen","3/86","65/18860",0.0461538461538462,10.1216457960644,4.9858460729977,0.00326125610489424,0.0192156025173265,0.0129083669632063,"GAL/GATA6/SERPINB9",3
"BP","GO:0097237","cellular response to toxic substance","4/86","134/18860",0.0298507462686567,6.54633807705658,4.36080209077486,0.00329943943722804,0.0193940734384433,0.0130282574605227,"SLC39A8/PIM1/ABCG2/GSTO1",4
"BP","GO:0061323","cell proliferation involved in heart morphogenesis","2/86","19/18860",0.105263157894737,23.0844553243574,6.51840990717138,0.00334160403917631,0.0195950384827117,0.0131632587198303,"PIM1/TBX3",2
"BP","GO:0001701","in utero embryonic development","7/86","429/18860",0.0163170163170163,3.57835962487125,3.65618226324133,0.00344501714959042,0.020153350325104,0.0135383130089168,"NODAL/EOMES/GDF3/GATA6/HEY2/TBX3/PDGFRA",7
"BP","GO:0010595","positive regulation of endothelial cell migration","4/86","136/18860",0.0294117647058824,6.4500683994528,4.31720071051693,0.00347923887767326,0.0203052017160171,0.0136403214406593,"GREM1/ETS1/WNT5A/TGFB1",4
"BP","GO:1903317","regulation of protein maturation","3/86","67/18860",0.0447761194029851,9.81950711558487,4.89456171148218,0.00355340123426716,0.0206888787502238,0.0138980621983809,"SERPINE2/NLRP7/KLKB1",3
"BP","GO:0001654","eye development","7/86","432/18860",0.0162037037037037,3.55350990525409,3.63387904520171,0.00357919920699368,0.0207898166704101,0.0139658687484536,"LHX1/GDF3/LAMC3/PDGFRA/WNT5A/TGFB1/BMP4",7
"BP","GO:0035270","endocrine system development","4/86","138/18860",0.0289855072463768,6.35658914728682,4.274466413116,0.00366559793389469,0.0212019654778531,0.014242735843572,"GATA6/PDGFRA/WNT5A/BMP4",4
"BP","GO:0001829","trophectodermal cell differentiation","2/86","20/18860",0.1,21.9302325581395,6.33838699113278,0.00370193048026006,0.0212019654778531,0.014242735843572,"NODAL/EOMES",2
"BP","GO:0003184","pulmonary valve morphogenesis","2/86","20/18860",0.1,21.9302325581395,6.33838699113278,0.00370193048026006,0.0212019654778531,0.014242735843572,"HEY2/BMP4",2
"BP","GO:0060749","mammary gland alveolus development","2/86","20/18860",0.1,21.9302325581395,6.33838699113278,0.00370193048026006,0.0212019654778531,0.014242735843572,"FOXB1/ERBB4",2
"BP","GO:0061298","retina vasculature development in camera-type eye","2/86","20/18860",0.1,21.9302325581395,6.33838699113278,0.00370193048026006,0.0212019654778531,0.014242735843572,"PDGFRA/TGFB1",2
"BP","GO:0061377","mammary gland lobule development","2/86","20/18860",0.1,21.9302325581395,6.33838699113278,0.00370193048026006,0.0212019654778531,0.014242735843572,"FOXB1/ERBB4",2
"BP","GO:0061041","regulation of wound healing","4/86","139/18860",0.0287769784172662,6.3108582901121,4.25341482923617,0.00376127264369422,0.0214590065355576,0.0144154069994449,"SERPINE2/PHLDB2/KLKB1/PDGFRA",4
"BP","GO:0150063","visual system development","7/86","436/18860",0.0160550458715596,3.52090889694901,3.60444648757575,0.00376427831372622,0.0214590065355576,0.0144154069994449,"LHX1/GDF3/LAMC3/PDGFRA/WNT5A/TGFB1/BMP4",7
"BP","GO:0002707","negative regulation of lymphocyte mediated immunity","3/86","69/18860",0.0434782608695652,9.53488372093023,4.80703580405234,0.00386106569316153,0.0219090956307111,0.0147177610474712,"SMAD7/SERPINB9/TGFB1",3
"BP","GO:0035567","non-canonical Wnt signaling pathway","3/86","69/18860",0.0434782608695652,9.53488372093023,4.80703580405234,0.00386106569316153,0.0219090956307111,0.0147177610474712,"DACT1/DKK1/WNT5A",3
"BP","GO:0007159","leukocyte cell-cell adhesion","7/86","439/18860",0.0159453302961276,3.49684801610425,3.58259665007013,0.00390781223755886,0.0221232596029542,0.0148616288830762,"HAS2/SLC39A8/ETS1/SMAD7/TGFB1/BMP4/IL23A",7
"BP","GO:0045926","negative regulation of growth","5/86","229/18860",0.0218340611353712,4.78826038387326,3.90363883328612,0.00396406520281454,0.0223901338007249,0.0150409055971281,"SERPINE2/WNT3/BCL11A/WNT5A/TGFB1",5
"BP","GO:0014015","positive regulation of gliogenesis","3/86","70/18860",0.0428571428571429,9.39867109634551,4.76459897621231,0.00402079524366656,0.0226066222281207,0.0151863349200751,"SERPINE2/SLC7A5/TGFB1",3
"BP","GO:0030193","regulation of blood coagulation","3/86","70/18860",0.0428571428571429,9.39867109634551,4.76459897621231,0.00402079524366656,0.0226066222281207,0.0151863349200751,"SERPINE2/KLKB1/PDGFRA",3
"BP","GO:0036342","post-anal tail morphogenesis","2/86","21/18860",0.0952380952380952,20.8859357696567,6.17101931525699,0.00407953036454696,0.0227288120310473,0.0152684177386553,"SP5/WNT5A",2
"BP","GO:0048846","axon extension involved in axon guidance","2/86","21/18860",0.0952380952380952,20.8859357696567,6.17101931525699,0.00407953036454696,0.0227288120310473,0.0152684177386553,"WNT3/WNT5A",2
"BP","GO:0070242","thymocyte apoptotic process","2/86","21/18860",0.0952380952380952,20.8859357696567,6.17101931525699,0.00407953036454696,0.0227288120310473,0.0152684177386553,"WNT5A/BMP4",2
"BP","GO:1902284","neuron projection extension involved in neuron projection guidance","2/86","21/18860",0.0952380952380952,20.8859357696567,6.17101931525699,0.00407953036454696,0.0227288120310473,0.0152684177386553,"WNT3/WNT5A",2
"BP","GO:0048880","sensory system development","7/86","443/18860",0.0158013544018059,3.46527376765185,3.55375695534099,0.00410563382286462,0.0228224938976886,0.0153313499267724,"LHX1/GDF3/LAMC3/PDGFRA/WNT5A/TGFB1/BMP4",7
"BP","GO:0003143","embryonic heart tube morphogenesis","3/86","71/18860",0.0422535211267606,9.26629544710121,4.72300509067096,0.0041844964059641,0.0231560983546257,0.0155554536855185,"NODAL/TBX3/WNT5A",3
"BP","GO:0045682","regulation of epidermis development","3/86","71/18860",0.0422535211267606,9.26629544710121,4.72300509067096,0.0041844964059641,0.0231560983546257,0.0155554536855185,"GDF3/HEY2/BMP4",3
"BP","GO:0050768","negative regulation of neurogenesis","4/86","144/18860",0.0277777777777778,6.09173126614987,4.15116839397653,0.00426515648691016,0.0235494145805354,0.01581966971372,"WNT3/BCL11A/WNT5A/TGFB1",4
"BP","GO:0003208","cardiac ventricle morphogenesis","3/86","72/18860",0.0416666666666667,9.1375968992248,4.68222516280788,0.00435219842239029,0.023922486630454,0.0160702864154197,"SMAD7/HEY2/TGFB1",3
"BP","GO:1900046","regulation of hemostasis","3/86","72/18860",0.0416666666666667,9.1375968992248,4.68222516280788,0.00435219842239029,0.023922486630454,0.0160702864154197,"SERPINE2/KLKB1/PDGFRA",3
"BP","GO:0050921","positive regulation of chemotaxis","4/86","145/18860",0.0275862068965517,6.04971932638332,4.13129753925445,0.00437113195043407,0.0239729267906619,0.0161041703437045,"PDGFRA/WNT5A/TGFB1/IL23A",4
"BP","GO:0050769","positive regulation of neurogenesis","5/86","235/18860",0.0212765957446809,4.66600692726373,3.82744731040824,0.00442174066881145,0.0241964739939192,0.0162543415043872,"SERPINE2/SLC7A5/WNT3/BCL11A/TGFB1",5
"BP","GO:0034616","response to laminar fluid shear stress","2/86","22/18860",0.0909090909090909,19.9365750528541,6.01486004748855,0.00447424240453266,0.0243751964255804,0.0163744009576548,"SMAD7/TGFB1",2
"BP","GO:0048670","regulation of collateral sprouting","2/86","22/18860",0.0909090909090909,19.9365750528541,6.01486004748855,0.00447424240453266,0.0243751964255804,0.0163744009576548,"WNT3/BCL11A",2
"BP","GO:0009755","hormone-mediated signaling pathway","5/86","237/18860",0.0210970464135021,4.62663134137965,3.80261984972562,0.00458234727089565,0.0249089098331651,0.0167329308820782,"NODAL/PIM1/CYP26A1/PMEPA1/LBH",5
"BP","GO:0032835","glomerulus development","3/86","74/18860",0.0405405405405405,8.89063482086738,4.60299808958927,0.00469971880755735,0.0254905278370164,0.0171236414319738,"LHX1/PDGFRA/BMP4",3
"BP","GO:0010594","regulation of endothelial cell migration","5/86","239/18860",0.0209205020920502,4.58791476111706,3.77806753060826,0.00474707323000664,0.025690658427591,0.0172580821345941,"FGF4/GREM1/ETS1/WNT5A/TGFB1",5
"BP","GO:1902893","regulation of miRNA transcription","3/86","75/18860",0.04,8.77209302325581,4.56449957615571,0.0048795925004335,0.0261539695241837,0.0175693182588608,"ETS1/TGFB1/BMP4",3
"BP","GO:0001759","organ induction","2/86","23/18860",0.0869565217391304,19.0697674418605,5.8686844857933,0.00488590639462772,0.0261539695241837,0.0175693182588608,"DKK1/BMP4",2
"BP","GO:0003283","atrial septum development","2/86","23/18860",0.0869565217391304,19.0697674418605,5.8686844857933,0.00488590639462772,0.0261539695241837,0.0175693182588608,"HEY2/WNT5A",2
"BP","GO:0010955","negative regulation of protein processing","2/86","23/18860",0.0869565217391304,19.0697674418605,5.8686844857933,0.00488590639462772,0.0261539695241837,0.0175693182588608,"SERPINE2/NLRP7",2
"BP","GO:0030539","male genitalia development","2/86","23/18860",0.0869565217391304,19.0697674418605,5.8686844857933,0.00488590639462772,0.0261539695241837,0.0175693182588608,"TBX3/PDGFRA",2
"BP","GO:0090090","negative regulation of canonical Wnt signaling pathway","4/86","150/18860",0.0266666666666667,5.84806201550388,4.03466101084525,0.00492775006360369,0.0263206128397267,0.0176812633861112,"DACT1/GREM1/DKK1/WNT5A",4
"BP","GO:0050818","regulation of coagulation","3/86","76/18860",0.0394736842105263,8.65667074663403,4.52671213363461,0.00506357770818284,0.0269290269026087,0.0180899745874475,"SERPINE2/KLKB1/PDGFRA",3
"BP","GO:0061614","miRNA transcription","3/86","76/18860",0.0394736842105263,8.65667074663403,4.52671213363461,0.00506357770818284,0.0269290269026087,0.0180899745874475,"ETS1/TGFB1/BMP4",3
"BP","GO:0032729","positive regulation of type II interferon production","3/86","77/18860",0.038961038961039,8.5442464512232,4.48961292572963,0.00525170055002723,0.0278091126108123,0.018681185259625,"SLC7A5/WNT5A/IL23A",3
"BP","GO:0060415","muscle tissue morphogenesis","3/86","77/18860",0.038961038961039,8.5442464512232,4.48961292572963,0.00525170055002723,0.0278091126108123,0.018681185259625,"SMAD7/HEY2/TGFB1",3
"BP","GO:0003177","pulmonary valve development","2/86","24/18860",0.0833333333333333,18.2751937984496,5.73144800910424,0.00531436320483155,0.0280201510606676,0.018822953479051,"HEY2/BMP4",2
"BP","GO:0003323","type B pancreatic cell development","2/86","24/18860",0.0833333333333333,18.2751937984496,5.73144800910424,0.00531436320483155,0.0280201510606676,0.018822953479051,"WNT5A/BMP4",2
"BP","GO:0035019","somatic stem cell population maintenance","3/86","78/18860",0.0384615384615385,8.43470483005367,4.45318013783083,0.00544398653911079,0.0285809293303316,0.0191996646273633,"NODAL/FGF4/LBH",3
"BP","GO:2000242","negative regulation of reproductive process","3/86","78/18860",0.0384615384615385,8.43470483005367,4.45318013783083,0.00544398653911079,0.0285809293303316,0.0191996646273633,"NODAL/WNT5A/BMP4",3
"BP","GO:0032967","positive regulation of collagen biosynthetic process","2/86","25/18860",0.08,17.5441860465116,5.60225336899902,0.00575945477444066,0.0299175060904877,0.0200975299573227,"TGFB1/BMP4",2
"BP","GO:0035902","response to immobilization stress","2/86","25/18860",0.08,17.5441860465116,5.60225336899902,0.00575945477444066,0.0299175060904877,0.0200975299573227,"GAL/TGFB1",2
"BP","GO:0045953","negative regulation of natural killer cell mediated cytotoxicity","2/86","25/18860",0.08,17.5441860465116,5.60225336899902,0.00575945477444066,0.0299175060904877,0.0200975299573227,"SERPINB9/TGFB1",2
"BP","GO:1901201","regulation of extracellular matrix assembly","2/86","25/18860",0.08,17.5441860465116,5.60225336899902,0.00575945477444066,0.0299175060904877,0.0200975299573227,"HAS2/TGFB1",2
"BP","GO:1903318","negative regulation of protein maturation","2/86","25/18860",0.08,17.5441860465116,5.60225336899902,0.00575945477444066,0.0299175060904877,0.0200975299573227,"SERPINE2/NLRP7",2
"BP","GO:0042063","gliogenesis","6/86","357/18860",0.0168067226890756,3.68575337111589,3.46744285373499,0.00582477769909737,0.0301506265171505,0.0202541320732995,"SERPINE2/EOMES/SLC7A5/LAMC3/GAP43/TGFB1",6
"BP","GO:0002704","negative regulation of leukocyte mediated immunity","3/86","80/18860",0.0375,8.22383720930233,4.38223132695304,0.00584114701756763,0.0301506265171505,0.0202541320732995,"SMAD7/SERPINB9/TGFB1",3
"BP","GO:0043536","positive regulation of blood vessel endothelial cell migration","3/86","80/18860",0.0375,8.22383720930233,4.38223132695304,0.00584114701756763,0.0301506265171505,0.0202541320732995,"GREM1/ETS1/TGFB1",3
"BP","GO:0021879","forebrain neuron differentiation","3/86","81/18860",0.037037037037037,8.12230835486649,4.34767627924144,0.00604606955725448,0.0311429620590655,0.0209207482418074,"EOMES/ERBB4/WNT5A",3
"BP","GO:0009913","epidermal cell differentiation","5/86","255/18860",0.0196078431372549,4.3000455996352,3.59091680226125,0.00621997670580278,0.0314507329792756,0.0211274979377949,"GDF3/GATA6/HEY2/WNT5A/BMP4",5
"BP","GO:0000244","spliceosomal tri-snRNP complex assembly","2/86","26/18860",0.0769230769230769,16.8694096601073,5.48032496440524,0.00622102410579077,0.0314507329792756,0.0211274979377949,"RNU6ATAC/RNU5F-1",2
"BP","GO:0002716","negative regulation of natural killer cell mediated immunity","2/86","26/18860",0.0769230769230769,16.8694096601073,5.48032496440524,0.00622102410579077,0.0314507329792756,0.0211274979377949,"SERPINB9/TGFB1",2
"BP","GO:0003148","outflow tract septum morphogenesis","2/86","26/18860",0.0769230769230769,16.8694096601073,5.48032496440524,0.00622102410579077,0.0314507329792756,0.0211274979377949,"GATA6/BMP4",2
"BP","GO:0010714","positive regulation of collagen metabolic process","2/86","26/18860",0.0769230769230769,16.8694096601073,5.48032496440524,0.00622102410579077,0.0314507329792756,0.0211274979377949,"TGFB1/BMP4",2
"BP","GO:0032331","negative regulation of chondrocyte differentiation","2/86","26/18860",0.0769230769230769,16.8694096601073,5.48032496440524,0.00622102410579077,0.0314507329792756,0.0211274979377949,"GREM1/BMP4",2
"BP","GO:0060343","trabecula formation","2/86","26/18860",0.0769230769230769,16.8694096601073,5.48032496440524,0.00622102410579077,0.0314507329792756,0.0211274979377949,"GREM1/HEY2",2
"BP","GO:0071276","cellular response to cadmium ion","2/86","26/18860",0.0769230769230769,16.8694096601073,5.48032496440524,0.00622102410579077,0.0314507329792756,0.0211274979377949,"CER1/SLC39A8",2
"BP","GO:2000737","negative regulation of stem cell differentiation","2/86","26/18860",0.0769230769230769,16.8694096601073,5.48032496440524,0.00622102410579077,0.0314507329792756,0.0211274979377949,"LBH/TBX3",2
"BP","GO:0001570","vasculogenesis","3/86","82/18860",0.0365853658536585,8.02325581395349,4.31370950446759,0.00625525135671995,0.0314941651300429,0.0211566741314428,"HAS2/HEY2/TGFB1",3
"BP","GO:0031016","pancreas development","3/86","82/18860",0.0365853658536585,8.02325581395349,4.31370950446759,0.00625525135671995,0.0314941651300429,0.0211566741314428,"GATA6/WNT5A/BMP4",3
"BP","GO:0045667","regulation of osteoblast differentiation","4/86","161/18860",0.0248447204968944,5.4485049833887,3.83661285612444,0.00631575447565996,0.0317337602181933,0.0213176256976317,"GREM1/WNT3/BAMBI/BMP4",4
"BP","GO:0021536","diencephalon development","3/86","83/18860",0.036144578313253,7.92659008125525,4.28031349914086,0.006468714988871,0.0323149737698003,0.021708064550713,"FOXB1/WNT5A/BMP4",3
"BP","GO:0048844","artery morphogenesis","3/86","83/18860",0.036144578313253,7.92659008125525,4.28031349914086,0.006468714988871,0.0323149737698003,0.021708064550713,"SMAD7/HEY2/BMP4",3
"BP","GO:0045765","regulation of angiogenesis","6/86","365/18860",0.0164383561643836,3.60496973558458,3.401356048537,0.00647088607844597,0.0323149737698003,0.021708064550713,"NODAL/GREM1/ETS1/PPP1R16B/GATA6/WNT5A",6
"BP","GO:0030516","regulation of axon extension","3/86","84/18860",0.0357142857142857,7.83222591362126,4.24747148640881,0.00668648245627617,0.0332509793716903,0.0223368402436906,"WNT3/BCL11A/WNT5A",3
"BP","GO:0045913","positive regulation of carbohydrate metabolic process","3/86","84/18860",0.0357142857142857,7.83222591362126,4.24747148640881,0.00668648245627617,0.0332509793716903,0.0223368402436906,"PPP1R3B/PMAIP1/HAS2",3
"BP","GO:1902894","negative regulation of miRNA transcription","2/86","27/18860",0.0740740740740741,16.244616709733,5.36498840275738,0.00669891525803285,0.0332509793716903,0.0223368402436906,"TGFB1/BMP4",2
"BP","GO:0034103","regulation of tissue remodeling","3/86","85/18860",0.0352941176470588,7.74008207934336,4.21516737761731,0.00690857519696305,0.034153660480761,0.022943229712672,"GREM1/TGFB1/IL23A",3
"BP","GO:0048644","muscle organ morphogenesis","3/86","85/18860",0.0352941176470588,7.74008207934336,4.21516737761731,0.00690857519696305,0.034153660480761,0.022943229712672,"SMAD7/HEY2/TGFB1",3
"BP","GO:0098754","detoxification","4/86","166/18860",0.0240963855421687,5.2843933875035,3.75251480451974,0.00702451978073407,0.0346571186772362,0.0232814352487656,"SLC39A8/PIM1/ABCG2/GSTO1",4
"BP","GO:0010001","glial cell differentiation","5/86","263/18860",0.0190114068441065,4.1692457334866,3.50301899414768,0.00706564403518227,0.0347901550990838,0.0233708044450286,"SERPINE2/EOMES/LAMC3/GAP43/TGFB1",5
"BP","GO:0007517","muscle organ development","6/86","373/18860",0.0160857908847185,3.52765134983478,3.33709456748462,0.00716777667810196,0.0348582554214912,0.0234165518500946,"EOMES/SMAD7/MYORG/HEY2/TGFB1/BMP4",6
"BP","GO:0002703","regulation of leukocyte mediated immunity","5/86","264/18860",0.0189393939393939,4.15345313601128,3.49227733235326,0.00717673040717335,0.0348582554214912,0.0234165518500946,"SMAD7/SERPINB9/VAMP8/TGFB1/IL23A",5
"BP","GO:0003272","endocardial cushion formation","2/86","28/18860",0.0714285714285714,15.6644518272425,5.25565410959381,0.00719297334094264,0.0348582554214912,0.0234165518500946,"HEY2/TBX3",2
"BP","GO:0031639","plasminogen activation","2/86","28/18860",0.0714285714285714,15.6644518272425,5.25565410959381,0.00719297334094264,0.0348582554214912,0.0234165518500946,"SERPINE2/KLKB1",2
"BP","GO:0048745","smooth muscle tissue development","2/86","28/18860",0.0714285714285714,15.6644518272425,5.25565410959381,0.00719297334094264,0.0348582554214912,0.0234165518500946,"ITGA8/BMP4",2
"BP","GO:0060065","uterus development","2/86","28/18860",0.0714285714285714,15.6644518272425,5.25565410959381,0.00719297334094264,0.0348582554214912,0.0234165518500946,"LHX1/WNT5A",2
"BP","GO:0060740","prostate gland epithelium morphogenesis","2/86","28/18860",0.0714285714285714,15.6644518272425,5.25565410959381,0.00719297334094264,0.0348582554214912,0.0234165518500946,"WNT5A/BMP4",2
"BP","GO:2000178","negative regulation of neural precursor cell proliferation","2/86","28/18860",0.0714285714285714,15.6644518272425,5.25565410959381,0.00719297334094264,0.0348582554214912,0.0234165518500946,"WNT5A/TGFB1",2
"BP","GO:0051147","regulation of muscle cell differentiation","4/86","169/18860",0.0236686390532544,5.19058758772533,3.70366890188595,0.00747406309164397,0.0361491594806481,0.0242837358634433,"DKK1/HEY2/TGFB1/BMP4",4
"BP","GO:0097421","liver regeneration","2/86","29/18860",0.0689655172413793,15.1242983159583,5.15180407154322,0.00770304450876376,0.0370379263366586,0.0248807782258555,"SLC7A5/TGFB1",2
"BP","GO:2000319","regulation of T-helper 17 cell differentiation","2/86","29/18860",0.0689655172413793,15.1242983159583,5.15180407154322,0.00770304450876376,0.0370379263366586,0.0248807782258555,"SMAD7/IL23A",2
"BP","GO:2000629","negative regulation of miRNA metabolic process","2/86","29/18860",0.0689655172413793,15.1242983159583,5.15180407154322,0.00770304450876376,0.0370379263366586,0.0248807782258555,"TGFB1/BMP4",2
"BP","GO:0043010","camera-type eye development","6/86","379/18860",0.0158311345646438,3.4718046266184,3.29003987335744,0.0077250893789366,0.0370713761797798,0.0249032486557825,"LHX1/LAMC3/PDGFRA/WNT5A/TGFB1/BMP4",6
"BP","GO:0035050","embryonic heart tube development","3/86","89/18860",0.0337078651685393,7.39221322184479,4.09103034321466,0.00784060821505508,0.0374793275960901,0.0251772960909407,"NODAL/TBX3/WNT5A",3
"BP","GO:2000628","regulation of miRNA metabolic process","3/86","89/18860",0.0337078651685393,7.39221322184479,4.09103034321466,0.00784060821505508,0.0374793275960901,0.0251772960909407,"ETS1/TGFB1/BMP4",3
"BP","GO:0001843","neural tube closure","3/86","90/18860",0.0333333333333333,7.31007751937984,4.06119611548542,0.00808462953384122,0.0384959976059067,0.0258602593004142,"WNT5A/TGFB1/BMP4",3
"BP","GO:0021872","forebrain generation of neurons","3/86","90/18860",0.0333333333333333,7.31007751937984,4.06119611548542,0.00808462953384122,0.0384959976059067,0.0258602593004142,"EOMES/ERBB4/WNT5A",3
"BP","GO:0006024","glycosaminoglycan biosynthetic process","2/86","30/18860",0.0666666666666667,14.6201550387597,5.05298102832276,0.00822897595408404,0.0388819113830471,0.0261195026234894,"HAS2/TGFB1",2
"BP","GO:0060512","prostate gland morphogenesis","2/86","30/18860",0.0666666666666667,14.6201550387597,5.05298102832276,0.00822897595408404,0.0388819113830471,0.0261195026234894,"WNT5A/BMP4",2
"BP","GO:0060964","regulation of miRNA-mediated gene silencing","2/86","30/18860",0.0666666666666667,14.6201550387597,5.05298102832276,0.00822897595408404,0.0388819113830471,0.0261195026234894,"TGFB1/BMP4",2
"BP","GO:0072012","glomerulus vasculature development","2/86","30/18860",0.0666666666666667,14.6201550387597,5.05298102832276,0.00822897595408404,0.0388819113830471,0.0261195026234894,"PDGFRA/BMP4",2
"BP","GO:0001892","embryonic placenta development","3/86","91/18860",0.032967032967033,7.22974699718886,4.03181584731233,0.00833309321777479,0.03922300773194,0.0263486391721534,"NODAL/EOMES/HEY2",3
"BP","GO:0060606","tube closure","3/86","91/18860",0.032967032967033,7.22974699718886,4.03181584731233,0.00833309321777479,0.03922300773194,0.0263486391721534,"WNT5A/TGFB1/BMP4",3
"BP","GO:0033273","response to vitamin","3/86","92/18860",0.0326086956521739,7.15116279069767,4.00287737640488,0.00858601691170736,0.0402025864788898,0.0270066857737931,"PIM1/CYP26A1/TGFB1",3
"BP","GO:0060021","roof of mouth development","3/86","92/18860",0.0326086956521739,7.15116279069767,4.00287737640488,0.00858601691170736,0.0402025864788898,0.0270066857737931,"TBX3/PDGFRA/WNT5A",3
"BP","GO:0050680","negative regulation of epithelial cell proliferation","4/86","176/18860",0.0227272727272727,4.98414376321353,3.59407019328964,0.0085958614266715,0.0402025864788898,0.0270066857737931,"GATA6/WNT5A/TGFB1/BMP4",4
"BP","GO:0002699","positive regulation of immune effector process","5/86","276/18860",0.0181159420289855,3.97286821705426,3.36736931225585,0.0086066587252324,0.0402025864788898,0.0270066857737931,"SLC7A5/VAMP8/WNT5A/TGFB1/IL23A",5
"BP","GO:0001911","negative regulation of leukocyte mediated cytotoxicity","2/86","31/18860",0.0645161290322581,14.1485371342836,4.95877959627311,0.00877061590174498,0.040813263770052,0.0274169173324086,"SERPINB9/TGFB1",2
"BP","GO:1900368","regulation of post-transcriptional gene silencing by regulatory ncRNA","2/86","31/18860",0.0645161290322581,14.1485371342836,4.95877959627311,0.00877061590174498,0.040813263770052,0.0274169173324086,"TGFB1/BMP4",2
"BP","GO:0002088","lens development in camera-type eye","3/86","93/18860",0.032258064516129,7.07426856714179,3.97436899604869,0.00884341774074494,0.040842626671072,0.0274366422981561,"WNT5A/TGFB1/BMP4",3
"BP","GO:0002287","alpha-beta T cell activation involved in immune response","3/86","93/18860",0.032258064516129,7.07426856714179,3.97436899604869,0.00884341774074494,0.040842626671072,0.0274366422981561,"EOMES/SMAD7/IL23A",3
"BP","GO:0002293","alpha-beta T cell differentiation involved in immune response","3/86","93/18860",0.032258064516129,7.07426856714179,3.97436899604869,0.00884341774074494,0.040842626671072,0.0274366422981561,"EOMES/SMAD7/IL23A",3
"BP","GO:0071230","cellular response to amino acid stimulus","3/86","93/18860",0.032258064516129,7.07426856714179,3.97436899604869,0.00884341774074494,0.040842626671072,0.0274366422981561,"SLC7A5/BCL11A/PDGFRA",3
"BP","GO:0046661","male sex differentiation","4/86","178/18860",0.0224719101123595,4.92814214789652,3.56381918667796,0.0089355162451349,0.0411905504958658,0.0276703653053649,"GATA6/TBX3/PDGFRA/WNT5A",4
"BP","GO:0048145","regulation of fibroblast proliferation","3/86","94/18860",0.0319148936170213,6.9990103908956,3.94627943332778,0.00910531231565382,0.0418314054324733,0.0281008691464208,"PDGFRA/WNT5A/TGFB1",3
"BP","GO:1903034","regulation of response to wounding","4/86","179/18860",0.0223463687150838,4.90061062751721,3.54886275380258,0.00910858848448239,0.0418314054324733,0.0281008691464208,"SERPINE2/PHLDB2/KLKB1/PDGFRA",4
"BP","GO:0001906","cell killing","5/86","281/18860",0.0177935943060498,3.9021766117686,3.31738578648757,0.0092569375943803,0.0422070681805541,0.0283532261881665,"PIM1/NTS/SERPINB9/TGFB1/IL23A",5
"BP","GO:0001736","establishment of planar polarity","2/86","32/18860",0.0625,13.7063953488372,4.86883892817453,0.00932781360278424,0.0422070681805541,0.0283532261881665,"ERBB4/WNT5A",2
"BP","GO:0007164","establishment of tissue polarity","2/86","32/18860",0.0625,13.7063953488372,4.86883892817453,0.00932781360278424,0.0422070681805541,0.0283532261881665,"ERBB4/WNT5A",2
"BP","GO:0010575","positive regulation of vascular endothelial growth factor production","2/86","32/18860",0.0625,13.7063953488372,4.86883892817453,0.00932781360278424,0.0422070681805541,0.0283532261881665,"NODAL/TGFB1",2
"BP","GO:0048668","collateral sprouting","2/86","32/18860",0.0625,13.7063953488372,4.86883892817453,0.00932781360278424,0.0422070681805541,0.0283532261881665,"WNT3/BCL11A",2
"BP","GO:0060147","regulation of post-transcriptional gene silencing","2/86","32/18860",0.0625,13.7063953488372,4.86883892817453,0.00932781360278424,0.0422070681805541,0.0283532261881665,"TGFB1/BMP4",2
"BP","GO:0061437","renal system vasculature development","2/86","32/18860",0.0625,13.7063953488372,4.86883892817453,0.00932781360278424,0.0422070681805541,0.0283532261881665,"PDGFRA/BMP4",2
"BP","GO:0061440","kidney vasculature development","2/86","32/18860",0.0625,13.7063953488372,4.86883892817453,0.00932781360278424,0.0422070681805541,0.0283532261881665,"PDGFRA/BMP4",2
"BP","GO:0007589","body fluid secretion","3/86","95/18860",0.0315789473684211,6.92533659730722,3.91859782860771,0.00937171673822432,0.0422501064693893,0.0283821377991999,"FOXB1/ERBB4/VAMP8",3
"BP","GO:0050672","negative regulation of lymphocyte proliferation","3/86","95/18860",0.0315789473684211,6.92533659730722,3.91859782860771,0.00937171673822432,0.0422501064693893,0.0283821377991999,"GAL/TGFB1/BMP4",3
"BP","GO:0017015","regulation of transforming growth factor beta receptor signaling pathway","4/86","181/18860",0.0220994475138122,4.84646023384299,3.51928041297901,0.00946127585517821,0.0425757413483019,0.0286008878753025,"PMEPA1/SMAD7/ITGA8/BAMBI",4
"BP","GO:0000245","spliceosomal complex assembly","3/86","96/18860",0.03125,6.8531976744186,3.89131371619407,0.00964264660659277,0.0432459049391453,0.0290510802410213,"RNU6ATAC/RNVU1-1/RNVU1-19",3
"BP","GO:0007416","synapse assembly","5/86","284/18860",0.0176056338028169,3.86095643629217,3.28794438415655,0.00966300440032184,0.0432459049391453,0.0290510802410213,"DKK1/AMIGO2/ERBB4/WNT5A/GAP43",5
"BP","GO:0070663","regulation of leukocyte proliferation","5/86","284/18860",0.0176056338028169,3.86095643629217,3.28794438415655,0.00966300440032184,0.0432459049391453,0.0290510802410213,"GREM1/GAL/TGFB1/BMP4/IL23A",5
"BP","GO:1901888","regulation of cell junction assembly","5/86","285/18860",0.0175438596491228,3.84740922072623,3.27821969381854,0.00980104803210932,0.0437219452563263,0.0293708674086582,"GREM1/DKK1/PHLDB2/AMIGO2/WNT5A",5
"BP","GO:0051250","negative regulation of lymphocyte activation","4/86","183/18860",0.0218579234972678,4.79349345533105,3.49012895455354,0.00982275693182422,0.0437219452563263,0.0293708674086582,"GAL/SMAD7/TGFB1/BMP4",4
"BP","GO:0060041","retina development in camera-type eye","4/86","183/18860",0.0218579234972678,4.79349345533105,3.49012895455354,0.00982275693182422,0.0437219452563263,0.0293708674086582,"LHX1/LAMC3/PDGFRA/TGFB1",4
"BP","GO:0035115","embryonic forelimb morphogenesis","2/86","33/18860",0.0606060606060606,13.2910500352361,4.78283660458575,0.00990041932841071,0.0439077721070681,0.0294956993611734,"WNT3/TBX3",2
"BP","GO:0060966","regulation of gene silencing by regulatory ncRNA","2/86","33/18860",0.0606060606060606,13.2910500352361,4.78283660458575,0.00990041932841071,0.0439077721070681,0.0294956993611734,"TGFB1/BMP4",2
"BP","GO:0032945","negative regulation of mononuclear cell proliferation","3/86","97/18860",0.0309278350515464,6.78254615200192,3.86441700608762,0.0099181170205221,0.0439077721070681,0.0294956993611734,"GAL/TGFB1/BMP4",3
"BP","GO:1903844","regulation of cellular response to transforming growth factor beta stimulus","4/86","184/18860",0.0217391304347826,4.76744186046512,3.47571122879798,0.0100068209395202,0.0442207896553977,0.0297059735576821,"PMEPA1/SMAD7/ITGA8/BAMBI",4
"BP","GO:1903037","regulation of leukocyte cell-cell adhesion","6/86","401/18860",0.0149625935162095,3.28133155483385,3.12526363133488,0.0100382892141268,0.0442802093341286,0.0297458896111705,"HAS2/ETS1/SMAD7/TGFB1/BMP4/IL23A",6
"BP","GO:0071695","anatomical structure maturation","5/86","287/18860",0.0174216027874564,3.82059800664452,3.25890171469481,0.010081205041477,0.0443898221987614,0.0298195236842782,"GREM1/GAL/BCL11A/WNT5A/TGFB1",5
"BP","GO:0030178","negative regulation of Wnt signaling pathway","4/86","185/18860",0.0216216216216216,4.7416719044626,3.46139698436028,0.0101931141741009,0.0447443505988872,0.0300576834132576,"DACT1/GREM1/DKK1/WNT5A",4
"BP","GO:0051153","regulation of striated muscle cell differentiation","3/86","98/18860",0.0306122448979592,6.71333649738965,3.83789796676314,0.010198142586641,0.0447443505988872,0.0300576834132576,"DKK1/TGFB1/BMP4",3
"BP","GO:0006109","regulation of carbohydrate metabolic process","4/86","186/18860",0.021505376344086,4.71617904476119,3.44718486290023,0.0103816466984704,0.0454682815296643,0.030543994789758,"PPP1R3B/PMAIP1/HAS2/TGFB1",4
"BP","GO:0051781","positive regulation of cell division","3/86","99/18860",0.0303030303030303,6.64552501761804,3.81174720890484,0.0104827374236421,0.045610114482086,0.0306392731863466,"FGF4/LBH/TGFB1",3
"BP","GO:0009954","proximal/distal pattern formation","2/86","34/18860",0.0588235294117647,12.9001367989056,4.70048351965406,0.0104882843640125,0.045610114482086,0.0306392731863466,"NODAL/GREM1",2
"BP","GO:0030212","hyaluronan metabolic process","2/86","34/18860",0.0588235294117647,12.9001367989056,4.70048351965406,0.0104882843640125,0.045610114482086,0.0306392731863466,"HAS2/TGFB1",2
"BP","GO:0061037","negative regulation of cartilage development","2/86","34/18860",0.0588235294117647,12.9001367989056,4.70048351965406,0.0104882843640125,0.045610114482086,0.0306392731863466,"GREM1/BMP4",2
"BP","GO:0001910","regulation of leukocyte mediated cytotoxicity","3/86","101/18860",0.0297029702970297,6.51393046281372,3.76051459998596,0.0110656889762886,0.0474760074649035,0.0318927145663169,"SERPINB9/TGFB1/IL23A",3
"BP","GO:0002292","T cell differentiation involved in immune response","3/86","101/18860",0.0297029702970297,6.51393046281372,3.76051459998596,0.0110656889762886,0.0474760074649035,0.0318927145663169,"EOMES/SMAD7/IL23A",3
"BP","GO:0048640","negative regulation of developmental growth","3/86","101/18860",0.0297029702970297,6.51393046281372,3.76051459998596,0.0110656889762886,0.0474760074649035,0.0318927145663169,"WNT3/BCL11A/WNT5A",3
"BP","GO:0061387","regulation of extent of cell growth","3/86","101/18860",0.0297029702970297,6.51393046281372,3.76051459998596,0.0110656889762886,0.0474760074649035,0.0318927145663169,"WNT3/BCL11A/WNT5A",3
"BP","GO:0002719","negative regulation of cytokine production involved in immune response","2/86","35/18860",0.0571428571428571,12.531561461794,4.62151957549235,0.0110912610031968,0.0474760074649035,0.0318927145663169,"SMAD7/TGFB1",2
"BP","GO:0003299","muscle hypertrophy in response to stress","2/86","35/18860",0.0571428571428571,12.531561461794,4.62151957549235,0.0110912610031968,0.0474760074649035,0.0318927145663169,"GATA6/HEY2",2
"BP","GO:0010464","regulation of mesenchymal cell proliferation","2/86","35/18860",0.0571428571428571,12.531561461794,4.62151957549235,0.0110912610031968,0.0474760074649035,0.0318927145663169,"WNT5A/BMP4",2
"BP","GO:0014887","cardiac muscle adaptation","2/86","35/18860",0.0571428571428571,12.531561461794,4.62151957549235,0.0110912610031968,0.0474760074649035,0.0318927145663169,"GATA6/HEY2",2
"BP","GO:0014898","cardiac muscle hypertrophy in response to stress","2/86","35/18860",0.0571428571428571,12.531561461794,4.62151957549235,0.0110912610031968,0.0474760074649035,0.0318927145663169,"GATA6/HEY2",2
"BP","GO:0071229","cellular response to acid chemical","3/86","102/18860",0.0294117647058824,6.4500683994528,3.73541554713884,0.0113640715358569,0.0485591717627832,0.0326203463033842,"SLC7A5/BCL11A/PDGFRA",3
"BP","GO:0031345","negative regulation of cell projection organization","4/86","192/18860",0.0208333333333333,4.5687984496124,3.36398374756746,0.0115604180116344,0.0493124080808778,0.0331263440099464,"DKK1/WNT3/BCL11A/WNT5A",4
"BP","GO:0001558","regulation of cell growth","6/86","414/18860",0.0144927536231884,3.17829457364341,3.03316354138783,0.0116173514554924,0.0494693804612562,0.0332317925425743,"SERPINE2/SMAD7/WNT3/BCL11A/WNT5A/TGFB1",6
"BP","GO:0031342","negative regulation of cell killing","2/86","36/18860",0.0555555555555556,12.1834625322997,4.54571003820599,0.0117092025418632,0.0497742398708614,0.0334365863879831,"SERPINB9/TGFB1",2
"CC","GO:0031012","extracellular matrix","11/89","496/19944",0.0221774193548387,4.96973541138094,5.99404817277748,1.28018998371619e-05,0.00090657912863556,0.000823850779524932,"SERPINE2/GREM1/LEFTY2/COLEC12/WNT3/SERPINB9/LAMC3/LOXL1/WNT5A/TGFB1/FREM1",11
"CC","GO:0030312","external encapsulating structure","11/89","497/19944",0.0221327967806841,4.9597359437524,5.98512762142162,1.30443040091448e-05,0.00090657912863556,0.000823850779524932,"SERPINE2/GREM1/LEFTY2/COLEC12/WNT3/SERPINB9/LAMC3/LOXL1/WNT5A/TGFB1/FREM1",11
"CC","GO:0097525","spliceosomal snRNP complex","4/89","96/19944",0.0416666666666667,9.33707865168539,5.48209354270088,0.000900180382630897,0.0417083577285649,0.0379023319002483,"RNU6ATAC/RNVU1-1/RNVU1-19/RNU5F-1",4
"CC","GO:0030532","small nuclear ribonucleoprotein complex","4/89","106/19944",0.0377358490566038,8.4562221751113,5.15321345724503,0.0013013906162871,0.0452233239159768,0.0410965457774874,"RNU6ATAC/RNVU1-1/RNVU1-19/RNU5F-1",4
"MF","GO:0005125","cytokine activity","11/86","238/18662",0.046218487394958,10.0294117647059,9.53886176961737,1.2155036670155e-08,3.09953435088953e-06,2.57174986389596e-06,"CER1/NODAL/GREM1/LEFTY1/GDF3/LEFTY2/WNT3/WNT5A/TGFB1/BMP4/IL23A",11
"MF","GO:0005160","transforming growth factor beta receptor binding","5/86","26/18662",0.192307692307692,41.7307692307692,14.1407848989444,1.12612728788865e-07,1.43581229205803e-05,1.19132413087168e-05,"LEFTY1/LEFTY2/SMAD7/BAMBI/TGFB1",5
"MF","GO:0008083","growth factor activity","8/86","162/18662",0.0493827160493827,10.716049382716,8.45088004896514,8.10184908180447e-07,6.8865717195338e-05,5.71393566822e-05,"NODAL/FGF4/LEFTY1/GDF3/DKK1/LEFTY2/TGFB1/BMP4",8
"MF","GO:0030627","pre-mRNA 5'-splice site binding","3/86","20/18662",0.15,32.55,9.60525038791923,0.000101779505053403,0.00648844344715443,0.00538360013571947,"RNU6ATAC/RNVU1-1/RNVU1-19",3
"MF","GO:0070696","transmembrane receptor protein serine/threonine kinase binding","3/86","24/18662",0.125,27.125,8.71370488373796,0.000178311905663758,0.00909390718885165,0.00754540906071901,"NODAL/SMAD7/BMP4",3
"MF","GO:0061629","RNA polymerase II-specific DNA-binding transcription factor binding","8/86","355/18662",0.0225352112676056,4.89014084507042,5.03513932415487,0.000231308924241876,0.00983062928027971,0.00815668311800298,"DACT1/EOMES/TBXT/ETS1/GATA6/MIXL1/HEY2/TBX3",8
"MF","GO:0005126","cytokine receptor binding","7/86","278/18662",0.0251798561151079,5.46402877697842,5.10234662389939,0.000297366805830491,0.0108326479266822,0.008988079394275,"GREM1/LEFTY1/LEFTY2/SMAD7/BAMBI/TGFB1/IL23A",7
"MF","GO:0033612","receptor serine/threonine kinase binding","3/86","30/18662",0.1,21.7,7.7204358001881,0.000350610926203326,0.011175723272731,0.00927273633774586,"NODAL/SMAD7/BMP4",3
"MF","GO:0140297","DNA-binding transcription factor binding","9/86","497/18662",0.0181086519114688,3.92957746478873,4.50407963353153,0.00046810647814188,0.0132630168806866,0.0110046084335109,"DACT1/EOMES/TBXT/ETS1/GATA6/MIXL1/BCL11A/HEY2/TBX3",9
"MF","GO:0005109","frizzled binding","3/86","39/18662",0.0769230769230769,16.6923076923077,6.67474806101877,0.000765968150598629,0.019532187840265,0.0162062735021394,"WNT3/BAMBI/WNT5A",3
"MF","GO:0005114","type II transforming growth factor beta receptor binding","2/86","11/18662",0.181818181818182,39.4545454545455,8.6802762057335,0.00112371206156843,0.0220420442846115,0.0182887550101421,"BAMBI/TGFB1",2
"MF","GO:0034713","type I transforming growth factor beta receptor binding","2/86","11/18662",0.181818181818182,39.4545454545455,8.6802762057335,0.00112371206156843,0.0220420442846115,0.0182887550101421,"SMAD7/TGFB1",2
"MF","GO:0070697","activin receptor binding","2/86","11/18662",0.181818181818182,39.4545454545455,8.6802762057335,0.00112371206156843,0.0220420442846115,0.0182887550101421,"NODAL/SMAD7",2
"MF","GO:0017017","MAP kinase tyrosine/serine/threonine phosphatase activity","2/86","13/18662",0.153846153846154,33.3846153846154,7.94736622012509,0.00158410774921439,0.0269298317366446,0.0223442566731293,"DUSP5/DUSP8",2
"MF","GO:0039706","co-receptor binding","2/86","13/18662",0.153846153846154,33.3846153846154,7.94736622012509,0.00158410774921439,0.0269298317366446,0.0223442566731293,"DKK1/BMP4",2
"MF","GO:0036002","pre-mRNA binding","3/86","58/18662",0.0517241379310345,11.2241379310345,5.30613276182209,0.0024283245085691,0.03870142185532,0.0321113964619992,"RNU6ATAC/RNVU1-1/RNVU1-19",3
"MF","GO:0033549","MAP kinase phosphatase activity","2/86","18/18662",0.111111111111111,24.1111111111111,6.67464407315951,0.00306114369961596,0.0459171554942393,0.0380984448063658,"DUSP5/DUSP8",2
