Week 3,Week 4
0,0
0,0.7997441
0,0.9432183
0.47103158,0.608439
0,20.893602
0,3.7546933
2.371129,0
0,3.4044485
0,8.966823
0,2.7339833
2.7744381,0
0,5.6721497
1.243111,6.795017
0.26435444,4.7214355
0,1.9916352
0,3.620128
0,3.5137033
0,2.869578
1.4874865,0.69988805
1.6315876,7.0621467
0,2.2408965
0,2.8669724
0.2703799,0
0,0
0,3.323363
0.30281925,0
0.6875924,2.7078257
1.0000501,1.7713746
0,4.51289
0.9574876,0
4.4122834,1.6650941
0.96997917,9.140768
0.5958765,0
0,0
0.97475386,0
0,0
0,1.3383298
0.5466572,3.9946737
1.4303423,4.28449
0,7.0088778
0,1.5926102
3.3738194,1.8976533
0.7992328,7.1875963
0.30067047,0
0,5.546312
0,2.5660765
1.3905305,0
0,5.1046453
1.5063643,8.93655
1.1649581,1.6330531
0,2.2805016
0,7.3593674
0.7041758,1.8896447
1.4100678,0
0,0.6903217
0,4.118616
0,2.1429336
0.20272051,5.222614
0.72748435,0
1.4572302,0
0,3.9476652
0,3.9390755
0.55887777,0
0,4.4106297
0,0
1.5817779,3.8160655
0,6.899195
0,0
0,0
0,5.023683
0.44706726,1.22414
0,7.731294
0.6266449,5.6059523
0,3.8371513
0,1.8814676
2.3204548,0
2.4801588,18.083181
0,2.3779798
1.6423057,4.310345
0,0.93144554
0,1.0283834
3.1204169,5.044985
2.0549705,2.1314387
1.2022121,5.7012544
0.7128092,0
0,3.3666255
1.6406891,8.402003
0.9919979,11.482607
6.1078024,5.0838842
0.3182585,0
0,1.7691288
0,2.9893875
2.9821815,5.518764
0,0
0,0
3.2265005,0
2.850898,0.70531815
0.47966233,4.004405
0,4.6671934
0.71963155,4.3963776
0.99453014,0
1.6113439,0
0,6.8861036
3.0818539,3.3206043
0,0
0,1.4266692
1.594303,3.0043561
0.98687464,3.6328409
0,0.992523
0.9395494,0
0,2.383222
0,0
1.8310993,6.9790626
0.38009807,0
0.94360393,2.6535757
0,3.8629925
0,2.766864
1.4956179,1.4063709
0,0
0,2.5819776
0,0
1.3032712,7.2708044
0.45306268,3.6974044
0.8672776,0
0,6.3271117
0.55326056,6.453174
1.3935988,4.3746657
0,4.36872
0.54821557,1.8761727
0.9947279,4.122295
0.48609763,1.7929715
0,3.5521176
0,0.66742307
0,4.8163757
0,5.6745634
0.4912074,2.8914864
1.0342866,10.660107
0,0
0,10.380296
0.31135187,3.27562
0.6155361,10.41531
0,4.7135224
1.5224755,5.6947613
0,0
0.4763039,0.81162244
0,7.399186
0,0
0,6.01343
0,3.22505
0,3.8286934
0,6.785124
0,5.320847
0,2.0684662
0,0
0.4996253,0.5048083
0,1.3077879
0,2.4711187
1.6351447,6.5926824
0,0.6103888
0.4926351,4.045717
0,0.75872535
0,0
0,1.2300879
0,2.1715527
3.4251268,0
0,0
1.3917884,0
0,0.7017544
0,0
0.61888844,2.0503008
0,0.43258205
0,3.1215858
0,8.167508
0,2.330459
0,4.80011
1.6895697,5.5013065
0.89657956,2.4102192
0,2.5720165
0.97361505,4.502096
1.843148,0
0.5354179,1.5835313
0,4.649309
1.8801705,0
1.03584,0
3.118179,5.799022
0.85178876,3.6416607
0.63740957,4.5750885
0,0.96814793
0,1.1210762
1.2607161,0.8994424
0.53330487,3.5917928
0,3.3239944
0,41.60166
0,3.396739
1.49488,3.9984007
1.6975623,0
0.933794,3.0830894
0,4.870446
0,5.2539406
0.95657164,0
0.50082636,4.2689433
1.2849342,0
0.9410289,3.1297507
0.7562581,0
0,1.9845208
0.6706009,7.3354115
0,0
0,1.6108247
3.5229874,3.8008363
0,7.635531
0,0
1.2522959,0
0,0
0,1.649802
0,6.895363
0,3.0564215
0.4547935,9.148294
0,19.960081
2.0723956,6.546645
1.5794046,8.841174
0,17.288574
0,0.9632055
0.84210527,0
0,0
0.56322163,1.9673421
1.7268175,3.7967954
0,0
0,0.2739726
1.457301,4.4677763
0,1.0638298
0.9423739,6.4298344
0,1.961169
0,5.4034586
1.92465,1.7350569
1.0019037,0
1.5715857,3.7488284
0,2.7630033
0.50296754,6.674676
0.39174208,2.7668257
0,3.329449
1.309672,0
0,3.373819
0,6.36436
0.99176836,0
0,6.9619703
0,0
0,6.287331
0,0.5655309
1.0758473,14.224751
0,5.0029182
0,1.2362467
2.1905806,1.544998
1.9531249,1.3413455
0,1.5907103
1.3885996,0.85329086
0,1.1634672
1.8392495,0
1.474187,3.340906
0,8.357012
0.40498948,2.4935584
0,7.5002675
0.75769055,6.5798135
0,0
0,8.10537
0,5.004777
0,1.5062509
2.1937041,6.2405276
0,3.9925473
2.4466627,0
0,2.7300029
1.0039656,0
0,0.28681237
0,11.055832
0,0.6147793
0,6.0430784
0.43946385,0
0,5.746226
1.647718,1.0148163
0,3.6609921
0.6956763,2.279462
0,3.7226617
0,8.519443
3.4879665,4.484305
0.77184314,5.498735
0,5.3697457
0,5.9669433
2.3875844,2.2165577
0,3.9236202
0,0
0.5188875,5.5330133
0,2.300878
0,5.730659
0.43779004,0
0,8.735805
1.4420997,0
0.663526,4.6241245
0,1.4820304
0,5.683971
3.6075037,3.400782
0,4.92126
0,3.608545
0,0
0.67831105,3.7306476
1.406272,0
0.498778,0.2922182
0,4.733056
0.54525626,3.640335
0,5.120328
0.9433963,8.368638
0,14.818807
0,0
0,3.2509754
0.77645785,1.5285845
1.0649627,0
0.55994177,0
0,2.5683832
2.2441652,1.6313214
0,2.6861863
0,3.85208
0,3.7260602
0,3.1603067
0,2.8508594
0,0
0,5.779011
0,3.3560803
0,0
0,2.5596724
1.7892288,0
0,3.5971224
2.245845,5.980414
3.6382158,3.8842492
0,0
0,5.115613
0.7105805,4.602992
0,5.394713
2.0734842,3.1052687
0,0.99900097
0,1.1296881
1.5039855,0
0,4.3907795
0,5.5028205
0,0.81135905
0,2.918856
2.0714655,3.5770497
0,0
0,0
0.8389965,5.879183
0.5767678,3.168568
0,3.107842
0,2.9388714
0,4.751239
0,2.827055
0,5.644668
0,0.95138425
2.7199783,5.1317143
0,4.649983
0,8.641549
1.6233108,2.171631
0,1.3271401
0,2.1199915
0,2.6522853
2.5173063,13.988809
0.5776674,3.3973162
0,4.7678647
0,0
0,0
0,2.5815334
0,1.2403101
0.95987713,1.0088781
0,0
0,2.933842
0,0
0,0.6760411
2.8401024,4.132231
0,11.426395
0,2.3514657
3.0392058,0
1.5714623,0
3.5580857,5.6767497
2.1358395,3.947109
0,0
0,3.1701303
0,0
0,5.5639453
1.025273,6.6569033
0,2.6515822
0,0
0,0
0,2.2545881
0.90130687,8.9817
0.72690266,7.009463
0,2.138923
0,3.53045
0,12.606366
0,2.9751575
2.236279,6.395498
0,2.9988008
0,2.560601
3.628776,5.1046453
0,0
0,0.68264043
0.71025246,3.1950338
0.65027964,0
0,1.607071
0,2.9738302
0,14.372674
0,5.8144364
0,0.74454623
3.1052043,0
0,5.8355436
1.1310085,2.1321962
0.59545076,0
0,0
0,2.8064268
0,0
0,5.2180395
0,3.8343558
1.2624668,1.83621
0,0
0,0.53146255
0.2915962,4.1469684
1.9379846,0
10.409438,0.6917543
1.1045249,0
3.1254184,3.8586202
0,3.773585
0,4.349717
0,0
0,0
1.7986258,0
0,0
1.6322976,4.643388
0,7.9372077
0,0.67663574
0,3.1955264
0,3.3613446
0.54884744,5.1177073
0,1.4877262
0.594283,0
0,0
1.4052838,1.8903593
0,3.1343048
0,7.4783125
0,1.8944776
1.4907573,3.4806824
0,2.6948988
0,1.8416207
0,0.89879566
1.1537485,1.7432739
0,1.640689
1.5080682,0
0,1.6952745
0,2.0458267
0,4.406904
0,5.6785917
3.3818057,2.4559162
0,0
0,0.48274195
0.9722425,6.5363545
1.5457543,0
0,0
0,0
0.97832996,0.7541478
0,0
0,1.3435442
0,7.024116
0,0
0.5303352,3.0670142
0,1.8163655
0,7.713404
1.4092447,3.3041468
0,0
0,1.0849518
0,3.3171163
1.0076075,1.9556714
1.126549,2.5092003
1.6737802,2.1367521
2.7999442,3.6569757
1.8945373,5.159959
0.64766836,4.7358675
0,6.6637053
0,5.716736
0,0
0,4.605465
0,3.3846674
0.7773028,2.1946669
0,1.0802636
0,0
0.7028395,4.0426908
1.1626555,2.3013635
2.7034335,73.93716
0,2.131969
0,2.9262013
2.0232267,0
0,4.9248953
0,0
3.8928683,4.349339
0,1.5811527
0,0.84803253
0,3.544214
3.3798056,5.8237348
0,3.6533685
0,7.7232003
0,3.8480568
0.2840667,8.015496
0,5.654509
0,3.6183813
0.9938876,1.5424957
0,0.88167876
0,5.6980057
1.0570825,2.1825721
1.0249052,3.8215866
0,11.39962
0,1.0651139
0,4.0723243
0,2.6059763
0,3.092624
0.98965806,0.8145976
0,1.2419275
0,0.7562581
0,10.312316
0,4.174494
0.6203474,1.1235955
0.982053,0
0,0
0,0
0.38750678,0.99383825
7.328155,2.6752274
0,9.494217
0.5839586,0.7983395
0,0
0,0
0,1.1431184
0.7716645,2.0329335
0,3.310475
1.7234446,1.9981351
0,4.186903
2.8818443,0.7954817
0.49988756,3.8602588
1.0522993,2.943124
1.3645357,1.8354685
0,0
0,1.2105805
2.181025,7.2254333
0.79010785,0
0,0
4.2625747,3.4334764
1.0840403,1.185677
0.9673518,0
0,2.6476038
0,0
0,1.9996
1.68492,5.5309734
1.8073378,3.223034
0.6053635,0
0,2.0218358
0,5.1692157
0,8.306798
0.58058524,7.290598
0.69925183,3.8275316
0,3.236595
0,5.451713
0.7053678,2.634352
0,5.023611
1.4028198,7.458358
1.9227072,2.3310022
1.2771392,0
0,4.243453
0.30115947,5.2287583
0,0.6900359
0,6.7164807
0,2.14064
0.48056132,0
0.4599816,0
0,3.844675
0,0
0,5.623506
1.2653956,0.31082928
0,2.0502307
0,2.2844088
0,9.352349
0,1.6535759
0,0
3.7761497,7.071025
0,5.1850104
3.7807186,2.1244955
0.6656903,1.783644
0,2.3177657
1.1012003,0
0,0
0.9173751,1.176886
0,1.4475969
0,65.14658
1.0266414,2.6601639
0,3.210273
0.6930488,7.180592
0,0
0,0
0,1.0230179
0,0
0,3.358961
0,4.293504
1.8124479,13.826477
0,0
0,4.6931834
1.2995452,0.8789664
0,5.2250013
0,1.7253277
0,0
2.4705591,2.9306176
1.2442454,1.510574
0,0
0,2.1436226
0.38596627,0
0,3.8176265
0,0
0.83738065,6.528836
3.1721573,0
0.34063426,0
1.0283834,3.6421027
0,1.6151175
0,4.9549923
0,0
0,7.0801473
0,1.5661217
0.5158894,8.215962
0,4.7369313
0,3.6142838
0,5.3937435
0,0
0,7.8636026
0,0
0,1.0336452
0.70806485,6.381039
0,0
0,3.0478513
0.25537565,3.4328868
0,1.3938253
2.1629221,14.177693
1.5681354,0
0,0
0,6.035732
0,7.682101
0,2.5339978
0,2.5224924
0,1.4223739
1.0860122,4.3818808
1.0848929,0
0,2.907822
0,0
0.37653437,3.6005762
0,4.8567266
0,0
0.94593954,2.2141855
0.78851914,4.1177683
0,0.988533
1.9729055,2.995133
0,0
0,3.0622244
0,6.628788
0,1.6748548
1.4687523,0
2.250225,1.9256692
0,12.582837
1.4990256,0
0,3.899776
0,0
0,2.466943
0,0.6293662
0,0
0,6.334727
1.4042971,0
0,4.3544526
0.3961965,2.918643
0,0
0,0
0,0.78173864
0,4.4575696
0,0
0,1.2907389
0,0
0,3.4791079
0,11.486331
0.66538024,7.584376
0,1.0570825
0,1.056524
0.75591505,4.4662795
0,0
0,2.092634
0,0
0,0
0,1.4915355
1.4103378,1.611214
0,3.407155
1.0395551,3.7506564
0.3976143,2.6657782
0,1.8190087
0,2.2922635
0,2.5292976
0,4.052411
0.57254094,2.3914862
0.50599605,3.9720368
0,4.8808627
0,6.1914716
1.3853294,3.6385686
0,0
0,5.8294473
0,5.760369
0,4.042582
0,3.0469227
0,3.5868003
0,0.32918558
1.0838346,0
1.1810559,0
0,9.079559
0,1.3677084
2.3925352,4.306897
1.068262,1.0749221
0,2.2304149
0,2.1682568
0.54545456,0
0,6.08828
0,3.4904013
1.277792,0
0,4.0883074
0,3.0895188
0,2.3975065
0,4.815796
0,0.78876793
0,2.9815147
0,4.556752
0,3.387821
4.7172036,2.4691358
1.3095862,0
1.3590649,0.944867
0,2.5299377
0,8.875538
0,2.179599
0,0
0,1.2916002
0.3526093,4.7281322
0,0
3.2602494,2.027575
20.9607,1.9673421
0,3.4131358
0,3.2894738
1.4824698,4.7114253
0,2.8026905
0,0
0,6.22084
3.062787,2.7382257
0.78796,2.2298203
0,1.1764705
0.50150454,2.7652957
0,0
0.47895017,6.053269
1.6367505,4.1623306
1.4015417,6.111847
0,0
1.9045202,3.5950902
1.5755475,7.631646
0,3.5310733
3.0588522,4.2540264
0,5.3875165
0,5.0205846
0,6.1974325
0,6.0026784
0,2.51488
0,6.036684
0.66048014,2.362949
1.8880987,0
3.194378,0
0,0
1.7521317,2.2975302
1.0630947,0
0,3.073495
1.1396661,1.5165302
0,9.450803
0,0
0,7.8431373
0,2.4094934
0,5.070994
0,0.71932095
0.7095469,13.250883
2.9692314,0
0.5277045,0
0,2.0665426
1.1870846,6.147361
8.478888,0.46770498
0,0.97276264
0,0
6.0698028,5.5796385
2.320724,1.3213531
0,0
0.4481692,0
1.1312218,0
1.4521867,5.1397367
0,0.58678555
0,0
0,2.210922
1.6813787,0
1.6741304,0
0.63808066,2.521909
0,1.5236934
0,9.25848
2.3454907,0
0.91793644,13.67321
0.54268193,0
1.5312763,0
0,2.1530843
0,6.489293
0,0
0,1.2756729
0.6211952,2.6361575
0,3.6372454
0,3.2632344
0,8.161044
0.6457863,4.123711
0,0
0.59084195,0.43257275
0,3.3783784
1.4467592,6.582737
0,1.139796
0,4.22565
0,3.5500858
0,4.456328
0,1.4469686
0.5120852,7.730188
1.1131725,0
0,5.193456
0,4.684938
1.3798052,5.069966
0,3.5778174
1.6202203,8.064516
0,3.5260932
0,3.0140908
0.6375518,4.656629
0,0
0,5.6802044
0,2.7090483
0.58682,1.6686134
0,5.2297835
1.22424,0
0,0
0,0
1.2091898,1.6072003
0,0
0,3.5448422
2.0023026,2.1157305
1.7497814,0
0,3.5669122
0,18.148819
0.6942998,0
0,5.4889765
0,1.3982103
0,2.599203
1.6542597,57.692307
0,5.58798
0,2.4145842
0,2.1994135
0,3.1138096
0.5576001,0
0.9035056,3.6123903
0,0
0.73286915,4.317582
0,3.0963862
0,1.3593421
0,0
1.8788753,1.723395
0,3.9703548
0,8.486471
0,0
0,1.5305732
0,1.435029
0,2.7588744
0,5.677517
1.3813108,3.6001441
0,7.558579
1.420616,1.201057
0,1.4869888
0,3.6576445
0,4.095423
0,3.1598072
0,4.939898
0,5.5285707
0.90326077,1.765225
0,0
0.40001598,0
0,0
0,5.5538416
3.387534,71.09005
0,5.9630294
0,5.8752103
3.6796272,0
0,2.9577048
0,0
0,3.7630768
0,2.5858502
0,4.999687
0,1.0991427
1.155869,7.650273
0.3518525,4.2977476
2.0734842,0
2.139312,13.640239
2.1004875,0
0.3922184,0
0,4.5516615
0,2.9733145
0,4.3713937
0,7.283321
0,0.700133
1.5611178,0
0,5.0662413
0,5.567309
0.55844086,0
0,2.1712382
0,4.937784
1.9564366,2.7948575
0,14.687369
0,2.7718108
1.2900729,3.2314355
0,0.9369437
0,0.67478657
0,7.2757506
0.94827175,0
0,5.3844495
0.95319796,5.7541075
0,5.6850486
0,0
0,5.785642
0,0
0,0
0.39889902,4.5646467
0,4.419401
0,2.1652052
0,3.8882408
0,6.8465796
0,0
2.2988505,10.741139
0,10.923845
0,8.410429
0.29403117,5.2452135
0.59336615,0
0.9304922,6.042296
0,9.425071
0,0
0,0
3.5141976,0
0.31348947,7.114399
0,10.900031
0,1.6560404
0,2.1375515
0,1.4081532
0,11.095539
0.8398421,6.0204697
0.70432454,0
0,8.986072
0,1.394214
0.7844368,0.7384979
0,0
0.75812143,0
2.2402687,2.2005832
0.82826024,0
1.3831259,5.63204
0.3802426,0
0.776699,0
0,28.95753
0,3.0307622
0.5421376,2.7066042
0,0
0,1.5015014
1.4464453,1.438849
0,0
0,1.8060323
0.59393007,0
0,2.6030369
0,2.905119
0,0
3.2128513,6.3061643
0.8852691,5.9417706
0,0
0,2.543882
0.8554076,3.1551714
2.0774906,1.0556318
2.0383205,0
1.1677468,0
0,12.47505
0,56.074764
0,3.0244374
3.013319,1.009693
0,1.826484
3.3894475,4.2324204
0,0
0,0
0,3.8902936
0,8.335649
2.3394299,3.923107
1.2068549,4.2483892
0,2.9874527
1.0003501,2.325176
1.227295,2.3446658
1.1765398,2.7457442
0,6.181106
1.1317979,1.1689413
0.6679581,6.1194158
0,0
0,0
0.8722959,5.589715
0.38822892,0.6446206
1.364815,1.6661112
0.5987307,0
0,1.5696124
0,2.7674
0,8.989213
0,0.885975
0,3.2654126
0.5623348,2.198527
0.573263,0.9441087
0.6698223,0
1.299292,0
0,4.6944685
0.6977393,6.0790277
0,11.3837595
2.0242915,6.7506747
0,3.1194758
0,2.5139525
0,4.507804
0,1.8204988
1.4401699,4.8691416
0,3.6751194
0,2.8025599
1.0134792,9.944921
0.8551759,0
0,1.5388335
0.817127,0
1.5496669,8.072654
0.8462385,0
1.3978194,5.5205917
1.2005283,3.2297654
0,2.2217286
0,1.1021713
0,0
1.2046015,2.1267545
0,6.470559
0,6.951686
1.3642937,9.16777
1.8417903,0
0,0
0,0
1.3861935,8.180629
0,4.768392
0,2.2463496
1.259208,4.4780574
0.41153958,10.903144
1.8654976,1.8567803
0.7622532,7.2023873
0,5.4101906
1.2078024,0
0,3.5685608
0,3.2404406
2.0839121,0
2.0444324,7.747934
0.5953798,0
0,0.65930444
1.9640577,2.603997
0.3838919,3.9382482
0,1.7868843
0.76516944,7.641087
0.679071,5.20969
1.4239604,2.4785194
0,4.029821
3.3840947,1.3453518
0,1.8005041
0,16.198704
0,10.548523
1.6203254,5.299016
0.42367494,4.7033925
0.5236424,6.953498
3.359312,0
0,6.24171
0,3.042519
1.580195,0
0,4.884005
1.2966805,0
0,4.920856
0,6.198091
0,2.815202
0,0
0,0
0,3.2365077
0,19.53125
0.64265287,3.4191222
1.2554927,2.9374328
0,2.672606
0,10.789426
0,13.642564
0,3.9463298
0,9.405441
0,0
0,0
0,0
1.1079105,1.841451
0.18024838,4.384591
0.673378,8.939746
0,2.1841214
0,1.4479114
1.6064256,0
0,0
0,0
1.4135275,4.7385883
0,4.562304
0.5001,5.281225
0,3.4274747
0,10.36717
0,1.0316724
1.8157058,7.3457394
0,0
0.90898764,11.251125
0,4.9242887
1.5857075,0
0,7.7105246
0,2.48973
0,0
2.3100023,6.9921923
0.84093684,0
1.910828,0
1.0418837,12.89546
1.3763362,0
0.8567512,2.4874074
0,0.85287845
0,0
0,1.6306562
0,7.405579
0,3.1575623
0,6.5189047
2.5646505,2.036826
0,0
1.4347202,11.74398
0,1.6926202
1.4872652,0
2.2626143,8.609556
0,11.373035
0,0
0,17.566975
0,0
2.0632384,3.096774
0.7242703,6.1755624
0.5416238,0.86734027
0,2.5814223
0.29550827,0.64670503
1.5192181,2.5386078
0,2.3950663
0,11.582117
5.5689626,1.0781671
1.1964585,3.658983
1.8351991,0.18011202
1.1642121,0
1.9312476,0.9319665
0,2.1183448
0,9.073234
0.4990518,0
0,3.6965845
0,0
0.54948074,30.487804
0,2.8542886
0.4529601,3.8720667
1.2013454,2.8284543
0,2.811358
0,1.2669454
0,0
0,5.1546392
0,2.5227044
0,4.349717
0.5423288,3.2178485
0,1.2132242
0,7.5357947
0.6866717,1.6883335
0,1.1511453
0,6.5491786
0,1.0066439
1.7739933,3.90625
0,0
1.9315274,3.5975106
0.5625246,0
0,4.568713
0,4.73597
1.1358473,2.310447
0.40986967,2.4568818
0,2.2703536
0,4.9158163
1.4799466,0
0,0.71479625
0,6.247769
1.9278966,6.547502
2.7917364,3.4494653
0,4.0123043
0,0
0.62833804,0
0,0
0,0.9309253
0,9.022014
0,1.819174
0,1.5313935
0,8.972633
0.4727015,0.7160759
0,2.2829313
1.4091454,2.7159154
0.4187254,5.690594
0,0
0.47481126,1.7249112
0.42367494,1.0637732
1.4822867,0
0.4947311,4.445432
0,0
0.82607085,3.6333437
0,2.5367832
0,5.438583
0,0
0,8.028443
1.9497927,3.0003002
0,4.777831
0,6.3241878
0,3.348161
0,4.9204526
0,4.1693687
0,1.5797788
4.2289257,2.7544415
0.18367834,0
2.5603278,2.7125266
0.85106385,7.7279754
1.8653238,4.561697
0.6385492,15.267176
0,2.0385282
0,4.3828893
0,1.3313364
0,6.359589
0,3.1789763
0.6016123,3.2192986
0,0
0,2.1565666
0.8872327,3.2200933
3.1184223,2.6497085
0,3.7446172
1.1511453,4.879069
0,0
1.3587418,5.1107326
0.5858574,1.5701052
0,7.4474025
3.4018865,4.1823506
0,6.801564
0,4.3965707
1.8581604,14.226775
0,0
2.7690604,0.4990767
0,0
0.71684587,11.28923
0,5.1413884
0,8.422235
0.56442964,0
0,1.1238481
3.9601347,0
0,1.7853954
0,6.539367
1.0429704,0
0,0
0,4.032258
1.6572754,2.6378264
0,14.677103
0,7.5541377
0.65754867,6.3336234
3.7260602,0
0,4.2075734
0,5.8399844
0.6914673,3.1215858
0,2.6567483
0,1.1471837
0.45197737,0
0,4.8647003
0,1.8808777
0,0
0.34740317,3.6993651
1.2510164,3.7169197
0,4.317789
0.64441293,0
0,0
0,5.861092
0,3.9945672
1.4449823,9.68395
0,2.1923416
0.30231574,7.2568936
0.5571341,3.1421838
0,0
0,5.279831
0,0
0,1.3456234
0,1.517681
0,9.534187
0,1.0923163
0,4.6425257
0,0
1.3934369,3.4702141
0,1.0380443
0,4.9353466
0.3200717,3.9942937
0.71890724,0
0,4.1973977
0.85088277,1.2618296
0,3.8175225
0,2.9513035
0,3.2858257
1.3600816,3.02366
0,0
2.1046429,0
0,62.176163
0,4.8379292
0,4.8014264
2.2862368,7.373643
0,2.1145
1.0509721,0.9700262
1.7840153,0
0,2.3364487
0,2.199736
0,0
1.660578,6.3443723
0,4.015258
4.1142106,14.843572
0.6791633,4.191115
2.4891722,2.6814444
2.7329872,8.921933
1.0809642,4.5146728
3.100363,4.496908
0.5647803,3.0197797
0,0
0.23068583,1.8078824
0,3.7558684
0,0
0,1.3104442
0,0
0.43850034,3.3575075
0,1.949888
3.1535795,1.6806722
0.997357,3.0521302
0,3.114052
0.6487609,4.302463
0.3965579,0
0,7.5310655
0,5.268704
0,7.2139664
0,6.096735
0,0
0,0
1.4332579,1.9325913
0,6.3364058
0.45153862,6.0233707
0.63047725,3.7100246
0,3.4690104
0,4.9145417
0.7902639,3.3568313
0.5497224,4.0698767
0,0
0,2.9404845
1.1560248,5.103603
0,2.3408241
0,0.9627882
0,2.4103022
0,2.3552687
0,1.4301037
0,0
3.8071067,0
0,2.3353572
0,3.3843238
0,0
0,2.9020355
0.5319432,0
4.085802,7.7942324
0,0.45983353
0,6.170935
0.80606157,11.31862
0,11.120866
0,1.621797
0.5639999,1.4117315
0,39.0625
0,7.7579517
0,4.9257617
0,6.3445067
0,0
0,2.4065456
0,7.0763063
0,1.7239398
2.8481913,0
0,0
0,1.1372036
0,1.4330754
0,5.5096416
0.38750678,0.6242977
0.4727909,5.450581
0.65720296,0
2.7812543,7.329363
0.7022965,6.162379
0,2.4137099
0,5.881315
0.33965084,2.0656888
0,3.9562178
0,0
0,0
0.74117994,1.0922993
0,0.22090173
0,8.348513
0,0.72005904
4.118374,0
0,1.3810247
0,3.3848968
2.9279718,2.4845407
0.32888246,3.164557
2.2773855,0.35344434
0.7988497,5.9559264
0,0
1.8378974,2.681684
0,0
0,3.5048368
0,2.4365284
0,0
3.3814247,1.8880394
0,1.8315018
1.3787398,4.1897492
0.7553441,8.097166
2.3719165,2.697963
0.47824007,2.5786486
0.9900337,1.8669488
2.3989444,4.396764
0,0
0,2.0405388
0,4.102985
0.91274184,29.638412
0,1.4261266
1.18631,4.9146953
1.3071896,3.793147
0.4715202,1.5815277
0,2.3808107
0,3.199488
0,1.6644474
0,0
0,1.5260186
0,4.3001504
1.2177302,6.730869
0.35681155,0
0,10.504202
1.5501473,4.2480884
0,6.7232537
0,0
1.0002501,2.773156
0,8.232994
0,7.8360457
0,1.499419
1.2548627,7.238218
0,2.4979184
1.2390039,4.0383644
1.5205271,4.167535
0.5605067,4.220936
0,4.8229294
0,3.417927
0.5061241,7.9294276
3.6216137,3.4746351
0,1.436369
0,6.4507804
0,4.6113305
0,5.1063833
0,8.944544
0.75437534,0
0.9188643,2.1107435
3.3813484,5.079365
2.5975714,0
1.5696124,0
0,4.6571198
0,3.5872295
0,1.0719262
0,7.352941
1.4014763,6.93313
0.91499674,6.9871435
0.5684079,3.094538
1.8939394,7.4349446
1.2251899,9.05592
0,0
0.8549566,1.8026137
0,6.586375
0,0
0.33823776,20.426691
0.4280822,0
1.2968907,1.9481784
1.8781693,6.786234
1.1965659,9.978048
0,8.923313
1.4986511,2.3523877
0,4.2247567
0.44835004,1.6303905
1.4147273,4.1131105
0,4.180078
0.9372071,1.2019953
0,4.0360556
2.6432302,2.4239485
0,0
0,0.8577801
3.120125,4.0816326
0,2.5453389
0,4.8768597
0,0
0,4.444444
2.2906885,0
0.94649917,5.295208
0.7140307,2.677854
1.4397812,1.9203073
0.6478152,1.4738394
0.51770556,3.1342068
0.7797879,0.8053475
0,4.5065346
0,1.7247326
0,0.90130687
0,3.6780932
0,3.4634604
0,0
0,5.0078697
0,6.856695
2.0150456,1.5304561
0,4.3228555
0,3.2051282
0,3.3802054
0,0
0,3.0721965
3.946849,8.846426
1.3928547,1.4512734
3.636099,2.677233
0,3.6888268
0,3.0248034
0.47406843,3.186574
0,0
0,4.896931
0,6.3516264
1.1045249,4.025765
0,0
0.94193,2.5591812
2.0790021,1.160362
1.2120625,11.4229765
0,0
1.9361085,7.4857774
0.38066235,0
0.89641875,2.0402958
0,4.5130877
0,2.546992
1.2874984,2.9408438
1.2918228,0
0.46739894,8.363356
0,1.2597631
0,3.048037
3.1362708,7.9470196
0,9.365802
3.2051282,7.146106
0.59988,3.0021014
1.8485427,4.276794
0.759965,0
0,0
5.2891397,3.363983
0.7047713,0
0,0.91374266
0,4.3342166
0,1.3798814
1.6451697,5.104211
0,6.96767
0,1.759634
0.8239947,0
0,4.052411
1.8332478,3.4790678
1.1453443,2.0283976
6.603566,2.537588
0,0
0.44485965,7.027407
0,3.3400133
0.7708912,2.9463758
0,0
1.8163104,0
0.2849571,4.905167
0,3.1094527
0,4.1365047
1.0178117,4.771751
0,4.276855
0.7270613,1.2187691
6.8399453,2.3007016
1.0660981,3.8920603
0,2.367144
0,17.772512
0,0
0,5.472455
0.690417,0
0,3.0905929
1.6488047,5.0877643
1.5073483,4.3336945
0.6112843,0
0,4.1098146
0,2.6130128
4.4667783,3.4965034
7.090187,6.3182597
0.5609469,0
0,1.1968881
0,2.3600492
0,0
0,0
0,0
0,1.5209125
2.8749402,0
2.5187857,1.799532
1.0908694,0
0,7.173601
1.834593,4.1402154
0.46212858,0
1.7266188,0.6179706
0,0
0.4232267,0
0,2.051282
0,5.86052
1.5535187,8.137248
0.5235602,0
0,1.9976029
2.4409297,0
0,0
0,0
0,0
0,6.3264446
0,0
0,1.6600266
3.5137036,0.8605852
0,5.119017
0,0
0,2.0445716
0,0
0.425152,0
2.0606418,1.7091095
1.3003901,0
4.3340073,5.350455
0,0
1.7080392,7.2640824
0.78118896,2.5094104
0,0
0,4.6029916
0.9833325,3.7725172
3.574529,2.7095375
0,0
0,0
0.8592542,2.0648358
0,3.8846264
0,4.2423816
0,0
0,0
5.3981104,15.634772
0,5.1759834
1.0851088,0
0,7.5930142
0,6.7174206
0,0
0,0.69998604
0.7195539,3.0427506
0.7585527,2.5098827
0.5976572,10.504202
3.659987,1.3437248
1.045697,2.5375702
0,5.0525465
0,4.5558085
0,1.4962592
2.1375744,6.9658675
0,5.233645
0,0
0,2.6258204
0,6.223098
0,0
3.3187678,6.4738016
0,3.7810042
0,4.432624
0,1.1712345
1.9291612,2.988822
1.1009579,0.40813828
3.1393888,0
1.7880292,3.3160896
0,0
0.94649166,0.79827577
0,0
0,0
2.2901113,7.581022
0.7739938,0.98236644
0,0
1.2551252,2.9014943
1.2233913,1.0179154
0,0
0,2.7386005
0.5258453,2.2981462
0,0
0.7117438,3.8520799
0.7481857,0.6170935
0,1.0557432
0,1.7497814
0,2.305316
0.556091,6.795787
0,3.5669699
0,5.271481
0,2.446184
0.97167563,0
0,4.519093
0,10.810811
7.183908,2.6300216
0.5201019,1.9114368
0,0
0,6.8626933
1.6561775,4.7558656
0,0
1.3981125,3.0822973
0,4.3279824
0.3738877,1.4362314
2.5755494,8.4513
0.3538821,1.5807778
2.0733984,4.2614846
0,2.1899807
0,6.3378053
0,1.7940438
0,3.8989394
0,0
0.4371585,15.048909
1.4948242,3.0478513
0.68327016,0
1.3093004,8.361204
0,4.318411
0.49652433,2.8096201
0,0
1.6190835,0
0,8.592911
1.747259,0
0,4.9275646
0,1.371554
3.0590394,1.1861693
1.8384042,5.279831
1.5346838,26.730822
0.6847908,1.7492915
2.223921,0
5.0167227,5.6630487
0,5.2388935
0,3.0244374
0,0
1.340842,0
0,6.850879
0,0.73378336
0,5.592841
0.9430404,2.5672293
0.84324145,0
0.4949515,3.6683786
0,2.6096034
0.30647582,9.674923
0,9.723423
0,27.609056
0,1.2118274
2.0131865,6.2912865
0,2.1893015
0,2.004142
0.36828342,0
0,0
0,1.9265349
0.7792107,2.3103583
0,2.469898
0,2.1315901
1.7962997,4.6707144
0,0
1.0160537,1.7050298
0,5.878895
0.38842493,4.2849493
1.5931177,1.8120866
0,4.8703275
0,0.88865185
0,3.9261875
2.2214816,2.0218358
0.8740877,6.6210546
0,3.980258
0.87469935,4.6028957
0.80580175,4.333131
0,3.3095362
0,0.90906334
0,4.5728917
2.3932033,1.8674136
0,0.22146432
0,3.9197752
0,4.0600896
0,3.1707206
0,3.1692371
0,0
0,0
1.6321201,4.561697
1.9559902,0
0.61323357,0
0,1.4007564
0.44381323,2.3315458
0,1.5379883
0.60782886,2.7839644
0.4862394,1.840566
0.97361505,5.351273
1.1141235,0
0.92165893,0
0.69223315,2.1626298
1.1783651,4.3299417
0,5.315017
0,2.3660238
0,4.355875
0,2.0279863
2.0414412,0
0,4.8971596
1.2333498,8.414473
0.3243699,5.3840632
2.5092528,6.619229
1.0990219,0
0,2.0986989
0,0
1.5440836,4.314064
0.80893064,7.918179
0,6.4226074
0,3.6862283
0,0
0,3.2149172
0,3.6293876
0.86587584,1.5135462
0.78486776,0
0,4.9862876
0,2.9088793
0.6494772,5.0779834
0,4.019831
0,5.3390284
0.47719032,2.4685264
0,6.674676
0,1.8656716
0,3.7831023
0,2.9014943
0.5780681,1.2851819
0.73459196,0
0,2.3356845
1.3310853,4.562787
0,2.0337605
2.0792181,2.418282
0,3.7185087
0.24609934,0.52534807
0,4.587682
0,0
0,6.965552
0,0
2.0679672,0.61462814
0,5.373455
0.43572983,2.7862914
1.7751479,0
2.3249326,0
0,0
0,4.4251704
1.9328235,3.824677
0,1.2067093
0,0
0.87058717,89.385475
0,9.425071
1.2971851,4.9733925
0.9602458,4.7044735
0,0
0,0
2.8982708,11.487651
0,7.1964636
0.22804497,0
0.46739894,2.5059516
0,4.6893315
0,1.8950161
0,0.94589484
2.203007,0
0,0
0,6.8594947
0,0
1.7242867,10.570825
0,3.5855143
0,2.2641082
0.3949291,0
0.49667227,8.369952
0.9305139,2.891218
0,1.9592477
0,5.0368605
0.7028395,0
0,1.1456066
0,4.1152263
0,2.3503604
0,8.89205
0,0
0,3.0275507
0,1.4546865
0,6.3214755
0,7.623008
0,2.8517108
0.5793575,3.4164674
0,0.79840314
0,3.5852573
0,14.458465
1.751467,7.3588934
1.7004634,3.4164674
0.5208334,2.53365
1.9316206,3.3068783
2.9460864,3.570472
0,2.9420419
0,1.8900019
0,0
0.7342144,3.3461602
0,1.5453563
0,3.2138839
0,4.178157
0,3.1053972
0.28239015,11.082378
0.8527573,1.056859
0,4.017678
1.7175244,4.911591
0,0.805774
1.6604676,0
3.6598756,7.089964
0.64516133,7.4074073
0,0
0,5.0030575
0,0
0,2.8768702
0,1.5637217
0,0.58587456
0,4.4968524
0,0
0,0
0.3252773,0
2.37023,4.793864
0,6.9881206
1.3546464,1.790831
0.5081559,5.4278994
1.1711316,2.2811954
0,0
2.700878,0
0,1.4478066
0,2.8016438
0,6.438632
0.7980209,4.020909
0,5.742412
0,0
0,21.287918
0.5247966,0
0,2.0231993
1.6360722,2.6186824
0,0.989805
0,0
1.8320051,0
0,0.668628
0,3.7027895
0,5.931198
0,7.3937154
1.6565892,3.2199206
0,5.7323017
0,0
0,4.5533886
0.8305648,2.1247964
0,4.5825315
0.798212,4.516202
0,1.6747613
0,0
0,2.3307307
1.2543379,0
0,2.7874565
0,0
0,0
0,4.3421626
0.8424245,2.8551035
2.5575447,1.8418467
0,5.076658
0,0
0,2.2679164
0,0.773156
0,13.544019
0,0
1.304518,2.1691973
1.186662,0.9873618
0,2.1379702
0.5848295,5.0259676
0,0
0,6.911447
0,5.870842
0,2.550153
0,2.2507315
1.1405109,2.4291499
0,4.226096
1.2513556,7.7372766
0,0.7922047
0,3.1203196
0,0
0.7346819,3.2331069
1.2971009,6.25
0,0.39100686
2.128656,4.080966
0,2.3509128
1.4713997,0
0,0
0,0
0.510647,0
0,0
0,3.0705457
0.49598253,1.350439
0,4.2680326
0,21.18644
0.4526116,3.3602152
0,4.0244684
1.5581179,1.7838031
0,4.6000805
0,5.242922
0,3.2185388
0,4.7775774
0,0.6462871
0,1.2526618
0,6.486887
2.1661432,3.6429873
0,0
0,0
0.96397936,3.8013177
2.0718234,1.7016932
0,0.8105698
0,1.4840097
0,5.098356
0,3.3291166
0,0
1.268794,0
2.9543843,32.188843
0.8502678,3.8282175
0,3.112679
0,2.1606672
0.6371456,0
0,5.172333
0.7271141,5.712653
4.2063937,0
0,2.7058716
0,3.4122412
0,2.2194276
0,2.6148348
0,3.5901806
0,8.759124
0.91764164,7.659575
0,0.49246526
0,0
0,0
0,3.771687
0,1.9081542
0,4.5475216
0,2.375438
0,3.250843
1.7337033,1.0855407
0.73561865,0.746826
0,2.1260762
0,2.6942558
0,6.826974
2.0141664,0.30228832
0,4.1653647
3.5186486,0
0,2.8095148
0,2.8264556
0,2.9561749
0.7514277,13.793104
3.2422793,5.71143
0.20716801,6.2705755
0.29766336,11.18318
0.5317452,3.984593
0,3.2095
3.7897928,4.920049
0,1.2421589
0,0
1.7173278,3.534568
0.39168072,4.9685326
0,0
4.0397043,0
1.5053439,0.79226744
0.54752517,3.1286664
0,2.6502936
0.35923412,0
7.64453,0
0,6.002401
0,2.6807256
0.7287302,4.1330853
0,14.463059
0,0
0,4.9879456
0.61986035,1.1704121
0,5.8225703
0,4.7843623
0,1.4150275
0,1.4958862
0.83260477,1.7884289
0,5.7848053
1.767409,2.1091113
0,0.6385288
0,2.3214424
0.7930214,0.3542331
0.56980056,4.3348427
1.1968881,4.9024415
0,5.2696295
0,2.9806259
1.2621481,1.6473107
0,7.4524903
0,9.850599
0,0
0,50.083473
0,3.5331528
0,2.6768386
0,0
1.0310341,12.42236
0,4.954732
0,2.4964633
2.30614,3.0652907
0.5339028,4.079492
0.39342198,3.0213306
0,3.5778174
0,0.6377551
1.182872,3.2450676
0,10.2798395
0,2.399808
0.89277744,3.0873725
0,3.7693179
0,1.1700696
1.3705765,0
1.7595567,3.2726798
1.1698643,29.595528
1.2036592,8.884581
1.712622,6.654625
0,1.8867925
0,0
0,2.835271
0,7.755696
0.38157746,3.839656
1.2452266,2.605863
0,0
0,0
2.1829295,0
2.3614345,1.2177302
0,4.5787544
0,4.418913
0,0
2.0886638,6.0386477
0,2.5591156
0,0.5426525
0,0
0,2.0691082
0,2.9653792
5.338553,2.203614
0,7.1466856
3.6571987,2.7074592
0,1.4109347
0.93327117,1.5465512
0.5984679,0
0,3.4584126
0,3.3171897
0.8195714,11.713031
0.78057915,4.0574536
6.755615,1.1234692
0,3.1730924
0,12.946659
0,2.5089905
0,5.766106
0,3.0092466
1.160362,4.715869
0,4.268293
0,2.111375
1.3328712,5.2732186
0.5355326,20.185709
0,6.752195
0.29469836,5.0462575
0,6.539153
1.1520737,7.1983876
0.5090613,0
2.7220144,0.63099444
0,5.077001
0,3.536068
0,0
0,3.9921384
0,2.3406413
0,0.9847366
0,3.5820897
0,1.6006402
0,5.0312657
0,0
0,5.0560985
1.6507099,3.0788178
0,0
1.2906556,1.3007283
0,3.6609921
0,0
0,0
0,0.73356813
0,0
1.6559032,0
1.3894678,0.8251506
1.1950644,2.9808798
0,0.65303993
1.6331196,3.9085402
0,3.0284677
0,0
2.4946363,4.474559
0,4.002241
1.2206286,1.2394645
0.87966216,2.8504646
0,4.9216638
0,4.322455
1.3187972,0
0,0
0,0
0,1.4798372
0,3.1484165
0,0
0,7.8740153
0,1.0877842
1.1858176,0
0,4.9777913
0,3.1106617
2.957049,1.2721837
1.6439258,2.513984
0.555679,0
0,9.595088
0,2.37431
0.57768404,0
0,4.038772
1.8882176,0
0,3.6742191
0,1.1258092
0,6.6229153
0,5.448404
1.8089725,1.2707288
1.943131,1.2539971
1.1667931,0
0,0
0,6.0154552
1.5096618,0
0,4.892368
0,0
0,2.096436
0,4.763967
0,3.9177277
0,0
0,0
0,1.9849148
3.2567987,1.3694879
0,7.1530757
0,1.1144545
0,2.4713733
0,0
0.6222388,2.3209934
0,3.6166368
0.74194986,7.3392425
2.47811,4.484305
0,4.2680326
0,9.092412
0,5.024705
0,1.7015483
0,3.4241886
1.5481074,0
1.0634149,9.504313
3.8214128,0
1.4591085,2.3593252
0,2.9956565
2.6071088,0
0.47796577,0
0,3.3446214
0,4.317044
1.3302295,1.3176967
0,4.339807
0,7.662835
0,1.5360982
0,0
0.58322644,1.4751438
0,7.133516
0.78057915,0
1.3492545,0
1.8881284,0
0.67850274,4.5528455
2.4907634,11.473372
1.1149515,1.3231306
0.52995574,0
0,6.5756392
1.2614914,0
0,0
0,5.98023
1.2101411,3.7119524
1.5277672,0
4.62606,3.6557503
1.2476346,0
0,3.0190198
1.5631716,0
0,1.391256
0.98575586,0.77029735
0.3463563,0
0,0
1.2581782,0
0.42084,1.978435
0.23089887,1.1761938
0,0
0.89790785,9.727626
0.5443658,5.250033
0.6085686,3.7390165
0,1.7346054
0,2.480774
0,4.683527
0,1.1665889
0,1.3059376
0,6.139364
0,7.749535
0.4744508,4.469546
0,0
2.6432881,0
0,2.6260505
0,2.8390272
0.5463585,8.292255
0,6.687685
0.41711855,2.4526837
0.42064527,2.0336225
0,4.599816
0,2.7168992
1.1245432,3.101737
0,6.6822586
0,2.5592904
1.6677785,5.9396534
2.2814124,0
0,0
0,0
0,0
0,4.233103
3.2378178,0
0.84269667,0
0.52463144,0.969462
0,6.439668
1.5145396,3.3363917
0,2.6422405
1.8448483,0
0,2.164268
0.5719188,4.1743193
1.9637878,3.724395
0.9881911,0
2.439917,2.0635576
0,0
0,1.7850769
2.372104,0
0,4.1260934
0,3.91581
0,0
3.0120482,0
1.4179368,7.376807
0,5.099439
1.6282667,0
0,3.880983
0.6872144,0
0,5.4163527
0,3.7115588
0,7.412898
0,6.420958
0.48330194,0
0.5599731,9.990009
0,4.7268906
0.735781,0
0,6.642753
6.5668507,39.52569
1.0523732,3.7075944
0.87819445,1.7417051
0,0.83963054
0.9981036,2.2696323
1.6471751,1.9572345
0.9802961,2.572678
1.8588513,0.98843527
5.263158,1.4638073
0,5.1046453
0.7537499,3.8279955
0.87397313,0.6246876
0,1.5440439
0,3.927537
0,1.6666666
0,1.3970383
0,0
0.7894841,0
0,3.2225578
0,3.3364844
1.7219607,0
0,5.1339097
0,2.3648117
0.7130633,0
0,4.9941735
1.3688005,4.172356
0,2.8771458
0.15320975,2.96472
0.98843527,3.5746784
0,0.7952708
1.1252391,0
0,6.2220716
0,1.7889087
0.5955926,0
2.9072583,4.913522
2.443315,0
0,2.776786
2.6936753,6.686088
0,0
0,1.3367198
0.25260818,4.037142
1.7172542,1.0887316
2.8641806,1.4182386
0,1.485222
1.1468328,4.7453337
0,4.195335
0,0
0,0
0,2.078786
0.7878979,3.3274179
1.0062133,8.860964
0.45454544,0
0,1.7019346
0,0.96871066
0,5.2788553
1.0400777,7.190365
0,0
0,7.430111
0.8680556,5.112877
0,1.9477042
0,2.0186872
0,3.730898
0.7824726,0
2.4502296,0
2.037905,5.2069774
0.8617347,0
0,4.511617
5.3932586,109.090904
0,7.517182
0,0
0,2.093218
0,3.103341
0,0
0,3.3860998
0.81037277,5.235602
0,7.446017
0.74604595,2.5188916
0.73233247,4.009355
0,3.4453907
0.6162569,2.7402265
0.8599192,0
0.8932958,6.7704806
0.33561552,6.5541534
0.5986053,5.5746536
2.3505447,0.7872156
0,0
0.5959831,2.5347257
1.2692369,1.7415534
1.3055398,0.74465704
2.476351,4.479484
0,3.2203526
0,8.0409355
0,1.3349352
1.2372409,7.1603317
0,8.909348
0,0
1.1682243,2.608242
0,4.945598
0,2.153316
0.990148,4.8396854
3.5625224,0
0,0
0,4.5167117
0,0.4254052
0,6.116208
0,0
0,5.491762
3.2943501,3.6886759
0,7.5692043
1.0518012,5.239129
0,6.07428
0,0
0,1.9236318
0.3401245,0
0,2.469014
8.635579,2.9539917
0,5.0251255
0,0
1.8106103,2.5657473
3.7950666,3.6677058
0,1.4718328
0,2.2515762
0,1.5253203
0.6755388,1.8962737
0,0
0,8.200923
0,3.937485
2.2788126,7.762167
0.29281718,0.80658174
0,37.17472
1.4026229,9.703504
0,1.2300123
0,1.7551557
0.49169046,0.9903932
0,5.8207216
0,1.8039958
0,3.4538338
2.814523,6.8467097
0,10.460251
0,1.038961
0.67911714,2.2675738
0.48414427,8.691873
0,7.390983
0,3.5063114
1.2597631,2.5492861
1.1887779,0.65763515
0,0
0,0
0.73556453,4.502071
0,0
0,0
4.913315,4.756431
0,1.7551557
0.37052134,4.792715
0,2.2624435
0,5.1324825
0,0
1.0022048,2.1184196
1.312336,1.8232787
0,0
0,0
0,4.109026
0.6302389,7.047926
0.9715341,1.061008
0,3.137091
0,2.4220893
0,1.4896469
0,0
0,2.0567667
0,3.4828038
1.5070833,1.4094433
0,2.399952
0.7811279,13.871375
0,7.3735437
0,3.2877433
0,0
0,7.9436007
1.2324377,0
1.3527223,6.612882
0,2.8484619
1.326084,3.329528
0,1.5629884
1.0729614,0
0,13.679891
0,3.1187625
1.2021158,3.6805298
0,3.770536
0,3.75319
0,3.3725548
2.794467,2.5798583
0,3.6459756
0,3.244383
0,5.4869685
0,0
0,0
0,3.4831069
0,4.052959
0,0
0,10.047222
0,0.17385258
1.2381856,4.5740423
0,4.6058187
0,4.687683
0,6.7345104
0.5628729,2.6741543
0.49070123,3.5971224
0,6.3515105
0,5.0125313
1.1317979,3.3896005
0,2.2318108
0,1.2933265
0,5.6811724
1.2359412,3.783579
1.2924906,3.2358968
1.2339078,0
0.64199275,4.1267366
1.026905,2.1306818
0,0
0,0
1.3954786,7.8903956
0.31585598,5.417705
0.78003126,0
0.4627701,0.8753501
2.2250543,4.0683484
0,7.012623
1.2211006,2.9453635
0.505689,0
0,0
1.0456423,3.7040465
0,4.790929
0,4.5533195
0,1.018745
0,2.1414423
2.4700506,2.669514
0.34324157,3.6093638
0,0.58322644
0,0
1.7393725,0
0,10.382868
0,1.193175
0,5.4185853
0.4186728,3.6245015
1.482067,4.8123198
0.7506099,4.531038
0,1.2178785
0.538387,2.2182786
1.5654352,2.8026905
0.33178502,0
1.337912,0
0,4.7551117
0,7.08801
1.9262255,4.264912
1.4956626,5.46269
0.50157994,2.0831163
2.0355544,0
0.9941346,0.7714263
0,5.06791
0,3.5612535
0,0.5052802
1.7400383,1.4480163
0,7.317722
0.4432624,6.4298344
0,3.756574
0,4.130214
0,6.2761507
0,5.330964
0.35140738,0
0,0
0,9.304056
0,3.6245015
0,2.8112
0,0.7126568
0,1.7053207
1.0026319,2.2112153
0.6314726,2.496048
0.34356588,4.881025
0,9.886796
1.7288326,5.121826
0,0
0,10.931949
0,4.4980884
2.6532238,0
0,1.6162921
0.8930964,4.05943
1.6941495,3.7643516
0.32296613,1.170275
1.5644556,2.9850745
0,4.7453337
0,0
2.3793662,8.003557
0,3.245489
0,5.4247584
1.1286258,1.6815201
0,0
0.73664826,3.262217
0,0.557041
0,3.1014163
0.7825747,8.357477
2.8512774,5.6825356
3.1279323,2.9806259
0.6434592,3.1915743
3.1075203,4.997501
1.1265067,17.24138
0,3.9424403
0,0
0.6917304,0
0,17.421602
0,9.694619
0,4.679895
0,0.73120797
1.9488113,0
0,3.3792663
1.518065,0.4929508
0,3.381806
1.365907,8.173273
2.980774,0
0,2.0768433
0,0
1.6242995,1.7958157
0,2.200462
0,8.373456
0,5.931902
1.4740566,2.034795
0,5.9601855
0,44.709385
0.2704969,0
0,0
1.9247425,6.4306097
1.7469537,5.7418466
0,0.8336112
0.32439095,1.7546939
0.41576585,10.248527
0.65711653,8.156607
3.2058132,2.33141
0,0.78397554
1.9720755,0
1.6305765,0
3.7528148,2.1251726
0,2.4673083
0.5833285,5.421034
0,5.593623
0,0
0,6.40615
0,3.9241848
0,0
0,5.0591927
1.5051174,2.8935184
0,9.55501
0,0
0,3.419271
0,1.4956253
0,7.0915694
3.0980535,0
0,1.9962072
0,3.5174112
1.0356255,0
0,5.0706267
5.513895,0
1.271941,0
0,0
0.76899415,1.9994001
2.6202018,0
1.0442228,0
0,4.5036926
0.6873797,0
0,0
0,0.8257639
0.90760577,0
0,3.821378
0.54603034,0
0,2.8926816
0,3.3894475
0,9.09587
0.7289161,0
11.036005,3.6796272
0,1.9406172
0,0
5.156411,2.381179
1.2174337,2.0234723
0.40048057,0.7341874
1.2141079,3.2120774
0,2.8449502
0,3.0646644
1.3997761,5.264266
0,5.8491607
0.54658246,3.9953287
0.9113278,1.1021713
0,6.3071585
3.6714091,6.5252857
0,7.1206055
0.7393169,2.4440913
0,2.833664
0,7.9515567
0,9.600878
0.7918596,2.9897153
0,3.7073653
0,5.1546392
0.75792027,5.2252064
1.6524829,0.92867756
0,2.2391403
1.83621,1.8474044
2.292211,5.678189
0,1.6052009
1.5922722,0
1.1918951,3.8189805
0.7386888,6.0811396
0,4.7032266
0.3534568,7.7796793
0,1.715229
0,0.62904954
0.8726003,7.6966133
0,2.6300216
0,4.5049105
0,7.5578647
0,1.1846236
0,2.7028854
0.8234519,2.9898942
0.83392406,3.333889
2.920703,4.503828
0,0
0,2.9406
0,2.306486
0,5.5290623
0,0
0,0
3.2402308,4.7792006
4.3834014,5.0820384
2.0086775,0
0,10.045203
0,0
0,4.512635
0,10.237833
0,0
0,0
2.4568014,12.886598
0,2.566735
3.4344592,1.7633575
1.0976949,0
0,5.192647
0,0
0,0
1.8567803,1.8905975
0,0
0.726797,3.4612057
0.849293,3.220612
0,4.7425833
0,7.358768
0,5.3498187
0,0
2.0003202,6.6882176
1.26016,1.4649868
0.4283756,3.1698234
0,2.289028
1.8210789,7.624593
0,3.4891837
0,0
0,0
0,0
0,5.628729
0,6.427252
1.650165,1.2666245
0,6.789285
0,4.586455
0,0
0,6.486767
0,5.945303
0,5.0276523
0,2.1955101
0.5580357,4.1739707
3.2879286,0
2.7352297,6.734007
0,0
0,3.9753528
0,0
0.355038,4.5903144
0,6.381436
0.63000065,3.6708024
0.8152949,2.64737
1.0541296,0
0,3.496911
0,6.877579
0,9.913483
0,13.602358
0,1.639882
0,3.6159828
2.0424836,6.528836
0,3.615721
0,0
1.4234875,3.0829308
2.169668,1.7822134
0,3.3208802
0,0
0,0.22464843
0,17.999485
0,4.5523524
0,1.3716481
0.6249609,0.7179266
0,0
2.7260954,3.499685
2.607902,0
0.88378257,2.210922
0,0
0,6.9502363
2.813947,0.86095566
2.2053149,11.152416
0,8.237232
1.0145074,0.9789525
0,2.310536
0,0.72004604
0,0
0,6.5350933
0.47100937,9.02853
1.1131519,0
2.087828,5.0998726
0,2.078714
0,2.3643456
5.836008,0
3.4340658,1.2855123
0.76200634,0
0,0
0,1.2503908
1.900418,1.1994722
0,5.5199823
0,5.3835797
1.9008998,0
0,2.773925
1.5015014,9.204336
0,3.4018567
0,2.3028738
0.56189245,3.251768
0,1.4112334
0.50776887,5.2101426
1.0555761,0
1.5781997,5.62493
0,2.0815988
0,3.2883918
2.1950042,2.5593774
0,1.9100736
0.7699859,5.8724833
1.6608536,0
0,1.0520225
0.60845757,4.7288775
0.3893323,2.0846362
1.0936133,4.4797397
0,2.799082
0,0
0.7517102,1.0733645
0.94179696,0.7117438
0,4.653791
1.8117584,2.7791288
0,5.0556116
0,2.2496176
0,2.661167
0,3.0033035
0,1.7271158
2.8828828,2.110892
0.7672634,0
0,5.0377836
1.843148,7.06381
0,12.415505
0.8105698,0
2.665423,0.8385041
0,1.0716965
0.66524744,0
1.1090163,0
0.52042675,1.330672
0,1.6709833
0.7370283,0
0,6.3761954
0,2.265519
0,2.9875271
0.5679882,2.1240442
1.1893435,7.1581964
0,4.3522415
0,2.5572176
4.534462,2.6146069
0,4.0428543
0,1.8216594
2.1431634,0
0,0
0,0
0.9539254,1.9318695
0,6.147121
0,1.7343045
0,5.7877817
1.2285012,2.8638935
0,2.5458248
0,2.981959
1.4183391,4.913522
1.1009579,4.0365987
1.3152703,2.3837903
0.3844823,0
1.1364282,0
0.71230143,4.9686975
0,3.0543678
2.2584288,2.2720387
0,0
0.87598914,2.946004
0.9298001,2.3278823
0.5690224,0
2.3253787,4.118616
0,4.5438023
1.6548758,3.644315
0,3.8623087
0,0
2.8129396,3.0432138
0,0.5301243
2.9103608,1.176886
1.4973795,4.5601234
1.5250876,8.223684
0,1.7625287
0.97408926,5.4102798
0,6.160006
0,6.8408813
0.53847396,5.1367664
1.3181599,0.7562581
0,7.383966
0.49202916,0
0.24065651,1.5057974
0,0
1.0220246,3.7077088
0,6.8783674
3.127199,0
0,3.3562677
0,8.396306
0,4.912798
2.4960063,3.106796
0,3.6088054
0,4.4995823
0.59084195,0
0,0
0,5.6659904
4.273139,15.3636055
0.67839533,6.5616794
0.47160915,12.142472
0,8.693132
0.43232024,2.3952096
8.119519,0
0,5.7166195
1.4949918,0
0,4.5155993
0,2.7012424
0,6.384531
0,5.829629
0,0
0,5.0861006
0,13.919268
1.8341893,0
0,5.1117277
1.5929909,0
1.0351431,7.9857483
0,3.9432178
0,0
1.0436779,3.5273368
0,2.5673943
0,2.0187068
0,3.2738583
1.5606711,0
1.0154346,6.586747
0,5.900575
2.4714549,2.737476
0,1.6461583
0,0
0,3.6291053
0,0
0,15.822785
0,4.2234187
0,0
0,6.21955
0,3.091381
0,0.7980209
2.215821,2.1743858
0,1.9328653
0,0.6472911
1.2826269,6.4276047
0,1.7796761
0,6.450226
0,7.485964
0,14.038824
5.0318685,5.173306
0,2.0292208
1.350378,1.2859255
0.68956006,1.7493731
0,0
0.987508,5.9095306
0.5754402,0
0.5223023,1.7500875
0,2.1092596
0.729501,0
0.62123376,4.669157
1.8603498,0
0,4.1847258
1.1165284,6.6815147
0,6.508298
0.3261898,3.0383263
0,8.078011
0.4751497,1.8047285
0.83608544,4.451369
0.79434425,2.3174973
1.0008006,3.2349372
0,3.003454
0,7.193598
0,6.21118
0,4.607385
0,5.7339454
0,0
0,0
1.0991427,3.1951435
0.40109095,1.5556333
0,13.37395
6.035914,2.5404892
0,6.556986
0,2.7569475
5.062437,5.896723
0.60782886,4.380681
0.97680104,7.727577
0,0.6526137
0,5.225753
0,0.89126563
0.53129315,6.6938477
0.89102733,1.2666245
3.4506557,6.7358966
0,1.9157822
0,4.2771597
0,4.3315043
0,0
0,6.4960375
0.96525097,1.2178291
0,5.2847137
0,3.8147552
0,3.6310818
0,10.412329
0,2.1626298
1.1918241,2.182334
0,1.7361112
1.0501444,7.558579
0.7590133,2.5745327
0,4.055385
0,3.4041395
0,12.095149
0,2.8230643
4.664904,5.7077627
0.48188123,2.4539878
1.0075567,0.9019572
2.4271846,3.4770515
0,3.7078238
2.7968898,8.396306
2.154476,9.27835
0.59297913,6.5803905
0,8.350343
0,2.1308331
0,0
0,0
0,2.3640661
1.7089149,0
1.2871255,0.9479571
0,1.894657
0,39.708805
0,0
0,0.7369197
0,2.4412076
1.7726306,5.378754
0.4350853,4.707359
2.0802994,4.874482
0.40721586,2.266674
2.300834,0
3.1685677,1.2472715
0,2.935995
0,0
0,1.533664
0,11.46789
1.2696263,7.1312547
0.7179266,2.169668
0.83692515,4.1895785
1.4275517,3.354579
0,0
0,1.8064672
0,5.5275764
0,0
1.2135923,0
5.777675,0.68078154
0,0
0.5870267,3.410176
0,7.91696
0.4776918,4.6392946
0,0
0,0
0,0
0,4.606597
0,6.548482
0.5140331,3.9407759
1.3917885,3.247017
0,7.3804374
0,0
0,5.0929465
0,2.4391732
0,5.985873
2.0557098,0.8155942
0,1.216545
0.5631265,3.4383955
1.1307101,0
0,2.2825837
0.6668,0
0,6.30368
0,0
0.7522756,2.2911258
0,3.5744073
0.5413013,5.7495294
1.8146844,1.5844094
0.486334,5.8043118
0,0
2.919282,2.8411782
0.40817994,0.9857072
0,0
0,0.89212036
0,3.2265496
0,6.101281
0,4.050223
1.5945148,0
0,6.6371684
0,0
0,0
1.0727311,0
1.3475273,1.3111315
0.6692545,0
0,7.3776536
0,2.5805342
1.5511091,6.1619716
0,4.115791
0,0
0,10.876014
0,1.254469
0,1.8025596
0.40945008,5.891884
0.67001677,3.1276062
0.50836253,2.12732
1.2365525,2.6910655
0,10.623767
0,19.333012
0,2.7111292
0,3.7639973
0,3.3935692
1.2469605,2.2411475
0.91303355,2.97442
0,3.243068
0,4.7841167
1.0960106,4.4503784
0,5.8700757
0,0.8438107
0,3.9346843
0,0
1.2158055,1.7701204
0,3.1952286
1.9333385,2.7313876
0.6185822,0.8373456
0.5789382,1.3199577
0,2.2223456
0,5.7962613
0,5.1450915
0,3.1545742
0.5613878,1.0130686
0.77857363,2.781796
0,10.2316065
2.3153508,0
0.31022182,0
0.5688606,3.2662964
0,1.398308
0,2.4493794
0.33454886,0
0,5.861665
0,2.4277737
1.3605442,6.271737
0,3.5130863
0,3.1849668
0,1.8544273
0,3.1410325
0,8.311688
0,6.1305814
0.2520987,3.4570177
0.31671628,9.303047
1.3027619,5.274262
0,2.6155758
1.8331805,6.0624433
0.64147794,7.583069
0,5.6217675
0.85266036,2.4603271
1.2440906,7.2948327
2.0953379,4.5105996
0,3.339217
1.8867925,5.5290914
0,9.438009
0.96206266,4.2337003
1.2579408,0
0.2083724,7.620015
0,2.8705387
0,3.2647731
0,3.725956
1.0384216,3.7504687
0,0
0,5.1880674
0,3.333611
0,8.32755
0.905551,8.224107
0,0
0,0
0,1.916758
0.6892274,2.099958
3.2261038,3.66959
1.9170308,2.4888005
1.1057665,7.5312543
0,1.9626123
0,3.0054097
0,0
0.7408505,2.8124123
1.8224342,1.5446401
0,1.0626993
3.3228111,0
0,3.4295905
0,9.965504
0,2.6477442
2.5679803,7.2979383
0,2.8064268
0,1.0765035
0,0
0,0
0,1.848685
1.2055454,1.3289037
0.7202017,9.943323
0,0
0,0
0,2.2833657
0,0.9539254
0,3.0075188
0,2.578815
0,0
1.0427529,0.94002634
0,4.3084874
0,3.4368985
0,2.0917
1.3868344,2.6803904
1.199832,2.174622
0,1.0034451
0,5.6519985
0,3.5834587
0,2.7835767
0,2.699784
0,0
0.8540439,5.4253473
0,2.254509
0,4.3760486
3.3386753,5.7848053
2.0631318,9.165903
0,5.5393476
0.78662735,0.6904647
0.17373781,4.5682964
0,0
0,0
0,1.6484421
2.899391,0
2.4495795,0
1.9499829,6.1557403
0,0
1.9762846,5.575024
1.58303,4.749773
0,2.473778
0,4.609888
1.160362,0
1.5203345,2.8360748
0,1.8634119
0.40814662,3.0643516
0,0
2.2823234,1.7242371
0,6.3501368
0.83128977,4.486619
0.41581768,1.908397
0,6.7300415
1.0197839,2.8677945
0,12.084593
0,3.647638
0,0
0,0
1.0185028,3.090553
0,4.6931834
0.70947146,0.960338
0,47.449585
1.1325028,2.6659558
0,7.8851027
0.90950435,4.5495906
1.6579165,0
1.7272947,0.9260974
0,2.3088024
0.54556865,2.3917723
0.7797271,4.7596383
1.5482752,0
0,86.95652
0,6.1974325
0,10.602205
0.88468176,5.079826
0,3.5507581
0,2.8176951
0,5.856515
0,6.7727733
0,0
0,1.6267216
0,0
0,0
0.7736146,0
0.6549646,0
0,2.5835621
1.8385249,6.206274
0,3.8280444
0,0
0,3.3617964
0,0.7198906
0,2.9847183
0,1.6538037
0.9354974,1.5678077
0,0
1.485553,0
1.4209591,2.1510003
0,3.5201972
0,0
1.2073406,0
0.52778804,7.262494
0.35658252,1.3456234
0,0
0,0
0,7.7800827
0,4.8999596
0,0
1.0143532,4.0946994
0,0
1.3251176,2.2465599
1.983471,9.568615
0,4.1689825
0,8.048937
1.6672224,3.137255
0,11.742602
0,6.078206
0,9.808195
2.8053114,5.719634
0.6823144,9.760179
1.0330578,7.3756204
0.874661,0
0,3.0837374
0,0
0,2.7449906
2.3973918,2.5389304
0,5.1550817
0.9245562,2.5732079
0.5242189,4.90116
0,3.9422462
1.4698317,7.42115
0.36457765,5.0375295
0,8.702273
0,5.200884
0,0
0,1.2588117
0,8.458585
0.68825495,7.3172965
3.2087276,0
0,0
2.0139973,1.863933
0,0
1.6891892,3.2935367
0,3.8799794
0,3.0052593
2.1941855,2.6458526
0,1.2335019
0,4.0816326
0,0
0.55038804,5.1391234
1.0193161,0
0,2.8262558
0,1.4124293
0,0
0,2.2784233
0,5.585552
0.7601384,1.5794046
0,0
1.0184337,9.162403
0,2.5573578
0,4.8383193
0.43256336,5.864243
1.2813942,2.635046
0.32997856,0
0.3719823,7.2692027
0,0
0.49652433,19.08397
0,3.815095
0,0
0,1.9368584
0,1.4121301
1.0929558,5.3669662
1.932834,3.465804
0,9.835073
1.5822784,5.770816
0.37048015,4.0424457
0,0
0,0
0,3.3543916
0,3.8072033
0,4.2785325
0.7568304,2.2475276
0.6355259,10.970067
0,3.4189203
0,7.5721726
0,0
0,11.4416485
1.6551725,4.9313717
6.723442,5.7188606
0,8.071025
0,1.6695883
0,15.673982
0,5.190183
0,10.752687
0,0
0,2.2927892
0.7350779,4.8905735
0.6311537,0.2961033
2.205558,4.0192924
0,3.6299286
0,3.0979893
0.45754024,6.7485495
0,0
0.78103644,6.4913073
0,1.2630728
1.1014428,1.0546298
0,0
0,8.391608
0,4.082585
0,0
0,1.2051096
1.0187103,5.21594
0,0
0,8.8391285
0,4.89676
0,6.2078066
3.908922,0
0,0
0.28831738,6.6356997
0,0.36946723
1.8613656,0
0.699154,5.1894135
1.6289297,5.444251
0,10.548524
0,4.5267076
0,2.7860973
0,0
3.596152,0
0,1.2065637
0,1.3018291
0,0
0.94428706,0
0,6.8090897
0,0
0,5.1461506
0,3.0295684
0,5.13769
0.98415506,5.3271775
0.55231833,0.6543646
0,2.347969
0,2.0116677
0.5049485,0.6039559
0.7850835,0
0.9631128,5.645161
0,0
1.6084929,7.7706785
0,4.2702193
1.3439054,1.200264
0,11.661355
0.61965543,25.28445
0.5416238,0
0,2.577818
0,0.9100009
0,6.2327485
0,2.814127
1.0030091,3.1367629
0,0
0,6.108114
0,1.1546677
0,10.527054
0,3.8580246
0,0
0,9.905893
0,5.0062575
3.3934252,4.317789
0,3.2086706
0.42643923,8.344633
0.7512019,0
0,4.1740584
0,2.617801
4.002241,3.8642364
0,6.480881
0.85280573,4.3196545
0,0
2.335721,0
0,0
0,1.4211948
0,4.4704547
0,2.827015
0,0
0,0
0.5044645,0
0,0.88495576
0,0
0,3.8990154
0,0
0.4855076,2.6501098
0,6.041867
0,1.0796804
0,0
0,2.9041908
0,0
0.7521059,0
0,4.2600327
1.6990188,0
0.9408887,1.7847582
1.9413706,1.1539645
0,0
0,3.1269546
0,6.2169724
2.4272687,4.909399
0,7.045798
0,1.2508339
0,3.3333333
0,5.0168066
1.1410315,6.9568677
0,0.65763515
0,0
1.8720281,0.36055526
0,6.0707235
0,4.9038305
0,10.989873
0.77990955,1.3135426
3.7610953,0
0,6.5348797
0,0.60146755
0,1.4944333
0,2.906132
1.421262,3.1601567
1.0033109,1.9382349
0,4.6396537
0,11.146359
1.1618,4.8620396
0,0
0,1.1097548
0,1.5888989
1.0657004,0
0.815816,4.261277
0,4.1478715
2.9286008,0
0,4.0870543
0,3.3735914
0,6.1924987
0,4.1333704
4.8026123,0
0,0
2.3445559,3.5289967
4.43459,0
1.1503508,2.3058743
2.3397286,2.8232636
0,1.4662757
0.6701515,0
0,55.09642
1.2161012,2.1707277
0,9.904259
0,0
0.47061035,2.843679
0.5979967,0
0,0.786813
0,1.8832392
0,1.8866146
0,0
0,0
0,2.759953
0.9820771,0
0,5.1984057
0,1.1286682
1.8011528,2.8084252
0,1.5820282
0,6.8547926
1.0631512,1.2070735
0,28.13731
1.3821064,13.475792
1.4306834,0.82569563
0,4.05703
0.6738545,0.73855245
0.8429571,7.950998
0,0
0,5.4220133
3.7471898,1.9695702
0,4.471272
0,8.273009
0.81546116,4.8225307
0,6.1521635
0,0.7093204
1.108156,5.125577
0,1.2338063
0,4.4338036
0,1.0745178
0,0
1.481189,4.8185806
0.3692217,7.577584
0,3.216813
0,1.4709127
0.6766815,5.166433
0.558909,0
0,0
0,3.639231
0,4.517528
0,0
0,4.4610686
1.165637,5.4995418
1.189287,2.2244468
1.4173943,3.0853314
0,0
0,7.8226857
0.5088541,3.7220843
0.6430041,5.5696516
0,0
0,0
0.23582682,3.0964546
0.6271952,0
0.6693889,8.694707
0,3.3917468
1.5810276,5.9747353
0.47594118,8.88231
0.7908264,3.5617971
0,1.8763487
0,3.386817
0,1.6813787
3.632665,0
0,6.19853
0,1.9440124
1.1886367,1.5008254
0.63467884,1.6135973
0,0
0.28611484,0
0,4.691899
0.50489753,5.740528
0.66321796,1.5764169
0,2.518046
0,3.54434
0.244852,8.751459
0,2.53464
0,5.5611167
2.3179,3.7406485
0,3.4238758
0.7942181,2.692515
2.4132729,2.4342747
3.3107102,5.6974645
1.4124293,1.6500742
0.9430181,2.41955
0,4.548211
0,6.2114553
3.846154,0
0,2.8993912
0,3.3255734
1.6538037,2.0247014
0,2.2379375
0.80221415,11.653201
4.859874,4.937828
1.439056,0
1.3611923,1.9249277
0,0
0,3.7419548
0,0
0,3.0319107
0,3.6762776
0,4.0052867
1.3190873,3.6435182
0,3.3100402
1.4283674,1.1384983
1.9075475,0
0.5967656,9.2583065
0,6.801179
0,0
0,10.753789
0,0
0,5.2711725
0,9.718173
0,0
0,8.703852
1.1056443,2.0406775
0.83270884,7.7675934
0,58.525166
0,0
2.5338552,5.163289
0,8.378718
0,0
0,6.545931
0,4.028603
4.192872,0
1.1738467,9.640103
2.045408,0
0,3.7026753
0.8800493,3.7456694
0,3.1555693
0,5.4381604
2.2569966,11.530701
1.7076502,8.635578
0,2.9973774
0.55093384,4.147657
0,7.5312543
0,8.043203
0.87242275,0.61580145
0,2.1309845
0.5563179,3.8662283
0,6.343836
0,10.649627
0,0
0,2.0893183
0.58924043,0.95666313
0,8.12421
0,0
0,6.969856
0,4.7819433
0.96534413,3.7391164
0,3.8261402
0.41220114,1.0666667
0,0.76581407
0,1.9311233
0,0.76675355
0.7078143,2.550153
0,1.1274593
0,12.098167
0.66264665,7.202758
0.8719156,10.221029
0,3.7728732
1.7038678,0
0,4.584452
0,16.111168
2.8463674,0
2.5383933,0
0.58088875,5.2219324
0,6.7727733
0.5995803,2.5236592
1.2455368,5.1190176
0,3.7411146
1.5316281,1.4429321
2.2429907,4.5261903
0,5.511022
0,7.688611
0,0
0,11.014949
0,2.3607178
0,3.676696
0,3.8343558
0.74332863,0.80952
0.9472837,3.466605
0,0
0,0
0,8.634181
0,2.8401024
0,0
0,5.016555
0,2.7070928
0.5726065,0
0,3.0993338
3.328156,0
1.1397743,0
1.5098898,6.926516
0,7.0472164
6.895687,0
0,2.113867
0,0.7129616
0,0
0,3.6656892
1.0470108,2.9838278
0,3.945707
0,3.790212
0,0
1.6189089,0
2.6898592,7.24113
0.43650967,4.164353
0.8639309,5.3293543
0,0
0,4.0397043
0.5067396,4.118616
0,5.074302
0,8.093889
0,2.139953
1.547269,13.755157
0,2.7515364
6.203474,4.517936
0,2.737851
0.52840155,0.96880454
0,0.6866245
0,3.6667645
0,0
0,2.2039053
0.70217323,0
0.25871882,0
0,4.8709207
1.2007686,5.65931
0.8196721,4.1416445
0,13.814275
0.7201498,6.3451777
0,1.6466327
0,3.4020548
1.4075916,0.90065753
0,0
0,0
6.416426,3.9246469
0,2.6689796
0.5008013,0
2.810831,5.1519833
0,0
0,0
0,3.9562178
0,0
1.9655377,1.6210959
0.63151246,9.699321
0,5.501559
0,0
0,13.037809
0,0
1.8534995,1.9484315
0,3.8066235
1.4677821,0
0,1.2700025
0,0.62492186
0,3.6839194
0,85.99509
0,0.99036044
0.5411841,5.8873
0.7770008,6.912761
0,5.4876137
0,5.388987
1.97648,6.385696
0,7.5901327
0,0
2.814523,7.276696
0.9950001,1.1637379
1.6520734,1.5667841
0,3.1316056
0,0
1.2748055,4.167318
0.44041222,2.7127225
0.39260334,9.165903
0,0
0,0
1.2708095,5.3867702
1.8262616,4.024955
2.1256998,7.6383586
2.556891,2.4804664
0,2.3069825
0,4.174494
0,1.109878
0.64758456,2.1708927
0.6012506,3.0625787
1.64042,0
0,2.912586
0,0
0,0
0,1.0385295
0,0.5766015
0,0
0.877193,4.345307
1.1779256,6.617337
0,6.9694505
0.31797513,6.684492
0,1.4437306
0,2.67094
0,0.99920064
1.8933119,8.826125
1.603592,1.1298158
0,3.9610684
0.9431293,2.5759916
0,0
0,4.1906757
0,2.0680385
0,0
0,2.3253112
0,0
0,2.4269881
0,4.8562546
0.5681495,2.5425882
0,0.9350164
0.7846214,2.7721307
3.2202663,3.1841338
0,0
0,1.7142367
0,2.9796393
1.4971181,8.0992365
2.4242425,0
0,1.5297537
1.1754334,0
0,5.429864
0,0.69505584
0.6513385,4.311938
0,7.1365833
0,1.1142062
0,10.165553
0,5.1575637
1.434926,0
0,0
0.85171616,5.473454
1.2200329,1.1974614
0,6.3963156
0,1.2697607
1.5504677,3.9269586
0,0
0,3.6075037
0,9.589771
0,8.345255
1.6011785,1.9190176
0,0
0.7945021,3.67242
3.0740855,7.092656
0,11.811954
1.1310085,3.7641156
0,0
0,1.3189132
0,3.8142982
1.7201835,0
0,5.828638
1.0450413,4.0494027
0,3.123292
0.5058681,9.058997
0,2.3989444
0.67769045,0
0,0
0,3.8365624
0,1.1657729
0.7429421,5.5343747
0,5.5565844
0,0
4.0440807,2.3846998
0,3.383713
0.6423845,1.0299722
0.297274,7.211105
3.128911,2.8097782
1.2514079,2.9864755
1.2086782,0
1.4112335,0
1.1380125,3.4837136
0.56135625,4.7783384
0,3.7759597
0,0.67723143
0.57974374,0
5.2168245,1.8069024
0.90510017,2.6221156
0.7478872,4.4352455
1.6257519,0
1.3440259,5.2675476
0.633232,3.6507008
0.71352124,0
0,2.7215326
0,5.567043
0,0
0,0
0.6087539,6.782727
0,0
0.87958485,0
0.6848611,2.3722916
0.84288603,1.8452454
0,1.0794473
0,4.0712466
0,5.586592
0,9.02853
0.5811926,4.49519
0.57780087,2.1063716
1.4760147,4.123995
0,0
1.5104219,0
0,2.967946
0,1.7909912
0.456621,85.470085
2.2343373,7.9702444
0,3.9578884
0,1.6459099
1.5881418,1.4169323
0,0.95483625
0,0.91166013
1.2714559,6.029545
0,3.7945864
1.6740137,2.2441652
0,2.0101848
0.36948088,5.4914885
0,5.6721497
0,0
0,6.6889634
0,2.3518345
0,8.584125
0,3.062787
0,0.9639483
1.4140272,7.963192
0,10.53602
0,1.4281633
0,4.3595777
0.94393057,1.860465
0.49290222,3.0190957
0,1.8803355
0,5.6773825
0,0
0.7303001,0
0,5.3529096
0.7730365,1.226768
0,12.025253
1.2928247,0.62363577
0,2.913859
1.1457379,6.3748407
0,1.7812611
0,0
0.36960378,0
1.2103606,2.8526602
0.5210233,3.8806963
0,5.2459016
1.0059351,12.286689
0.9122839,1.1543345
1.2068064,0
0,0
0,1.317176
0,3.243594
0,3.6834671
0,2.5032854
0,7.4893417
1.8154092,4.6688066
0,2.640264
1.8494544,0
1.1892021,18.716578
0,19.762846
1.3416516,5.178329
1.6751822,4.8076925
0.8797009,2.3598423
0,2.2870212
0,4.3298073
0,3.3244681
0,7.5364256
0,3.912108
0,4.899079
0,0
0.5429766,4.6721697
0,2.9171531
0,12.749004
1.2971009,2.9023364
0,0
0.53222626,0
2.3734646,1.7850769
2.3506181,0
0,3.4418669
1.375232,3.0242543
0,0
1.3104442,16.313213
1.480385,0
0,0
0.52402663,6.1722045
0.91894877,1.1423349
1.5842838,2.1601381
1.3163091,2.9036005
2.4342744,0
0,1.767409
0,5.724508
0,0
0.55900276,3.0905075
0,2.969709
2.6628323,1.2490633
0,1.7173278
0,7.903353
2.8115554,3.0832477
0,11.091085
0.945269,2.6854649
1.6967846,5.408914
0,4.418913
0,4.1036863
0.3106362,5.360014
0,4.5289855
0,6.9108496
0,8.363535
1.07689,1.8551729
0.7493724,0
0.6547502,0
0,3.5181537
0,11.587485
0,7.338776
2.7433336,0
0,0
0,0
0,0
0.40108293,0
0.9854644,6.21118
1.7256255,0
0.5307996,12.815378
1.6477722,4.4033465
0,8.583692
6.4691424,5.1004796
0.92588305,3.6518564
0,0
0,8.911861
0.5015548,4.948862
0,0
0,3.6124992
0,6.0194345
0,5.3418803
2.8737698,8.375989
0.70611495,7.3158245
0.39311266,0
0,0
2.074366,8.625818
0,5.09684
0,4.0679345
0,3.8930702
1.7208742,0
1.024118,0
0,0.6363752
0,4.67126
0.74205995,0
0,2.072324
0,4.032258
2.639335,0.5671506
0.538503,4.829751
0,8.302692
0,0
11.945392,0.7622532
2.1988895,0
1.5421786,8.351603
0,1.9860973
0,21.399529
0,0
1.675229,3.662812
0.6841349,5.1773233
1.6281341,2.1710138
1.0465724,4.560855
0,0
0,2.6381743
0,0
0,1.4818108
2.1646583,2.2908633
0,9.1886425
0,7.2318196
0,4.012611
0,0
0,1.9898517
0.68394774,3.7412703
0,1.1543345
2.0614307,3.7309952
0,0
2.3813305,0
0.723589,3.2750375
0,1.3527223
0,0
0,2.4727993
1.9588639,2.0294266
1.7269169,5.769389
0,3.7154005
0,9.63484
2.998141,4.684572
0,4.4375415
0,0
0,6.8070793
0.7275902,0
0.85888517,0
1.7876753,4.734033
0,0
0,1.977066
0,2.4515812
0,0
0,3.8654814
0,0
0.6993985,12.623986
1.7666284,0
0,0
1.0775281,6.7717905
0,0
0,3.72384
0,0
1.6999093,4.2002096
0,20.547945
1.3753266,1.7818959
2.2294059,4.935834
1.2843566,0
1.1132139,0
0,0
0,1.8726592
0,4.514163
0,0
0.7204611,0.57534087
3.2909894,0
0,3.6812077
0,0
0.37615198,1.4266862
0,5.5118113
0,0.8686587
0,0
0,0
0,2.4208813
0,4.6051116
0,0
0.33707485,4.2108808
0,4.2936883
0.66811424,3.8757544
0,1.7401897
4.106214,3.0469227
0,8.3167
0,0
0.6229753,0
0.60901344,0
3.2068412,6.689802
1.1045451,3.633061
2.7870681,1.2838618
0.34549478,3.6660252
0,2.986858
0.46513793,3.6747818
0.37049386,2.3487964
0.65668505,3.05773
0,0
0,0
0,2.4783149
0,0
3.3691103,2.4437928
0.25320303,0
2.033843,0.9085128
0,3.042982
0.58349866,4.9529467
0,1.6442862
0,4.725898
0,5.8287797
0.887469,0
0,2.4568515
0,0.9295409
0.5286809,0
2.035002,3.193285
0,0.9331841
1.7393572,7.1880393
0,0
0.48204383,1.7594275
0,2.5721266
0,6.3176184
0.65715975,0
0,6.143261
1.4283674,7.9496117
0,7.4861503
0,0.7564296
1.2443485,8.76501
0.7273256,3.5955057
1.8922372,2.4691358
2.3995612,2.7609057
2.2079117,0
0,4.3921294
0,4.5136538
0,6.3579526
1.5067049,0
0,0
0.59084195,6.271737
0.4235673,5.256518
0,0
0.51775914,7.7591558
0.88499486,0
2.8523695,0
0,0
2.8030834,9.803048
0,11.039152
1.1716461,6.811989
1.9722569,0
1.6774303,2.1479201
0.49696848,6.718925
0.66207623,10.806138
1.7107176,4.502983
0,3.704527
0,2.6148348
0,2.9017048
0,4.8026123
1.7180654,2.160994
0.90950435,1.8512805
1.4622734,1.0794473
0,4.361733
1.1482375,5.041339
0,27.347311
0,0.8745081
0,0
1.169545,2.4996252
1.7686594,0
1.0380982,3.7299514
0,4.3075595
1.4880215,0
1.0447137,2.1132715
0.92165893,4.9776006
0,3.3792918
0,0
0,0
2.799552,0
0.49448648,23.562677
3.1621554,3.3317785
0,5.17518
0.7802138,4.876199
0,0
0,0.6079397
1.7770406,2.253902
3.305785,2.6627612
0,4.459972
0,0.9595088
0,1.9800019
0,0.8768084
0,0
0,3.5490801
0.7046223,3.1160736
0.77787715,10.8972025
1.9256692,1.0224949
0,2.9590178
0,6.5005417
0.51300466,0
0.37765774,1.5523933
0.5546927,5.552751
0,2.1202912
4.5167117,2.2722108
0,2.338525
0,4.744583
0,1.8293241
0.5901446,2.0504408
2.0244453,0
0,0
1.3588803,0
0,3.1750352
0,2.2189114
0,0
0,2.1088147
0,6.3897767
3.0468066,3.6574216
3.9290159,3.350458
1.1923214,3.0063887
0.72748435,6.248438
1.899696,2.83849
0,0.77381414
0.90269,4.866772
0,1.507159
0,6.734007
0,5.8213377
0,2.9874527
0,2.2893772
0,3.4891195
0.81829715,2.8773665
0,0
0.73168945,2.5768769
0,3.030303
0,2.746498
0,2.5807405
0,3.536068
2.6160889,3.722142
0,6.2334886
0,5.7559476
0,5.774783
0.47357455,5.74465
1.9688915,4.0008
0,0.44136468
1.0743061,0
0,0
2.7593818,3.721969
0,3.5056968
0.66334987,5.2029133
0,3.7432153
0.5199667,4.159487
1.1526048,0
1.6719612,0
1.3584187,1.0619093
0,3.100583
0,16.906172
0,0
0.44405958,0
0,3.7431152
0,3.2569752
0.5959298,6.680027
1.293661,0
0,4.4706726
2.801382,1.2478163
0,5.4484777
0,4.103593
0,2.340961
0.53645194,0
0,2.7841194
0,3.3352787
1.7078447,1.8843037
0,0
0.4921018,3.4845634
0,4.0680723
0.79308426,4.8365254
0,2.1826913
0,0
0,0
0,5.9798393
0,5.9124265
0,5.049867
3.0652907,2.6660979
1.9252985,2.6497085
0,0
0,3.7315753
0,0
0,2.100399
1.1631153,15.340364
0.3025078,0
0,5.452563
1.5741215,1.8853695
1.1297733,3.566175
1.2388504,3.2520325
0.7206169,2.3768024
0.95111287,2.0610058
0,0
0.5527,0
1.7911516,3.477152
2.8218694,6.2674093
4.568296,0
0,0.9526078
2.927829,3.983799
0,5.588778
0,2.4568014
0,3.430061
1.3592497,3.6419923
0.54218173,4.3371406
0.49845478,2.7839644
0,2.6949337
0,15.748031
0.84595215,5.324814
0,5.5583863
0,5.4714575
1.9436346,3.2280626
1.5600625,0.62845653
0,0
2.278885,29.615005
0,5.6632266
0.7103282,13.12336
0,0
0,0
0.58706117,4.2571306
1.5806111,0
0,1.1872255
0,0
3.248599,8.17929
0,0.22058499
0.3580251,4.6151004
2.969121,4.00641
0,3.0081973
1.055242,1.6090105
0,1.4746363
0.23023969,4.588559
3.094538,5.5118113
0,3.6023057
0.98039216,3.5866027
0.35539126,4.826255
1.1176306,6.2039013
0,4.016602
0,2.3089356
1.8917896,4.8828125
0,6.351895
0,3.7093515
0.4806537,4.782172
4.2123,2.4660912
0.49140048,0.76446754
7.439369,3.0864198
3.7355247,0
0.56465274,3.9188025
0,0
0,13.323643
0,5.9779563
1.0234367,0
0,6.713212
0,0
0,0.7376263
0,2.451982
0,0
1.0031599,1.0278549
0,0
0.494976,2.0066218
0,5.08647
0,3.478503
1.9159535,1.1439685
0,0
0.49578583,0.5214489
3.0420234,9.82801
1.0645902,5.675369
0,3.820439
0,0
0,2.720595
0.7910141,0.6942998
0,3.8780735
0,1.9411821
0,3.0725508
0,3.2849352
0,10.761688
0,5.899009
1.0057664,3.4906046
0,0
0,2.3527038
1.9015021,0
0,1.6329197
0,1.6297262
0,10.660981
0,0
0,3.4945486
2.594258,1.4031149
1.6168149,2.610114
2.0527558,1.7423121
0,1.8695083
0,7.8254066
0,3.0252612
0,4.3256335
0,0
0,1.2553352
0,1.2717792
1.4688603,1.2771392
0,4.5568466
0,3.1065547
0.6242977,4.9564543
1.3433037,2.3579345
1.5122492,1.3650014
0,0.9291953
4.742333,0
0.9686168,5.437738
0,2.5574138
5.6034966,0
0,5.273798
0,0
0,2.1852353
0,1.4014436
0,3.0366127
0,2.6230981
0.41392443,0
0,3.2985156
0,5.597015
0,1.0114292
0,2.541619
0,0
1.1104941,3.7959309
0,0
0.5991971,6.519755
0,4.726345
0,4.5330915
0,0
1.9600158,1.3888888
0,1.7588602
0.87757784,0
1.9492228,2.5306845
1.6173378,4.8879266
0.9109957,0
0.86617583,4.2665753
0.40564662,2.572678
0,4.449718
0.906865,1.1944578
0,1.7354081
0.45279604,4.244482
0,7.621951
1.1419436,0
0,0
0,0
2.1477664,4.4238
0,3.3343215
0.6060606,8.485363
0,3.3602152
0,1.787523
1.1983223,8.559201
0,4.156708
1.2648088,4.387248
0,3.615329
0,0
0.36635405,2.0002
0,4.129388
0,0
0,3.9354584
0.9875568,2.7408524
0,1.4661682
0.26701558,3.266373
0,4.9216638
1.6211396,1.9588639
1.2771392,0
0,9.121313
0,0
0,1.108156
0,9.099181
0,4.1271152
0,0
0,0
0.3702607,3.6692758
0,5.047637
0,1.6886188
0,2.325176
2.4067388,2.0225174
0,0
0,6.7106586
0,3.0599756
0,2.360439
0.8933357,0.9430404
0,1.7842804
0,1.3236268
0,1.7807852
0,5.074359
0,2.008032
1.2021158,7.328308
0,0
0,0
0.8847991,3.4683685
0,6.1007853
0,0.82149017
0,2.007226
0.8478169,0
0,2.1957111
0,4.3854837
0.78529924,0
2.1537797,4.229522
0,0
0.45138577,2.1141648
1.1859583,5.659767
0,2.9502876
0,2.214349
1.5206813,0
0,5.4054055
0.7093204,1.9681165
0.3913741,0.7985307
0.7889546,0.7869059
0,5.601718
1.0223206,5.6683984
0.19262254,9.02527
0,0
0,2.5673943
0.24402744,4.988637
0,0
0,3.1623054
2.0946796,14.48226
1.1232799,9.612304
1.2265424,5.731754
0,0
1.0907505,0
1.4473177,1.8707675
0.48292848,1.634254
0,0
0,4.7179346
0,3.5936751
1.0016026,4.481434
0,0.47442833
0,3.6563072
0,1.5795294
0,1.0264043
0,3.2673066
0,7.404665
0.6940107,6.640841
0,1.9291984
0,1.6784157
2.1188686,0
1.8368846,3.1979532
0,1.7367141
1.3038377,8.656509
0,1.9556078
0,2.2490442
0,3.5385704
0.56850487,1.4342058
0.99201435,1.9535066
0,0
2.8248587,2.308669
0.6824308,9.227221
1.8275689,4.246585
2.401537,5.388657
0,0
0,3.068964
1.3195224,0
0,12.026459
0.35761544,7.262164
0,0.46080828
0,3.0332904
0,5.395534
0,0
1.7056115,2.5552573
0,0
0,6.868132
2.3912005,3.0158634
0.349406,0
0,4.708098
0.7517102,0
1.5160702,9.066183
0,10.4764
4.152824,0
0,7.6467214
0,0
1.3503933,3.5025043
0,7.0565405
0.6113217,3.11042
0,1.8066847
0,3.327787
7.4619904,3.132178
1.2685527,0.7947231
0,0
0,2.6045058
0.48440227,2.386445
0,4.74062
1.2006965,1.7138549
0,3.0828516
0,7.423905
0,6.6416626
0,5.8192697
1.7755682,12.785388
0,4.4457617
0,1.9408683
1.8923266,1.9743336
0,3.0165913
0,1.4381247
2.6824036,3.0315893
0,0
0,0
0.797321,0
0,6.214847
0.49630255,2.1017234
1.3517168,0
3.1850514,2.0410247
0.25562373,2.142092
0,12.443615
0.5071766,1.0705492
1.351534,4.7832584
1.3930163,4.8268905
0,14.433486
1.1961722,0.7343043
2.6453278,0.5946364
0,1.2738853
0,3.7078235
0,8.009611
0,0
0,0.6844159
2.4573042,0.910581
0.6303978,0
0,0
0,1.8582755
0,4.6569386
3.4948742,4.25781
0,5.2321777
0,8.043839
0.654279,4.0518637
0,7.4294205
0,0.9101665
0,3.701647
0.51424456,2.1265285
0.89445436,5.655042
2.174622,0.48402712
0,2.639358
0.61462814,0
0,7.9709506
0,8.243623
1.317176,0
0,4.630799
0,0
0,4.3540463
0,2.1038458
0,2.3139222
0,5.673759
0.50911313,7.8013263
0.58462435,4.373178
0,2.3843586
1.2921983,5.5096416
0.7989773,6.2272468
0,3.6357024
0.9145993,5.2273912
0,3.8098867
0,0
0,2.6511135
0,60.8931
0,1.8894662
1.3157895,5.387157
0,1.9319938
0,0
0.48709208,5.1764297
0,1.8304961
0,14.992504
0,0.6547073
0,2.970297
5.9612517,0
2.960507,4.0803003
0,2.2544525
0,7.1380587
2.5464733,6.589062
0,2.880461
0,6.6130276
0,0
0.89221984,0
0.76590204,5.5116663
0.99915075,2.9418254
0.4798925,3.4354818
1.1621826,5.4755945
0.4675082,0.6921852
1.1542013,6.067961
0,3.0099328
0,1.400364
0,6.8690753
0,4.1489472
0.40950042,0
0,0
0,0
1.4489603,3.48594
1.9787614,7.637474
2.505167,2.5258904
4.892368,3.989627
3.84486,0
0.5708197,4.6382194
0,5.4259357
5.6478033,8.868393
0,0
1.95802,0
0.5351887,0.7779074
1.3312033,0
1.6850619,1.7909912
0.90269,9.392191
0.925155,2.3674242
0,0
0.47140905,3.8439364
1.3623359,5.063291
2.0705364,6.5225496
0.46678805,1.8153763
0.59797883,5.777675
0,3.6986156
0,0
3.1562335,0
0,5.0731993
0,2.2296543
0,6.058403
1.8223236,4.895105
0,1.2878715
1.6870519,6.9144344
0,3.9638498
0,0
0,3.70874
0,6.796117
0,0
0,4.3047786
0,6.776343
1.1117287,15.8019495
0,0
0,5.4985337
0,5.831329
1.0948106,3.5663338
0,0
1.1317338,3.6768084
1.4580448,8.520609
0,3.6605456
0,0
0,0
0,4.469773
0,9.716402
0.43892375,5.429987
0,0
0,0.6483402
0,1.2316787
0,1.7693895
1.5160702,11.600928
0,0
0.94002634,5.2938066
0,4.525911
0,1.0918819
0,0
0,0.46774146
0,0
0,1.1546011
2.6930587,1.6389413
0.6604365,2.409058
0,8.528785
0,2.819814
1.4276537,0
1.283642,1.1267606
0.42389044,3.423485
1.0570824,4.2280316
1.5293639,4.903563
2.4589357,8.550663
0,1.584033
0,3.1607783
0,0
0.8183306,0
0.8707388,6.589786
0,1.5774944
0,10.757508
0,2.3196473
0,0
1.9500781,0
0,6.5385118
0.66715586,0
3.4193878,3.4554248
0,0
0,9.829867
3.0559235,4.833642
0,4.5952864
0,0.8911067
0,0
0,3.3003302
0.73201084,1.7293558
0,0
0,0
0.7359976,0
1.8089725,1.9025874
0,0
0,3.8710926
0,0
1.6020507,0
0,0
0,4.2351947
0,5.9417706
2.306273,3.3038738
0,4.495055
0,2.9309754
2.8682058,2.4956326
0,3.4067197
0,3.1631112
4.688782,6.5789475
2.1559467,2.0881186
0.8168934,0
2.081743,3.9418855
0,5.125577
1.7115473,2.574334
1.5084473,0
1.9372336,0
0,0
0,0
0,6.936416
0.835387,8.444649
0,3.7741547
2.7559597,4.687134
0,1.9562579
0,4.5377197
0,2.1971583
0,11.4416485
0,3.749707
1.2578616,5.775006
0,8.222933
1.4833127,0.5252377
0,2.3310025
0.32109943,1.7430713
0,5.297546
0,4.4666786
1.2590759,4.751497
0,0.8493531
0.6185439,5.038291
2.1473053,0
0,5.394159
0,0
0.52910054,5.8465858
1.8559762,7.802921
0,8.01175
0.83998317,0
0,0
2.1144843,9.161704
0,1.5954052
0.48754326,6.464124
0,2.8704994
0.8532423,0.697107
0,7.464079
1.2386969,2.753304
1.8376441,3.7105753
0,1.7566974
0.54347825,8.945433
1.8332926,0.87858015
0,8.932324
1.2236158,4.471072
0.5947425,4.2477875
0,2.7357285
2.0113978,5.1753883
1.2873327,1.5694481
0,0
0,3.4825006
0,0
0,10.0623865
0.5846928,4.8941636
1.8731853,3.1496062
3.2569046,8.019782
0,2.6003294
0,6.731488
1.5365704,5.765018
1.388214,0
0.47856048,1.7340039
0,3.5124693
4.829518,3.1298904
0,6.7494597
1.4021313,6.835854
0.5173306,0
2.2494152,2.631656
0,0
0.7491759,2.3201857
0,0
0,1.0122482
1.0728463,5.5417013
0,3.5275145
0,5.5293055
0,0
0.845666,0
0,17.902275
0,7.6020856
0.31354842,2.6642983
0,4.4927664
0,0
1.841112,1.8216594
0,0
1.495961,8.08244
1.634254,5.186722
0,4.7307415
0.7978087,3.8590171
1.2674272,1.9509656
0.47952428,4.5663996
0,4.1073384
0.55788004,0
0.7026913,1.7534631
2.0124774,5.7130613
0.93927574,0
0,1.0528532
0.4821601,0.6385492
1.7661604,8.105041
2.521856,3.4185114
0.70856655,6.070908
0,3.0312216
0.5439513,1.6743875
0,0
3.986711,13.919822
0,7.7760496
0,0
0,0
0,2.686006
0.53766334,4.653327
0.93813026,3.992813
1.9841269,0
0,4.7829723
0,5.15763
0.95932466,0
0.76522803,2.8379529
0.35095108,3.980892
0,9.420227
1.1946003,1.3627691
0.7092702,3.3551419
0,3.7866836
0,5.99916
0,5.067782
1.8577002,0
0,8.135678
2.9727988,0.7179782
0,2.1398003
0,6.936125
1.336541,0
0,3.4955869
0.9710152,4.1937513
0.33410177,0
1.6221653,5.5514436
0,4.577707
0,4.4398403
0,0
0,6.3623347
2.0186727,2.1659086
0,0
0.38704184,0
0,1.3740038
0,23.752968
0,7.618467
0,1.2634239
0.534445,0
0,6.5684524
0,0
1.349892,2.4950101
0,0
0,0.6043026
0.84911263,3.9001563
0.4422235,3.460567
0,8.140376
0.90781176,2.3220713
3.2610466,5.394325
0,2.224694
0,4.10105
0,3.0165913
1.786565,0
1.6531658,4.751346
0,0.464231
1.3817881,4.902762
3.0181086,0
0,2.0251114
0.60686976,3.6608582
0,4.0587163
0,0
0,5.6532664
1.5072348,0
0,0
1.3671474,0
2.6912467,1.174743
1.0952903,0
0,9.091598
0.5856515,6.535948
0.47056612,1.0290183
0,5.3003535
0.50635475,2.8712256
0.6195787,3.9850166
1.1285408,0
0,3.3587103
0,3.0018013
0.8536065,0
0,4.268397
0,1.7701465
0,2.4128363
0.54291767,1.2562814
0,1.4714538
2.0625646,0
0,0
0,2.7795792
0,3.5565326
1.2238903,0
0,3.9411454
0.6452029,8.711885
0.6139489,8.693493
1.1625204,0
0,5.0574384
0,3.9481997
0,5.3956833
0,5.7703404
0,3.6138592
1.685488,6.2787776
0,3.6576443
0,7.3038397
1.0567473,0
0,2.5664058
0,4.3304105
1.7878693,8.308112
0.36060727,0
1.3054149,7.707723
0,3.1558185
0,1.4668133
1.4637537,3.9790437
0.51450914,9.828976
0,0
0.57458055,11.143887
0,0
1.6359472,5.4211035
0,2.6939654
1.6869097,6.0422964
1.3924345,2.2079928
2.171081,2.9565387
0,0
1.0664012,5.0102987
0,2.4539878
1.633631,0
2.0493205,2.611989
1.337256,1.9790224
0,0
0,5.74094
0,2.4704065
0,5.2599936
0.73453796,0
0,3.1031806
0.3265306,6.109802
2.5835788,2.8830905
0,0
0.91462016,8.712699
0,3.1948884
0,0
0,2.2722108
0.99705875,3.9150434
0.61064976,4.2368393
0,0
0,0
0,0
0,2.5891085
0.5429766,1.0539628
1.1904289,1.4304105
0,0
2.3518345,3.5418289
0,6.7521944
1.438435,4.0264134
0.61319596,0
0,3.0459945
0,6.6356997
3.194548,3.8083634
0.45903146,0
0,5.780347
0.7377896,0.9167583
0,5.0607285
0.54097915,0.6672004
1.7675651,2.8248587
0,2.4981265
0,3.2658393
0,0.7457678
0,0.80547726
0.7630967,0.61124694
4.8163757,0
0,2.3270247
1.2119743,2.5591812
0.2093408,3.628776
2.523978,0
0,2.4057739
3.986711,4.0120363
0,4.557885
0,4.0902586
0.93909943,5.3515286
0,6.9180217
0.6800871,2.30787
1.3931457,5.5393987
0.7797879,5.0192404
2.725786,0
0,3.0159848
0,4.2541122
1.975016,4.649721
3.175275,0.95070595
0.54218173,5.1875496
1.082134,4.3061023
0,1.9705986
0,5.865103
0,1.3471643
0,1.5939642
0,5.9253407
0,1.397331
4.285102,0.58630395
0,51.413883
0,0
0.54513735,4.991514
0.41383877,0
0.6085316,5.2374306
1.8196707,0
0.87989444,6.024399
0.9107053,2.681684
0,3.9984007
0,5.670542
4.236309,1.9899179
0,0
0,0.27792448
0,4.669079
0.9384972,6.1087356
0,0
0.74805504,0
0,8.672192
1.3284918,3.981486
0,5.8288126
0,5.6929927
0,7.4394507
1.7222574,2.9533374
0,0
0.7891414,2.8085942
0,3.9401104
0,2.1903405
3.6547034,1.4048891
0,9.163964
0,4.3582478
0,0
0.88809943,0
0.9881423,10.684639
0.9828976,4.7152514
1.830295,15.60671
2.093364,0
0,6.9545426
0.4715202,0.960338
0,4.05943
0.5076142,2.657219
0,0.80938894
0,0
0,3.17662
0,2.615063
0.9908839,7.6781325
0,3.2520325
0.9668375,2.1646583
0,12.495538
0.45869458,3.5906641
0,0
0,0
0,5.173752
0,5.3152614
0,2.629503
0,4.6357617
0,2.1905806
0.35521454,0
0,0.5066113
0,6.354048
2.954646,0
0.85397094,3.7143652
0.91370094,6.7758327
6.5995708,0
0.36188614,4.2383657
0,0.7017544
0,2.7434843
0.6526563,7.4934435
0,4.717426
0.69098955,0
0.7249003,1.8311664
2.4000382,0
0,0.90041417
0.36920807,9.517012
1.6688918,1.9479886
0.5789382,4.102564
2.0614307,11.717834
1.214993,3.0186403
0,0.73759913
3.052969,2.246686
0,2.2062879
0.59317255,4.196831
1.3947002,0
0,1.0202624
0.48524842,5.2750564
0,3.503036
0.43940592,6.3682675
0,0
0,0
0,0
0.546269,5.728689
0,19.251337
0,4.569688
3.4734285,5.119017
0,4.6018214
0,0.93663657
0.5617662,0
0,4.7362757
0,4.99875
0.76884633,0
0,4.4254313
1.3455329,0
0,4.142073
3.4396768,1.9900497
0,7.904246
0,4.5969324
2.306406,1.5497868
0.4510193,0
0,0.7216048
0,6.784969
2.77039,12.028127
2.3021317,2.0919044
2.671552,1.9807209
2.187705,6.580803
0.767283,5.09684
0,0
0.4204154,0
0,2.870735
0,4.6907983
0,2.9989505
0,3.535568
0,1.3653741
0.6156688,3.8929439
2.7797081,5.0603347
0.4720321,5.037149
1.1011195,3.623451
0.4296271,2.0507772
0,5.929791
0,4.9265127
0,3.3134527
0,4.9636
0.8877447,4.215852
0,4.8496604
0,0
0,0
1.140999,3.8020406
0,9.734728
1.826484,7.0356474
0.5993766,0.7374632
0,5.170631
0,7.4593463
0,0
0,2.533142
0.39982405,4.878049
1.1948858,1.5610365
0,7.277463
0,38.75969
3.0731409,2.6226068
0,2.060581
0.6155361,0
0,3.5394053
0,0.48918894
0,0
0.4890693,1.4491354
1.199904,5.0794573
1.3488905,0.72400814
0,6.1986675
0,1.0214505
0,8.389262
0,1.0428616
0.9725734,1.1376565
0,6.3804574
0.7453787,11.62422
0,4.5625644
0,1.1445576
0,5.17943
1.9105846,0
1.7224303,2.862049
0,4.296148
0,2.144345
0,6.3719635
0,0
0,0
0,9.8193245
0,1.8152115
0,0
0,1.740644
0,5.1059484
0.4769627,2.257209
0,0
0.8946144,0
0,0.69666994
0,4.786979
0,3.1971867
0.7653305,1.4579386
0,2.342469
0,3.0649776
0,5.8472695
1.4994752,0
0,0
0,0
0,0
1.1823475,4.6457605
1.9998857,3.4270048
0,0
0,2.4125452
1.6412276,9.992638
0,45.50626
0,0
0,1.6361257
0,61.728394
0,1.2109469
1.5295197,6.712536
0,0
2.8273878,6.461804
0.96116877,2.6659555
0,0.99681014
1.4097413,1.0046213
0,1.6488045
0,0
0.5824451,3.0677981
0,1.1494253
0,2.433238
0,3.6745408
1.1691804,1.2528188
0,0.5110645
1.1244799,0.77411366
0.30672964,9.469697
1.6493485,3.3896005
0,0
0,0
1.0324179,0
0.63051707,6.6906414
0,2.3044128
0,4.61228
0,1.0113269
0,2.9970028
0.5276488,9.906341
0,5.5784893
0.36656892,2.5071034
0.33937418,3.2410707
0,0
1.397331,3.251398
2.5877686,0
0,3.96668
0,6.5752397
2.2206185,8.687154
1.5542431,7.4310446
0,4.3566203
2.3944066,4.145593
0,1.9678583
0,5.7055917
1.5339776,0
1.9771963,5.0602164
0.78706074,5.270555
1.6499835,2.0532477
0,0
0.5531891,6.151781
0.46926326,4.0580297
0,0
0,23.154102
0,2.4536867
0,8.841733
1.6931933,0
0.929109,3.4936533
0,8.474319
0,1.8726592
0,7.519362
0,2.6469033
1.6388069,0
1.5661708,2.7319918
0.57587105,3.3733923
0,0
0.4100041,4.9460874
0,0
0,0
0,0
0.7497151,1.9864918
2.3364487,1.6889038
0,0
0,0
1.6700066,3.8095238
0.9438859,0
0,1.6299919
0,2.5357113
0.17534323,2.9019153
0,3.9856517
0,5.503577
1.5389351,1.443418
0,1.6291952
0,3.6429873
4.385644,5.858231
3.1959093,5.153501
0,0.8769622
0,0
1.2220457,0
0,0
1.4246638,0.6233248
1.1944577,0
0.38356796,0
0,0.99068755
0.74454623,0
0,1.954461
0,0
0,5.248163
0,5.6407943
0,2.6173117
0,3.1405063
1.5119443,3.9773293
1.5904151,4.1994753
1.1124399,6.049607
0,7.881995
0,5.712505
2.3582125,0
0,0
0.6022282,2.0613244
0,1.8095181
0,0.9326619
0,4.9937577
0,4.8804293
0.5809225,7.0896845
0.49800798,3.635042
0,0
0.5208334,5.8105755
1.4626298,0.6278252
1.1993283,2.3437042
1.0340192,12.953367
1.4036072,15.624999
0.6573974,1.1246064
0,2.5467327
2.4653616,7.6651845
2.799328,2.2760034
0,0
0,1.6542597
0,5.859947
0,0
0,6.4315577
0.46620047,7.58186
2.8872526,2.0451572
0,7.4515643
4.418913,4.3804145
1.0876068,0
0,4.8590865
1.53437,0
0,1.2430081
0,2.4382315
0,3.7684655
0,4.00641
0,3.5279589
2.4599037,0
0.6353644,3.4983382
1.6171199,4.008016
1.0631512,4.9809656
0.28932673,3.9265988
0,0
1.7319015,1.1606314
3.2168822,4.703669
0,0
0,1.8085986
0,5.820298
0,1.9487859
0,1.6151175
0,0
0,0
0.40632236,4.432624
0,6.350999
0.7227,4.1339397
0,3.8066237
0,3.1204495
1.4293883,1.5386982
0,6.3988976
0.99235886,1.7499344
0,4.6650496
0,0.5345021
1.3281094,0
0,1.396648
1.4685006,2.3618329
1.3699569,0.86036307
0,2.747684
1.7927572,0
0,5.3361793
0,0
0,4.9318347
0,7.5046906
0,0
0,2.4779053
2.7899191,1.2406948
0,0.64168376
0.7521625,0
0,0
0,29.61866
2.5358186,0
0,0
0,0
1.8297145,3.5616763
0,2.4727993
0.9806805,0
0,0
0.3933446,2.4521825
0,3.2647731
0,4.766823
0.549934,3.7827206
0,4.732608
0.5021341,0.8067444
0.7512584,0
0,0
1.469076,1.6612675
0,2.785205
0.330033,0
0,2.6080153
0,7.7254167
1.6277808,2.1358395
1.1993762,2.2441652
0,1.732802
0,3.815823
1.6080618,3.396739
0,2.329916
0,1.1600928
0,4.6242776
4.7276855,10.2092905
2.106002,3.561761
0,4.7308855
0,0
1.1463289,1.6659725
0,2.4981265
0.7199424,1.534213
0,4.860267
1.3401233,6.188438
0.9368559,2.902196
1.052687,2.289552
1.2477645,0
1.9064565,0.47998464
0,1.98334
1.4303082,36.46308
2.0114653,0
1.7322016,0
0,8.972999
0.4698586,0.88621056
0.870322,0
1.2406179,3.5130863
2.7659967,0
0,8.824395
0.4449487,4.224757
0,4.2321076
0,0
0,0
0,6.0034304
0.9152899,1.1095085
1.3119916,0
3.0950172,1.4239943
0,0
1.8455861,8.046347
3.0520372,1.4250089
0.42488104,0
0,6.1213555
0.44169614,6.2328596
0,1.4725373
0.47826296,5.36225
0,5.9389977
0,0
0,6.876228
0.80508816,6.905547
0,0
1.0986596,2.4013448
1.8865848,6.3204465
0.2579447,0.84983426
2.6141512,3.9574852
0,6.5220933
4.021833,3.5616763
0,1.5867977
1.4073604,0.8919811
0,8.468425
1.8549434,3.6954916
0.77960557,3.407542
0,5.9266787
2.1630306,4.521613
0,3.4192712
0,0.5963029
0,0
0,7.3313785
0,6.4708166
12.631247,8.926977
0.69132394,0
0,1.1473153
0,5
2.0135918,0.27161366
1.496782,4.332521
0,4.5397797
0.47415838,0
0,5.3661356
1.0498688,15.231238
0,1.9751916
0,4.5409136
2.3607178,5.198406
0,1.9459039
1.7205781,40.54054
0,0
0,0
0,2.3250406
0,2.1856968
0,0
0,5.901197
0,5.146113
0.7303535,2.7354794
0,1.1890606
0,0
0,1.5837319
0,0
2.365856,5.1355796
0,5.2999787
0,2.9861145
0,5.345307
0.6145148,1.1084632
2.2089684,2.1077037
0,9.2862835
0,2.0391517
0,0
0,5.80383
0.3526839,6.0290904
1.2876642,4.3340073
3.915427,1.2369858
0,4.1254125
0.3436308,2.792906
2.6620526,8.096662
0.50647014,0
0,5.4844604
0.8824178,1.6611296
0,3.9370077
0.71875226,0
0.30430284,9.108654
0,1.4260589
0.27957168,0
0,0
0,1.7663163
1.608838,1.786831
0,0
1.3006438,2.5393603
1.7780939,0
0,0
0,2.6243963
0.82946247,1.1903344
0,0
1.5715857,0
0,0
0,0
0,3.006012
0,4.9980564
0,1.9723865
0,2.3576565
1.5027425,0
0,3.247456
0,1.843573
0.82474226,0
0.7275638,3.287671
1.0640562,0
0,0
1.1476115,6.725515
0.7209805,5.567365
3.531697,4.280822
0,8.410429
0,0
0,4.3168573
0.36694556,1.3065064
0,2.985669
2.0705006,9.453711
1.5922298,6.111111
1.725427,0
0.5042102,0
0,2.4233027
0,0
0,5.596597
0,3.7658703
0.5661232,5.746183
0.58213997,0
4.309416,2.877698
0,0
0,4.976775
0,0
0,2.6465528
0,2.1910605
0,1.9054878
0,0
0.6847908,0
0,1.4495906
0,15.781168
0.3545722,1.4477018
0,3.1112556
1.4804579,6.4822817
0,0.67769045
0,7.8147893
0,24.752476
1.5667841,27.849613
1.138628,4.3454647
0,0
0,1.5797788
0,1.480385
2.6410775,3.221909
0.95638865,0
2.1462297,6.842974
0.7649939,3.6769776
0,8.147009
0,0.78033555
0,1.6784157
0,5.5476303
1.9595355,0
0,1.8845701
0,4.355401
3.2008781,0
1.7820944,2.4050024
0,5.1592326
0,6.7204304
0,2.8405056
0,5.7310696
2.8954732,9.695142
0.67204297,3.5744073
0,3.349242
0,5.910166
1.3724011,5.291705
2.3372676,2.5022938
0,5.3751884
1.1342369,2.2040997
0,3.2022543
1.6562461,0
0,0
2.1253986,3.5289373
0.7937768,0
0,5.382131
0,3.3527045
0,1.6516641
0,0
0,0
2.120666,2.501626
0,2.7089257
1.26807,0
0.9772067,3.1520174
0,2.8815675
0,0
0,3.2409658
0,5.30293
0,4.784231
0.54782516,1.1106175
0,4.2323565
0,1.3708019
0.70514405,5.9234686
1.8242626,1.8180716
0,0
0,1.9948134
1.8029929,0
0.46232083,7.0315247
0,6.226166
1.6820858,3.0158634
0,0
0.51519835,2.2527597
0.7008691,0
0,1.5905837
0,7.1181617
1.4519408,3.412969
0,1.6642627
2.553496,4.974771
1.0148678,0
0,0.35810205
1.2251899,0.7517667
0.82005304,0
3.11042,3.028162
1.4406109,4.980434
0,5.9101653
0,4.580735
0,7.471847
0,0
0,1.1588829
0,0
0.7994883,4.86618
0,7.0890565
0,0.84199893
0,1.2296342
0,1.7170329
0,1.9777503
0.7439369,0
0.17250004,8.765779
3.199854,1.0359473
0,0
0,5.376055
0,0.6628223
6.132712,0.9993005
0.83035785,12.294074
0,2.1969974
0,4.1689825
0,6.567713
0,3.1996586
2.579314,4.608488
0.92310536,4.7766895
0,0
0,0
0,3.04127
0,3.5149384
0,0
0,1.8400956
1.092359,5.016555
0,3.32668
0,0
0,7.978723
0,0.7522191
0,2.131969
0,0
0,1.7444396
0,1.6009392
0,6.9779243
1.3431834,4.219113
1.2251899,3.9674666
1.0969723,5.3347564
2.4467826,2.508781
1.6576874,7.670918
2.1329541,2.03666
2.236136,4.502476
1.289657,2.9136114
0,3.1670625
0.75108904,0.8955758
0.92114955,0
0,4.1339397
0.84349036,2.2704911
2.4816535,2.6005096
0,1.889377
1.8345257,4.1714463
0,0
1.2711865,6.9001207
0,5.1993065
2.19744,0
0,0
0,5.3495007
0,0.71159184
1.2532113,1.8312782
0,1.9054878
0.5328502,7.4948473
0,3.0646644
2.099958,3.360215
0,0.49248955
0.59304947,3.7919827
0.38452664,1.4885383
0.8615491,0
2.1615672,4.0855236
0.5557717,2.9761906
1.4177023,0
0,5.5785785
1.1415526,3.0891438
0,0.8411844
0,6.014262
0,2.4618416
0,4.689489
1.5322148,2.7466867
0.6422195,3.2794054
0,0
0,0
1.6159439,4.8323183
0.6381621,6.6342325
0,0
0.25128153,0
0,3.9429066
0,2.4929366
0.74382627,5.0684237
1.2510947,0
1.5758785,0
2.144542,2.101429
0,0
0,1.2227929
0,4.2957377
0.62605643,0
0.96711797,5.5061026
0,2.8184893
0,1.6964967
2.6406126,0
0,5.732575
0,0
1.1890136,2.7609057
0,0
0,3.761048
0,1.5970614
1.736111,0
0.6261741,2.356129
3.9306772,1.7563889
1.0656816,0
0,0
0,9.861933
1.41623,3.2778287
0.81886667,2.6820438
1.4744912,1.3559322
0,2.2434604
0.49156955,0
1.061008,2.03666
0,5.280761
1.4395393,6.0402684
1.4082524,0
1.788269,3.3121355
0,1.2632643
0,0
0,0
0,1.3887925
0,0
0,3.554292
0.726797,8.027523
0,1.9265966
1.6377333,0
1.3849137,8.433481
2.0702505,2.32396
0,4.8433967
0,8.178398
0,18.48429
0,6.6219687
0,1.1716461
0,0
1.6974086,6.5120063
4.486134,2.02977
0,3.9510074
0,4.6442504
2.1021652,2.100399
0,3.996118
0,8.482792
0,3.9832704
0,2.0212228
0,4.9169044
0,8.75529
0,1.6417665
0,2.8174305
0.75315386,0
1.1614851,0
0,6.780683
0,1.9087613
0.6122574,5.7636886
0.8300133,2.7171452
0.8166932,5.831329
0,0
0,4.440103
0.96894526,4.2063403
1.5836567,3.5609367
0,2.3813305
0,2.4528842
0.9121591,1.3447186
2.4342747,2.8910089
0,1.8947767
0,0
1.1983942,2.6850443
0,1.5775359
0,0
0,2.3466308
0,2.97442
2.0283976,0
2.147305,0
1.7848644,7.518797
0,6.010217
1.1795931,0
0,1.8631227
0,0.7221781
1.0548894,8.269778
0,5.319715
0.84210527,0.7307805
0,4.8350053
1.114082,2.3952096
6.440809,0
2.3982253,0
1.1526048,3.4886966
1.4024589,2.1707277
0.3616898,5.0884113
0,11.83432
0.565995,11.536877
0,0.58997047
1.1249859,4.2291245
0.6455778,2.6250165
1.819174,7.6687117
0,0
2.5605385,13.096352
0,0.97675323
0,9.442871
0,4.367289
0.41069448,10.10101
3.4870543,0
0,4.9707966
0,18.083181
0,3.2658393
0,0
0,3.1620553
0,1.892864
0,0
0,5.6766577
0,5.8080883
0,1.533037
1.2368584,3.9459405
0,0
2.0721095,5.963918
7.376445,5.311301
0,0
4.367766,4.372222
1.3146651,1.7876296
0,0
0,1.4827995
0.4614462,2.5782056
0,2.3081362
1.1781735,6.544113
0,10.741139
0,7.7933645
0,7.1994243
0.34873584,2.7689326
1.3723068,7.2708044
0,3.6273942
0.45628762,5.220297
1.7411491,4.9807
0,7.358953
0,2.9766967
0,0
0,0
0,3.6434295
2.24232,0.54244643
0,4.5680766
0,0
0,2.5844245
0,0
0,0
0,0
0,0
0,1.1559356
0,3.75258
0,0
0,1.2150668
0.99715805,0
0,3.909304
0,0
0.44752744,4.688672
1.2108003,6.8038783
0,2.0818155
0,0
3.7324576,0
0,15.366883
2.32414,2.862049
0.2857796,2.3154402
2.354049,0
0,3.8132591
0,4.2765503
0,0
0,8.295695
0,0
1.091703,3.1728766
2.659221,0
0,0
0,2.9946845
0,0
0.39261878,1.111358
1.4877262,1.5714005
0,3.8595138
2.24955,1.5333503
0,3.5822117
0,0.7087675
0.3101737,0
0,3.3559299
0.51292574,0
0,2.3318176
0.91203433,7.3354115
0,1.6194332
0.43194678,6.486662
1.1857474,0
0,1.5738943
0,3.169572
0,0
0,1.7381228
1.2038765,4.2980504
0,5.1264524
0,5.0158834
1.217656,7.360673
0,1.9430681
0,8.155942
2.8782501,0
0,0
0,4.6750817
0,5.865103
0,0
0.83668005,0
1.7667845,8.06963
2.6070182,13.404825
0,5.326054
0,3.5714285
0,1.521221
3.538779,3.639767
1.0576787,0
0.3313343,3.3772376
0.84936506,0
0,3.9631429
0,0.73975444
1.4874313,4.350348
0.43146223,5.8200445
0.5271574,1.6686133
0,0
1.2570314,1.511373
0,2.3570082
1.3818262,4.2232704
0,3.1965904
1.621797,5.775339
0,4.189798
2.0503707,6.8526006
0,4.7795434
3.453635,4.8278084
0,6.2932663
0,2.592913
0,5.7463923
1.5336835,0
0,1.1566377
8.846427,5.3433075
0,7.449186
0.45061284,0
0,0
0.6185439,2.6141512
0,4.0312824
0,27.39726
0,6.4717937
0,0
0,8.361204
0,3.4470873
0.6462453,0
0,4.2183414
0.8215802,9.0307045
0,1.2787724
0,3.7065742
0.49509853,6.137121
0,2.7092927
0,4.078541
0,0
0,3.729256
1.1765398,4.9844236
0,3.9070132
0,0
0,1.7332023
0.9476427,0
0,7.0462236
0,3.0902348
0,3.7230084
0.2254639,1.7154424
1.0585371,6.1454425
1.2567946,1.3928547
1.5473888,11.337868
0.5044645,10.913456
1.1956717,6.89465
0,1.5351549
0,4.176063
0,3.8812344
0,4.089645
0,0.7894529
1.275917,1.9714144
0,1.213445
0,0
0,3.446691
1.180684,7.5592136
0,0
3.740182,4.157572
1.6586498,0
0,0
0,0
2.6815403,0
0,0.7534092
0,6.4049773
0,7.9176564
0,3.6400037
1.3216151,1.7801514
0.93309695,4.9119363
2.6638253,4.0877504
0,1.571277
1.4479324,9.085128
0.45949546,1.493429
0,2.6946917
0.75380677,2.2758307
4.3451815,2.585761
2.028809,0
0,33.416874
0,0
0,0
0,1.6478536
0,2.34055
0,4.865842
2.220865,7.3746314
0,5.3988395
0.4887944,3.9635355
0.6353644,30.529171
3.2188842,2.7628124
0,11.718097
1.1976048,2.3579345
1.2330836,3.1533804
0,1.6619577
0.70094275,3.1761155
0,7.3833427
1.3740038,0
4.693367,3.5056968
0.38044512,11.209977
0,2.099517
0,3.6812074
0,5.949548
0.5978537,4.6352873
0,1.2798635
0,1.5175658
0,0
0,0
0.44676763,5.90493
1.4982022,2.257846
0,2.2737608
1.140988,4.1616573
0,5.1775913
0,0
0,4.983803
0,0
0.48697346,6.3180065
0.5427703,0
0,5.8105755
0.8240966,0.7499625
0,3.791613
1.2694113,0
1.1402509,4.5796533
0,1.8730098
0,7.260846
0.7671653,1.9131433
0,4.0020013
1.8143333,2.3866348
0.62100226,2.31107
0,0
0.70556694,1.9034023
1.2438326,0
0,3.8211691
1.1612378,1.9499513
0,2.1290185
1.5917484,4.356033
0,1.5188335
0.42698547,1.2305421
4.0433445,2.0654044
2.4400957,8.848252
1.1972106,6.834336
2.418672,3.4444752
0,3.5455604
3.5659099,3.668917
0.9710152,4.99301
0.4907855,1.9002014
0,4.816182
0,1.2771392
0,1.8827664
0.5480053,0
0.54785514,5.134935
0,4.889577
0,3.8990698
0,6.4697003
0,9.807768
0,4.757827
0,3.1865401
0,0
0,0
0,6.23558
0.4737316,3.70062
0.5208334,5.26362
0.3003995,5.6899004
0,3.2206118
0,3.49345
0,4.838222
0,1.6934801
0,2.1986074
0.57597053,4.0660324
0,1.3956734
0,2.1247964
1.3024225,4.4078755
0,0
0,2.236036
1.2990386,5.936127
1.5729702,0.9744689
0.42128325,2.7540622
0,8.330557
1.7824516,5.116585
2.6697516,0
0,4.359198
0,4.6820865
0,2.4521825
2.1011715,3.5363803
0,0
1.814388,2.512142
0,4.7144794
0,0
0,0
0,2.648305
1.1795235,4.227883
0.91512245,6.4524455
0,2.8724627
0.7732756,3.709199
0,0
0,2.7510316
0,0
0.29478526,2.2570815
0,0.7140307
0,8.733624
0,0
0,3.0826142
0,0
0,0
0,2.9831154
0,5.995717
0,0.8378718
0.42491713,0
0,1.7892288
0,0
0,7.5009375
0.9497127,0
2.1233675,0
1.4580094,0
0,2.0206103
2.114433,3.5951824
0,8.092579
0,5.2432275
0,13.831258
0,1.9996
0.97807163,2.469949
0.50046295,6.5859885
0.5642704,0
2.54399,2.64131
0,0
0,2.8956132
0,0.7041262
0.390625,0
2.8931,3.8762195
0,2.152667
0,0
0,5.316321
0,2.9858174
4.6511626,7.2418785
1.3892106,0
1.2843566,4.5416207
0.7045727,7.5592933
0,5.2475076
0,0
0.2545436,0
0,11.765629
0,3.5913088
0.48642865,8.847321
0,6.3526635
0,2.8083973
0.869603,3.8467455
2.8911483,0
0.53630805,45.845272
0,0.7500188
1.5082198,0.86835706
0,21.10977
0,3.7155383
0,3.1323416
1.1717148,3.4293554
0,0
0.887469,0.9794319
0,3.9082856
0,3.010839
1.2458988,0.5799455
0,0.6372674
1.6125317,28.77698
0,1.7898693
0,8.512449
0.59460104,5.425936
0.6907986,3.7769103
0,0
1.0198531,9.358914
0,1.435132
0,29.282576
0,1.5362556
1.0568031,2.4433947
0,0
0,4.2932277
1.4276537,5.182882
2.691971,1.80424
1.2351778,5.182114
0,0
0,4.8971596
0,0
0,5.3044767
0,1.3433638
0,1.0666288
0,4.134428
0,1.087311
0.667334,0
0,0
0,4.1842594
0,0
1.7920076,1.6597509
0,3.1635559
1.8171906,4.193224
0,4.2283297
0,1.8313341
0,3.6393414
0,4.3822684
0,7.3740273
0.5615611,0
0.39851752,0
0,0
0,6.8229747
0,1.417535
1.5800284,0
0,5.105762
1.9254043,5.376757
0,1.7503937
0,5.633168
0,5.010857
0,3.2010243
2.1821356,1.0084711
1.4833494,0
0,5.366726
0,1.3664936
2.3697805,0
0.7645845,6.4387355
0,0
1.9732947,0.9090909
0.88327515,0
6.1124697,5.4371467
0,9.849629
0.37906072,1.7934002
0,7.4225273
0,3.1251953
1.5826541,1.0583131
0,0
1.2876643,5.85423
0.63942707,1.1386496
0,1.5000376
0.44583148,0
1.0741138,0
0,4.7197022
0,6.4966702
0,0.96200097
2.6535053,3.0335205
0.4038772,1.456346
1.1610806,3.7453184
1.1219567,1.186662
0.49096623,4.9226055
0,2.7800946
0,0
3.4826217,0
0,0
0,0
0,2.1068156
0,1.7644464
4.28128,2.9400234
0,0
0,0.700133
0.48297516,2.8803916
2.183406,0
0,0
0,0.6669334
0,7.605614
0,4.3455167
0,4.2817388
2.3041475,0
1.5754648,0
0.93597907,5.8145165
0.56802046,6.1046333
1.0153315,6.5125365
0,5.7121096
0,0
0,8.163265
2.5081515,3.7062204
1.2552301,0
0.96515775,2.4875622
0,4.6024623
1.0826026,5.4992537
0,2.2619317
0.54818547,4.303389
0,2.5477705
0.38218996,0
0,5.905279
0,12.02887
0.94793475,2.3576565
3.3958166,1.4829094
0,0
0,6.0481434
0,4.139807
0,20.746887
0.5854801,4.6355314
3.394721,7.0656013
0,7.9625764
0,4.94407
1.400168,0
0.68268704,2.772387
0.2700513,1.5540016
0,0
0,2.884671
0,2.8494086
3.3863866,1.9694732
0.57198423,0
0,2.927686
1.0463899,3.6407135
0,8.368201
0,4.6342783
2.4496295,2.4582105
1.7001021,0.9425071
2.688461,8.055854
0.8758868,5.20508
0,0.67540187
0,0
0,0
0.5730987,3.953741
0,8.086799
0.931142,8.064052
0,7.7534404
0.5828525,0
0,2.9019153
0,0
0,5.0860386
1.6520734,1.0269576
0,19.430052
0,0.75397724
0,0
0,6.3463855
0,0
0,2.2909508
0,2.317318
0,2.4712715
0.9126586,9.995716
2.8587766,1.4395739
0.39384034,2.800336
0,1.7563375
0,6.257822
0,0
1.6084929,1.447178
0.95025414,6.438459
2.5327997,10.171647
0.33772373,5.863629
0,3.6286666
1.768034,4.1453643
0.969556,1.9326161
6.110602,0.45169157
0,2.1497865
3.1810663,2.9916234
3.9688444,2.2213995
0,3.785871
2.5895555,0
0,3.122463
0,0
1.4593569,7.9103494
2.0758374,4.145651
1.2814763,1.7954934
0,1.3266119
4.341534,3.0807147
0,3.6123903
0,1.6531658
1.5024039,5.5391436
0,4.618938
1.0918819,0
0.92541176,6.805214
2.1737947,10.81248
0,7.212694
0.6973987,5.0146856
0.56532305,1.0723286
0,14.760147
0.3192848,14.028524
0,0
1.8801409,0
0,1.7038096
0.9805203,15.901412
0.54109627,7.4055786
0,0.84168
2.9385836,0
4.054054,13.00813
0,2.7331738
0,2.650411
0.9837678,5.6351633
0.8604371,0
0,5.376826
0.5889628,5.7863674
1.3046881,2.739726
0,14.055573
0,4.3035994
0,4.8335447
0,2.3555276
0,5.3354673
0,0
1.6432953,4.4706726
0,8.086452
0,0
0,0.55583346
0,9.345794
0,13.45895
0,2.65569
1.6441959,1.5116016
0,3.9402828
0,1.6720544
2.0909324,4.8644047
0,0
0,0
0,7.8740153
0,3.5486162
0,2.1217532
0,4.306632
0,0.7430524
0,3.814974
0,9.085128
0,4.605642
0,2.2899015
0,1.3285506
0.8278146,3.9184952
0,2.0050795
0,0
1.5521926,28.901735
2.9016345,2.5614753
0,2.5147743
0,11.557725
0,1.8308312
1.1820797,4.9077344
0,0.8668516
1.4117647,0
0,5.6815495
0,5.10124
0,0.8623663
0,0.9673987
7.162041,2.059308
0.989903,2.9779632
0.48111618,2.9250457
0.68747425,0
0.5128994,4.9574485
0,0.9469697
0,2.5564551
0.60135907,0
0,5.037149
0.81201786,0
0,2.0666852
0,6.3694267
0,1.0505306
0,1.9702492
0,0
0,4.1621575
0,0
0,2.193223
0,0
2.091066,4.653327
2.0940945,0
0,0.7425008
0,0
0,0
0,3.0670142
0,0
0,4.548763
0,4.34321
0.85765743,1.1744671
0,0.52537566
0,0
2.4701524,0
0.6907986,5.4624906
1.7813668,0
0.73480785,1.244168
0,0
0,1.4908683
0,0
0,1.6558576
0,0.847745
0,4.9759493
0,2.6248097
0,16.155088
0,0
0,4.438526
1.7322016,0
0,5.6177144
0,1.8711175
1.694628,2.0710795
0.33800915,4.4208665
0,6.714789
0,3.7220843
0,4.5676537
0,1.3224889
0,7.1890726
0,4.2623477
0,6.094588
0,2.157187
0.6291287,2.748763
2.4236548,2.3528028
0.40628937,3.0904737
0,2.6142817
0,4.771182
0,0
0,1.7831669
0,0.71113634
0,1.4206564
0,0.5442177
0.6537657,3.7918286
0,4.1655097
2.0281918,0
0,2.0393596
1.2946659,3.502627
0,3.1563165
0.89245874,0
0.24982512,3.3495226
0.35784575,5.493751
0.6590437,0
0,6.453127
0,10.414496
3.6440198,2.9933398
1.7814727,0
0,3.461006
0,3.1206117
0.4050715,1.114082
0,0
0,4.3840423
1.8065215,4.0894217
0,2.4072022
0,3.3464403
0,0
0,6.565988
0,2.688461
0,2.0372822
0.5812264,0
3.8224473,0
0,12.738853
0.71839076,0
0.7851759,0
0.79032636,0
2.1902606,5.804227
0,4.2704625
1.0531858,10.889857
1.0494832,6.102771
0.94404936,4.541326
0.99103117,6.0240965
0,0
3.7644935,13.956735
0,0
2.7638052,0
0.9711566,1.2201074
0,2.2539444
1.1305822,4.744283
2.1798365,3.1565657
0,3.6193852
2.7204962,3.8160658
0,3.0946977
0.34581733,1.0425898
0,10.472117
0,8.558388
0.67626965,5.0221815
0.30491525,2.909514
0,3.587315
0,0
0,80.94645
0,2.6733677
0,6.296097
0,1.8350307
1.6206142,2.1595163
0,2.153316
0,3.667802
0,0
0,0
0,0
0,1.1433145
2.3124595,6.4258175
2.3782628,6.6321793
0,0
0,2.4061599
0,0
0,4.526765
0,0
2.375156,5.1773233
0,0
0,3.774297
1.2645956,2.1095934
0,2.8130715
0.8950549,2.1822944
0.6404714,0
0,0.83416754
0,0
0.27625072,1.30813
0,5.112765
2.44439,3.6852772
0,1.5632328
0,2.1799552
0,1.7347057
0.49578583,0
0,2.6518166
1.7536937,3.8144114
0,1.938736
0,0
0,6.8818817
0,1.1296881
0,4.3098803
0,5.2208414
1.1009579,4.4068394
0,16.641066
0,1.0897995
0,4.935225
0.39835876,8.35771
3.39098,7.990121
0,8.896797
0,31.923382
0,6.5010114
2.6237538,1.805217
0,4.4603033
0.8719156,4.0233355
0,4.8905735
2.1574974,0
0,1.4015417
0,3.1071982
0.36513674,1.0899183
0,3.9209535
0,5.1421437
0.5756058,0
0.5179469,0
0,0
1.1801499,0
0,6.983937
0.84595215,2.2101889
0.4622354,7.7236133
2.1981645,1.9240019
0,0.66898584
0,1.7694417
0,4.3891735
0,3.5888028
0,1.4927601
1.1218938,1.9054878
0.2847786,10.321692
0,0.93010277
0,2.8197608
0,3.5004814
0,1.9696671
4.7528515,3.0001
0,1.3543713
0.60664886,0
1.1416177,3.6644354
1.1393847,0
0,0
0.6968641,0
0,3.5549235
0,0
0,3.141197
1.210727,5
0,0.82819164
1.8530186,0
1.8501388,4.072682
0,2.460428
1.255414,0.87627065
2.9168124,4.624195
0,0
0.59633845,4.7691717
1.1395361,1.9166268
0.34734282,1.3618412
1.0857763,0.8536065
0.44002464,0
0,0
0,0.83347225
0,4.2162466
0.6017209,0
0,1.5249946
0.6993007,0
0,3.0624354
0,4.3434196
2.7645693,4.703037
0,5.014626
0,4.2146673
0,0.72442776
1.4245014,5.3553667
1.4300015,4.120313
2.8174305,0
0,0
1.4776869,0
0,2.8143249
2.4196475,2.7439861
0,0
0,8.244023
1.7338536,6.220195
0.73545635,0
0,2.1497054
0,6.546216
0,2.7515364
0.7788769,0
0,3.4828038
3.7576327,2.6660979
0,2.7745848
1.6033349,6.4134536
0,7.624186
2.6396368,5.202237
0,0
0,0
0,1.5236934
0,2.8926816
1.2503908,8.651701
0.9569378,4.059265
0,4.8538976
0,0
0,5.9925094
0,0
0,5.9741616
3.3452275,2.9299736
0,2.677914
0.63183165,2.7559597
0,1.5033073
0,0
0,4.0149894
0,1.9421246
0,0
1.926968,3.5784576
1.639882,1.7028522
0,0
0,1.2190661
0.7907013,4.7387753
1.2972692,5.3238688
0.98039216,1.5961691
0,2.6497085
0,6.686824
0,2.6559014
1.9597596,12.706481
0,7.170662
0,2.1249468
0,2.2043912
0,5.8349867
0,0
0.30372056,4.426738
0,7.076473
0,2.9440627
0,4.643963
0,3.6079376
0,4.0326643
0,10.887316
1.4652015,7.931472
0,2.899391
0,7.1001115
0,0
0,0
0.39485115,6.485685
0,0
1.8517375,1.2944425
1.6500288,0.8571551
1.8037518,3.0120482
0,0
0,3.0910308
0,2.4890482
0,1.2300879
0.59280336,4.1549807
3.3048291,7.139215
0.7405214,5.967922
0,3.59301
0,3.4054973
0,0
1.9131433,0
0,3.3770094
0,2.2151666
0,0
0,3.9344263
0,0
1.1951715,4.634457
0,0
5.841121,2.1902926
0,2.5142474
0,5.6424313
0,2.7829316
0,3.688948
0,0
0,0.98415506
0,0
0,1.9776525
0,2.5738368
0,0
0.9535009,4.347196
0,0
0,7.1986837
1.0207206,0
0,2.5668998
0,2.49035
0,3.5063114
0,8.232301
1.1694881,7.6673546
0,2.9726515
0,5.6741614
0,3.5765378
0.7462408,2.8153155
0.6619886,2.4354603
0.6124824,1.44655
0,3.8732166
1.1391468,3.5188966
0,0
0.9763718,2.8154285
0,2.7777777
0.69027406,7.8030176
1.5749685,0
2.395927,4.8404665
0,0.9315323
0.6196171,0
0,5.629363
1.2327416,0.68212825
0,3.9764593
0,1.330141
0,4.059265
0,1.2436265
0,2.7267768
0,1.6450074
3.621002,2.7521672
0,1.8385732
0.33823776,7.133516
1.6749016,4.5202384
1.5651902,3.4614053
0,0
2.4013448,64.10257
3.0887077,7.2833214
0.77375424,9.679371
0,0
0,4.9474335
0,6.029285
0,2.1361434
0.2782957,0
0,5.8268266
0,9.756098
2.3661172,2.3261225
1.2885491,0
0.665912,0.98561007
0,13.386881
0,0
0,6.4385576
0,1.3312033
0,1.9637364
0.7418122,1.5496669
0,5.447365
2.5443134,9.724924
0,0
0,4.470844
0,4.1393175
0,4.472772
1.5116016,4.59411
0.55847204,5.216484
0,5.2819223
4.8711843,0.39995202
0,6.3146267
0,7.0793676
0,0
1.7230982,0
0,3.5055737
0,0.7525021
0,2.1568458
0,0
0.70219785,2.1549401
1.5133172,0
0.8653514,0.64888716
1.3687379,17.482517
0,6.9492702
0,0
0,1.3397642
0,12.633513
0,0
0.69628185,7.0466647
0.70609003,9.808292
0,4.559963
0,2.1110964
0,1.5276505
0,0
0,3.690718
0,0
2.407898,1.6838796
0,5.985464
1.508144,3.362798
0,9.112448
0,4.431642
0,1.2100677
1.7170329,1.4046917
1.2642225,14.04363
0,0
0,1.7900295
0,2.3601604
0.6989586,1.641497
1.1163206,1.548467
0,1.6253996
0,1.5724506
0,5.370569
0,2.6100574
0.73206437,0
0,4.217926
0,2.096436
0.6115273,2.1606438
0.8902342,1.2790996
2.7184994,3.8995478
0,0
1.0620221,5.078505
0,0
1.3373156,2.1645803
0,2.4408102
2.3486583,3.4692109
0,7.99121
0,1.4199504
0,2.5288713
2.1567218,5.9513392
0,8.801409
0,1.2300123
0.21288373,3.7119524
4.549246,0
0,0
0,2.9417534
6.563115,0.8972633
0,1.1229646
8.551394,0
0,2.0973155
0.6751739,1.028595
0,3.387534
2.1188235,0
2.3593252,0
0,3.749883
1.242905,0
1.4105368,2.691468
0.48359403,1.9842583
2.4624476,6.4285717
0,0.6147793
0.5197235,2.7281408
2.9321215,0
0,0
1.2629452,4.3353853
1.5295197,0
0,2.2099447
0.7687577,0
0,4.535441
0,6.169031
0.9773897,7.6712327
0.50223494,7.8377585
0,0
0,0
0,0
1.0588173,1.767534
0.5282341,3.1796503
0,0
0,6.456299
1.5532172,5.9016395
0,0.45347363
0.717669,6.1857796
0.75947446,2.7233117
1.2899421,7.60614
0,3.466605
0.40360013,9.387153
0,2.1811838
1.3027619,2.9826262
0,0.8045052
0,9.068924
0,1.9596316
0,0.8748906
1.5452368,0
0,8.306798
0,0
0,1.0068465
0.58329445,14.430014
0,2.1090372
0,0
5.184801,0.80952
0,0
0,0
0,0
0,0
0,3.5134976
0,2.403124
0,0.5728033
0.6009435,4.9391866
1.304121,0.94446546
0,3.0637255
0,8.747141
1.4846708,5.0740814
0,4.6938562
1.084834,1.382361
0,1.8951957
0,0
0,7.0631447
0,4.404898
0,0
1.5536394,4.503321
1.5188335,1.6365273
1.1394713,2.4612355
0,7.7579517
0,0
2.7831895,6.393862
0,2.438727
0,2.0383205
0.44622937,0.97143966
1.8728931,1.5855399
0,5.160339
0,5.116311
0.6175508,0
0,0.91701055
0,0.82426643
0,3.881557
0,6.390457
1.0702628,0
1.09872,4.0379567
0,0
0,1.181614
0,4.5387497
0,1.3807386
0,2.1253986
0,0
3.6960378,47.449585
0,3.2662964
1.0855407,0.9018759
0,5.418376
0,3.9838653
0,6.8027215
0.678403,4.244282
0.61919504,3.002327
1.6870519,8.587903
0.7692899,0
0,6.3488035
0.8073306,0
0,0
0.3949759,2.7700832
0.8939546,0
0,1.6613365
0,7.526633
0,3.0129557
0,0
0,2.4469535
0,1.9312477
0,0
0.29449874,2.2918258
0,3.2123353
2.2275023,1.3217896
0.9664637,0
0,0
0.94179696,6.595262
0.74399227,3.8842492
0,0
1.0828956,3.1959093
1.4963341,0
0,0
0,3.8968124
0,1.1356539
0,0
0,0
1.153203,5.239717
0,4.7892723
0,2.4429967
1.1092131,0
0.8850341,2.7631943
0,3.3964505
0,8.898776
0,0
0,6.8222127
0.3394433,0
2.2996435,2.4480803
0,3.0503304
0,5.049594
0,0
0,5.368263
0,5.6683984
0,1.2909056
0,2.945725
0.46281296,0
0.4456129,2.1281123
0,2.15773
0.93931997,7.8064013
0,1.4360595
0,5.441119
0,2.6299179
2.0569077,3.709199
0.40513712,0
0,0
0,0
0,6.9156294
0,0
0,4.8971596
0.72923505,1.4620951
0,5.543852
0.63869196,3.4766483
1.3275511,3.3795202
0,9.112576
0,0.79649544
0,1.7496282
0,5.6701703
1.287167,0
0.53636557,0
0,4.618138
0,6.955591
0,0
0,4.032258
0.331774,1.069862
0,0
0,0
2.6032627,4.2283297
0,4.3451276
0,6.1527643
0,0
0,5.622979
0,2.8087258
0,2.023063
1.5078408,2.1703744
0,3.2138839
0.9961151,4.792141
0.62231624,4.7108703
0.7241129,2.8066235
1.5288765,3.3575826
0,2.2209883
0.45616278,82.35294
0,2.7252905
0,5.1150894
0,6.727966
0.6250586,2.3047848
0,1.547748
0.91558325,2.9368577
2.0666494,0
0,2.2051933
0.72516316,0
0,1.9679874
1.1348162,3.011141
1.3077024,11.904762
0,2.8449502
3.3889115,4.307869
0,15.803138
0,4.0650406
0,4.2892685
2.7841194,0
0.80938894,0
0,0
0,2.2245703
0,5.379236
0.84379286,2.8110945
0,1.5904151
0,0
0,6.3098116
0.9853188,5.91766
0,1.6487269
0,0
1.1330802,4.0141835
0,1.5247389
0,3.2743943
0.279049,3.2020493
0,3.5555556
0,0
4.4339347,0
0,3.525782
0,3.7579858
0,2.0030713
1.2965964,0
0,2.0552871
0,4.4709387
0,0.9540164
3.3009527,0
7.672634,0
2.400096,8.184219
1.1357183,3.5164833
0,3.402325
2.1187937,3.5642152
0,2.6030369
1.6656487,1.0172163
0,4.0314455
0,0.71880394
0,0.98658246
0,0.5110384
0.64612,5.6513143
3.1007752,7.2674417
0,7.581501
1.2875812,0
0,4.4766765
0.8343763,1.8990948
0.62363577,6.5882354
0,5.6128535
0,0
0,2.7614772
1.7171313,0
1.9092168,2.2336385
0,0
0.50002503,1.7477934
0,2.709293
1.022338,5.037783
2.6844196,1.8649758
0,0
0,10.77365
0,5.3611093
0.8479966,0.66849387
0,7.9260235
0,1.0628122
0,7.514688
1.8196374,9.161704
0.9424626,6.1115355
0,2.0017347
1.9839958,3.0528758
0,7.8757873
0,0
0.38437885,3.3467202
0.9311854,1.7239398
0,4.2123
0,0
0.61789423,11.979634
2.680007,3.9175744
0,3.8244574
0,2.7783566
0.5279971,14.404033
0.6338943,0
0,1.3075314
0,0
0,8.388621
1.3826797,0
4.2483892,0
0,4.8638134
0.53279346,8.224529
0,3.0144227
0,3.2130234
0,1.9421246
0.97191966,2.4121087
0.5446327,1.0672358
0,5.8362517
0.5714286,8.008542
0.62270373,0
0.532907,5.315379
0,2.8392959
1.0568031,7.281049
0.4092323,3.1886737
0,2.5629525
3.7095428,0
0.7885813,1.155535
0,6.83527
0,3.9698296
0.5878895,1.2496355
0,3.5803795
0,4.237647
0,2.314547
0,2.4590163
0.44893378,4.283389
1.1449507,0
0,6.435697
0,0
1.3182178,0.74593467
0.40448165,4.5681224
0.60510707,5.1894135
0,4.152441
0,6.4566116
1.0899183,4.8414426
0,5.6710777
0,28.288544
0,0
0.89553577,1.2682308
0,1.9270298
0.5811926,1.2329696
5.3078556,2.9460864
0,2.864714
0.39488235,0.69468564
0,0
0,5.2726727
0,0
1.2722107,1.9249277
2.6951754,0
1.1194447,3.1588092
0.6378771,10.2648325
0,2.4057739
0.6582267,2.5693731
0,3.2754667
1.5842003,5.1863856
0,4.5416207
0,3.0876904
0,2.84522
0,5.4995418
1.3936796,0.8592542
0,0.3937783
0.5239168,1.466921
0,4.955752
0,6.4885907
0,0
3.8871183,0
0,2.921841
0,2.396932
0.57850283,3.5549235
2.4239485,0
0,7.720815
0,3.092146
0,0
1.8328446,4.465615
1.0841284,1.8468357
0.80083287,3.7160907
0,0
0,1.4318441
0,0
1.1676786,1.6382699
0,0
0,3.44679
1.2981955,2.467714
0,4.4977217
1.6832184,1.6704252
0,3.8409832
0.3637951,1.3759575
0,1.2926021
2.5387154,5.4674687
0,0.83257014
0,22.727272
0,2.7660604
0,4.3506637
0,5.7330317
0,4.0514536
0,6.578947
0,1.7700158
0,8.967148
0,0
0,0
2.2885041,0
0,15.898252
0.7401377,2.269761
0,0
1.8516232,2.0554984
0,0
1.1763322,0
0,4.184601
0.3360554,0
0,0
0,4.040404
0.952109,7.144133
0.56135625,6.388416
0,0
0,13.402259
0,0
0,2.4512806
0,4.072767
0,0
0,0
2.1258502,3.1476235
0,0
0,1.6672224
1.8723961,4.9981256
0,1.8181818
0,6.1619716
0.52295786,2.5318058
0,4.94106
0.6566203,0
1.6853933,3.7137907
0.7877737,6.2705755
0,3.7432156
0,0.7079646
0.33891413,0
0,7.4825406
0,1.3750745
0.8584796,2.2150848
0.5394616,0.73195726
0,3.731498
0,1.4163637
5.666793,1.0895619
0,5.4220138
2.5708828,0
0.5673759,0.90950435
1.3483449,0
0,7.1275835
0.56631553,1.3019421
0,0
1.1720581,2.4125452
0,0
0,2.4596212
0,1.5179113
0.27016076,8.267091
0.6076811,4.659832
0.5642704,0
1.7630465,0
0,0.33456004
0,1.0170871
0,1.3507429
0,3.6993976
2.7651045,7.1326675
0.8218953,3.9755504
0,0.8515712
0,1.9920319
0,3.3797483
0.46349943,1.463272
0,0
0.29848072,4.3371406
0.65664196,8.970908
0.8832102,2.4493794
0.536193,1.2738853
1.3969407,2.4694407
4.344049,0
0,3.2364206
0,3.0562348
3.2544668,6.6312995
0,0.7782707
0,4.599393
0,1.2236906
1.7746859,2.207408
0.43992788,2.9588716
0,0.94170827
0,2.4145842
1.5642109,5.180964
2.096326,7.4349446
1.0725586,1.5192027
0.4912074,0.9737099
0.8577801,0
0,3.710575
0.86700195,4.9382715
0,5.516227
0.91890645,2.2525904
0,2.3824651
1.0416666,3.3161995
0.73136836,0.24623871
0,4.4159856
0.81906784,0
0,2.800336
0,4.895105
0.82668537,4.3896227
0.8529027,0
0,2.8565443
0,0
0,0
0.5072537,1.1730893
0,3.8164299
0,0
0,2.3812358
2.7922564,0
0,3.4387894
0.78839487,28.19549
0,4.808463
0.6713662,4.2432814
0,4.9885263
0,5.0469365
0,0
1.2934937,3.1357794
0,2.3364484
0,0
0,20.120724
0,2.6709402
2.4560974,0
1.19154,5.4115806
0,6.8410463
1.6701461,1.1582788
0,0
0,2.7255383
0,0
0,5.0029182
0,0
1.2710787,1.9223375
0,6.6072016
0,1.3428226
0,7.3800735
1.1355249,0.68152386
0,4.0355124
0.6177034,7.7081194
0.57680106,0
0.7290755,0
0,1.8008283
0,0
1.5571473,3.3863866
0,2.606067
0.6799021,7.8209605
1.7031907,6.364697
0,3.3726814
1.7476407,1.7008731
1.2334639,3.7871614
0.3374844,1.8710474
0.95570314,0.41963914
0.31194437,9.457159
0.58851224,3.8102493
0,3.727866
0,11.05787
0,0.9202595
0,1.7705382
0.48921284,0.86460316
0.52375215,1.6431153
0.60927314,10.30264
0,0
1.1635574,9.206408
0.7952286,3.293446
0.83502656,4.9061694
0,0
0,0
0,4.1400523
0,3.7490628
0,0
0,0
0,0
0,3.1071982
0,0.65634024
0,2.7432332
2.2553,3.5358176
0,0
0.82861483,0
3.9241333,5.5746536
0,2.3601604
1.3829346,5.5778103
0.6168841,0
0,3.042905
0.5278438,2.0293856
0,0.47501424
0,1.3156164
0,0
1.4807502,0
1.1799409,7.0731363
0.3433948,2.600442
0,3.965893
0,5.5309734
1.9944156,4.918839
7.0187755,2.912056
1.2876642,3.3749578
0,4.5220222
1.9349844,10.65956
0,0
0,5.2962093
3.3195808,1.6367952
0,6.0034304
1.0037137,8.022463
0,3.072736
0,6.7944016
2.0352504,4.86334
0.980873,0
0.50372756,2.9629629
0,0
1.3179572,2.2730715
0,10.5866785
0.73311096,0
0,4.664179
0,0.7155635
2.685525,0.41573125
2.3988006,0
2.0371163,0.77772593
0.91499674,0
2.6886885,0
1.6419014,4.365932
1.6839268,0
0,0
0,0
0,8.849558
0,1.1554016
1.4677105,2.7989643
2.3573785,2.0147073
0,0
0,2.5603278
0,4.7443333
0,1.5609148
0.44375417,1.0938525
0,3.939722
0,0
0,0.63848805
0,2.7752082
1.817631,0
0,9.178522
0,0
1.1482375,0
0,1.6735002
2.5054808,0.78284013
0.61511964,0
3.690718,0
0,1.7691288
1.1184431,1.8066847
2.0045102,0
0,5.2555513
0.79129577,0
2.261548,1.9753085
0,4.566905
0,2.8516026
0.36333248,2.5039124
0,0
0,1.8084272
1.9902081,0
1.8063583,5.3172636
3.464832,0
1.3990906,4.7267914
0,6.8060284
0,1.5233454
0,4.171533
2.1369042,0
0,5.301716
0.39907414,6.7380905
1.0993239,2.3096023
0,3.8419137
0,6.6321793
0,1.2354068
0,8.322237
0,4.5906653
0,2.1829295
0,1.6144656
0,3.5269814
2.0165355,0.70957214
0,0
0,2.687209
0,9.021843
0,5.399892
0,3.7656271
0,4.1655097
0,2.7302513
1.0902747,5.9739537
1.0824854,0.8840951
0,0
1.2578089,1.6761649
0,8.433481
0,1.5738118
0,0
0.60895777,0
1.142074,2.325987
0,0
0,3.9114213
0.73491585,0
0,9.0484085
0,2.122917
0.7122507,8.479367
3.132832,0
1.1592858,0
0,0
0,11.667099
0,3.6674817
1.0966115,2.7277687
0.7775445,0
0,3.0599756
0,5.741627
0.51931864,2.890054
1.1210762,7.8334827
0,6.059032
0.31843078,0
0,7.4335027
0.48759082,7.9410095
0,3.0506406
0.6882313,2.41507
0.9753243,0
0.512952,4.010829
0,6.779661
0,6.1135373
0,3.7018757
0,17.421602
1.345895,0.6507875
0,0
0,2.5025024
0,0.57323015
0,2.8354719
0.9788088,1.2762427
0,4.5030556
0,3.6297638
1.8987341,7.142857
0,0
0,2.6819239
0,6.8390093
0,5.641315
0.7330304,4.2782273
0,15.806869
0,0
0,4.472672
0,4.6336136
3.4088972,0
3.9098136,7.9245586
0,2.5623944
0.6954103,0
0,0
0.4244302,5.703205
0.98227006,2.4624476
0,0
0,2.5503697
0,0
0,9.723328
0,0
0,1.5077044
0,14.538135
0,3.4244227
0,0
0.41209924,0.84373945
0.60139525,3.3971238
0,3.3902137
0,4.522329
0,0
0,0
0,6.0201397
0,3.1466331
0,2.209131
3.1595576,3.7674243
1.3125943,12.578617
0,0
0,6.790842
0,1.7256255
0,9.333582
0.74710494,1.4097744
1.1976048,6.174473
0,1.8258171
0,4.084133
0.96515775,9.348415
0.7517667,4.786216
0,4.4618955
0.89158344,18.999367
0.43448037,1.0348753
1.0347682,1.3066771
0,1.6853459
1.44453,0
0.3172086,0
0,1.6561775
2.959553,6.7651367
0,0
1.3359798,5.134349
0,3.550716
0.2713336,23.952097
2.339455,5.3529606
1.2043115,1.3546464
2.0991864,0
7.403294,18.975332
0,4.2648473
1.1785504,0.6275363
1.6768208,3.143336
0,1.4670286
0,4.4953923
1.3631407,1.1071745
0,4.286786
0.90571505,4.2273083
0.46779248,10.299478
0,6.4578624
0,4.471129
0,4.8875856
0.972668,1.1376565
1.0354111,3.5065572
0,4.482295
0,0
0,2.0988562
0,1.5360982
0.5697681,0
1.7113763,2.7767494
0,6.6356997
6.355259,0
0,6.73277
3.1259768,0
0,5.043373
0,2.995806
3.1238286,4.315926
0,4.355822
0,0
2.173913,0.77351487
0,1.3944085
0.41863775,2.776698
0,6.8596516
1.5188335,0
0,0
0.9722898,4.411116
0.73110104,0.63008
0.50276524,0.8913649
0.95424396,2.7046032
0,4.64756
0,0.9942334
0,0
1.3492545,0.8529512
0,0
0.8266512,2.7708507
0.76757747,0
0,1.4188423
0,4.6264167
0,8.9474535
0,0
0,0
0,2.5466893
1.2738312,18.132366
0.8330557,2.1267548
0,3.9138942
0,15.527949
1.0325956,0
0,0
0,0
0,3.889537
0,0
0,1.7462673
0,2.100252
0,0
1.5696124,3.290962
0.38898396,0
0,7.317966
0,2.0918314
0,3.706449
0.38311243,1.6869096
0.6818957,2.4997919
1.758319,0
0,4.0253596
1.0347682,1.645278
0,0
0,0
1.6481252,7.286638
0.7743734,2.7510316
1.755464,0
0,6.0655074
0.8731718,2.5443134
1.7062905,8.641549
0,4.71198
0,3.5869615
0,3.9806035
0,1.8209407
3.0140908,0
0,9.963768
0,2.2065313
0,3.4188037
2.4907842,0
0,2.5683832
0,0
1.9458091,3.9131286
0,0
2.027301,0
0,0
0.9322706,0.8082114
0.68648314,2.4900398
0.85229695,0
0,5.233645
0.5953798,2.7565296
0.32749304,6.922811
1.9876765,5.114257
0.975943,1.986755
0,0.8875477
4.0338845,4.5584044
0,6.56168
3.0613806,7.136485
0,4.049895
0.88511246,3.3172998
0,0
1.0564125,3.980892
0.7730365,1.7605634
0,1.7812611
0,4.830918
0,1.3810247
0,0
0,0.58792406
0,0
0,0
0,3.7397158
0,6.8358192
2.106495,0
1.8231541,3.2213037
0,4.20274
0,0
1.993753,1.5172589
0,1.7548476
0,0
0,3.7237012
0,1.2845215
0,0
0.8378016,3.9660897
0,0
0,9.000225
0.90645397,4.1336956
0,0.687238
3.4039078,2.662584
0,0
0,3.4290614
0.37071362,0.7416747
0,2.6111364
0,0
0,1.7447946
0,0
0,5.641749
0,0
1.702514,0
0,2.4946988
0,7.368292
0.878233,2.822148
0,0
3.9087312,2.5464733
2.6734395,1.1809163
1.3980148,1.1936735
0,6.1697927
0,1.4659532
0,9.062076
0,2.6260505
0,0
0,1.9309678
3.2677603,0
0.2602608,0.817127
0,0
0,4.7348485
0,3.8160655
1.9540155,3.506004
0,6.118223
0,5.4704595
0,7.3180647
1.1994722,0
0,5.1007395
0,0
0,5.588934
0,0
1.2994606,5.966231
0.27762353,4.885496
0,0.5530056
0,1.9211066
0,6.97188
0.54704595,2.4560974
0,0
1.0980564,0
6.4960375,8.182791
0,1.8533621
0,1.219661
1.0600519,8.635578
3.6069832,6.3154097
0,1.023751
2.699254,8.919612
1.558725,3.295255
0,0
0,4.832377
0.28420395,2.775773
0,0.71702576
2.8042626,3.0744636
0,1.7927572
0.42868778,0
0.43769425,0
0,0
2.3779328,9.086779
0,4.50045
0,0
0,6.601594
2.2123895,7.6161466
0,0
0,0
0,0
1.4222727,0
1.3074459,2.9895365
1.229861,3.279764
0,7.051476
1.0637167,0.5731973
0,5.4373155
0.6209252,0
0,1.6635244
0,1.1153245
0,4.3505583
0.74228024,9.49267
0,7.2202168
0,3.2754667
0,2.3430178
0,6.3768115
0,0
1.8993353,1.3597425
0,0
4.160426,9.006981
0,2.3345006
0,0
0,4.48075
0.6499415,6.651147
0,0
0,2.5581992
0,3.1712475
0,0
0,0
0.44622937,2.8093832
0,1.5288182
0,0
0,2.4642682
0,0
0,0
2.5701985,2.9258587
0,2.6319253
5.1220765,3.8135917
0,0
4.020909,5.825509
1.5533578,5.6132474
0,3.1588447
0,2.4804664
0,4.526116
0,3.0740855
0,8.696193
0,0
0,14.705881
0,5.1832657
0,5.8892817
0,2.9265437
0,3.5578747
1.5376927,2.8299217
2.5124576,0
2.83849,1.599062
0,0
2.3448033,1.7359605
0.8483923,3.8124287
0,12.32688
0,0
1.9920319,6.3561244
0,5.6191616
0.18302281,2.3492563
0,5.2624025
0,0
0,17.36111
0,5.588822
0,1.5543035
0.9339248,1.533272
0,1.185115
0,1.5518311
0.69623333,5.7778416
0,5.0488825
0,2.9818702
0.7705348,0
0,3.619582
0,0
0,0.9804402
2.6634705,0
0,0
0.5311803,4.4159856
0.51442975,4.458977
0,2.8378859
1.9196314,4.307869
0,6.8244824
0,7.06381
0,5.3694158
0,3.5085258
0,0
1.2853471,0
3.9964833,0
0,2.4490595
1.5787811,0
3.2365077,2.8609576
0.7201498,0.8443094
0,8.005604
1.5072348,0
1.4778689,8.475711
0,0
0,0.8855043
0.6329114,0
0,5.5309734
0,2.6640027
0,0.24692579
0,0
0,12.611224
0,5.728689
0,0
0.73480785,0.9979044
1.5926102,1.4127287
0.955049,3.029232
0,1.256992
4.3402777,5.15763
2.3808107,0
0,1.0681478
0,2.4588149
0,0
0,3.4383955
1.0123507,5.6643467
0.34594893,9.361104
3.7171266,1.4057777
0,4.0367346
0,0
1.3831259,2.9394474
0.5985515,5.3937435
0,7.030102
0,3.2336297
0,1.3919822
1.8615041,5.55427
0,7.40349
0,0
0,2.9224098
0,0
0,3.7596004
1.6201329,4.2616663
0,1.049318
0,4.1602283
0,3.089853
5.496771,2.9403117
3.0216045,0
1.2600013,3.649968
2.0644095,1.9583843
0,3.3689885
0,11.53304
0,7.692308
2.439818,8.813161
0.6602694,3.2502708
2.5357113,0.5881661
0,5.646528
1.9860973,0
0,0
0.6162569,0
1.5590895,3.728213
1.0605578,0
0,3.1361725
2.1092596,0
0,0
0,0
0,0
0,2.199978
0.45148766,3.2758245
1.5949811,0
0,12.853471
1.6233766,0
0,4.5031524
0.57733387,3.8134859
1.297129,2.4863253
0,1.3603592
0,6.7811933
0.47118694,5.954406
0,7.7492685
4.6816483,0.6442469
0,0
0,3.896863
0,8.697877
0.5827619,3.7349665
1.5540498,4.07498
0,3.3420863
1.3071326,6.73174
0,1.4197487
0,4.4078755
0,6.2089763
1.5011635,1.52045
0,2.927115
0,7.1884265
0.8931761,2.6740353
0,4.8816204
0,0
0,0
0,7.3276176
0,4.3351035
0,6.626905
0,0
1.2755644,3.192848
1.4544926,0
0,8.738203
0,4.643963
0,6.082725
0,6.3403497
1.6802957,3.6083715
0,2.3161552
0.94813687,10.207988
0,0
0,0.35049593
1.6051364,0
0,3.6538262
1.2072436,0
0.90768814,0.9790484
1.7761989,1.1454754
0.65664196,4.504215
0,0
3.1474254,2.4937656
2.13432,0
0,4.9277267
0,6.014779
0,0
0.4652245,0
0,1.3412917
2.4981265,0.5440992
0,6.678752
0,2.0607226
0.7756147,6.3532405
0,3.3227007
0,4.5516615
0,3.3235013
0,0
0,3.2026474
0,7.2315297
4.100377,7.371913
1.3678643,3.0123508
0,1.7919542
1.5286624,0
0,1.2236906
0,5.1786637
0,0
3.6002305,4.9862223
0,4.083855
0,1.5157257
0,0
1.3177835,3.1652248
0,2.9931157
0,2.6230655
0,0
0,0
0.62301415,5.806237
1.0798359,4.644035
0,7.5122075
1.5956599,6.8911204
0,0
1.7156582,0
0,2.5958295
0,4.3081784
0,0
1.5340953,3.4702945
0,2.0841148
0,3.5953116
0,1.6118634
0.5028916,2.623123
0,5.1871705
0,2.7087426
0,2.5682182
0,4.9240294
2.6369572,0
1.2923236,0
0,2.661462
0,3.2123353
0,3.6363635
0,3.7412899
0.6946132,5.6176906
0,5.6385674
2.1790051,2.2870212
0.66644454,4.2390842
1.3050287,4.3463564
4.0203695,2.096436
0,2.6045058
0,3.1560674
1.728011,3.0543678
0,3.5762181
0,0
1.5051174,0
0,8.394544
1.8189756,2.5127206
0.47207668,1.7928032
0,0
0.37885964,1.0054293
1.3623978,1.3215277
0,2.5410807
0,1.5892357
0,1.4389524
0.7599362,5.7016606
0,6.008412
0.5015548,0.728014
0,3.5279589
0.9562058,8.591065
0.93879086,60.240963
0,5.638568
0,4.063939
0,2.7680385
0,8.527573
0,2.622263
0,7.9824386
0,4.218138
0,0
2.7991602,3.0261765
0,0
1.4324596,6.5127726
1.2771392,4.855351
0,1.1011195
0,0
0,0
0,4.562936
0,2.4912806
2.2565722,1.5802782
3.2855828,2.1817389
0,0
0,5.4178514
0,4.0680175
2.0118027,5.8442726
0.84559447,7.300158
0,7.175145
0,0
0.8629989,1.0490978
0,3.995738
0,1.1262952
0,1.3144059
0,2.6820438
0,2.0177562
1.5814444,2.3868248
1.4200511,1.0528532
0,4.2571306
1.788205,2.976064
0.37455988,0
0,0
0,6.2517366
0,3.8369303
1.7126954,6.8507586
0,6.217359
0,0.73168945
1.312336,3.7710943
1.0402579,3.9269586
1.1083403,3.1232107
0,4.7397857
1.7780148,4.186728
0.7534659,0
0,3.7285607
0,6.7102838
1.1261896,0
0,0
0,4.415011
0.84745765,5.5530314
0,0
0,0
2.8707583,5.2427387
0,3.277972
0,10.404161
0,8.812236
1.4491704,4.4541903
0,3.8363786
0,6.9506507
1.220157,7.5357947
0.53276503,4.162764
3.6845984,0
0,2.4803638
1.7299168,5.1108413
0,3.6164184
1.1381744,2.6257057
0,7.677543
0,0
0.44668782,5.2301254
0,2.9571216
0,0
0,3.33667
0,4.3252597
0,3.8376667
0,1.4346174
0.96861684,4.188189
0.56395215,2.6174583
0.55154157,3.496198
0,4.030633
0,7.6755786
0,0.2718721
1.8411685,0
0.74799913,0
0,5.734767
1.9236935,15.743073
0.8138683,1.2810658
2.4786832,1.4506419
0,1.098901
1.2618296,5.070351
0.43691018,5.382614
0,0.8377315
2.328831,3.701647
0.6957732,0
0,1.5681354
0,0
0.7506662,3.8959014
0.61923337,7.656968
0,4.885198
0,7.2825637
0,0
0,0.9508415
1.5335071,19.53125
1.4446691,9.411132
0,3.1458907
0,4.2301183
0,3.8199182
0,102.915955
0,1.7966224
0,1.7177211
0,3.1748047
1.6876687,0
0.42531472,3.2637076
0.73920757,5.130836
0,2.4445395
0,6.3711658
1.9752436,2.5103102
0,4.8035865
0,4.250496
2.5765226,7.066684
0,13.187259
1.7067759,2.8548126
1.6260163,2.7821572
0,0
1.2502084,9.632751
3.4167008,4.330254
0,4.5343246
0.79298997,2.391429
1.9349844,0
1.8005041,3.592169
0,8.30849
0,4.891342
0,0.7482789
0.7996481,5.537099
0,0.83703023
1.2004802,0
0.9811617,1.1968881
0,0
0,3.613152
2.880599,2.800434
0,2.4602263
1.5755475,3.090235
0,5.4484777
0,2.7393508
0,5.554714
0,1.5874276
7.1864896,4.625347
0.3526342,0
0.81413335,0
0,0.74805504
0.38157746,2.435757
0,5.7570524
0,1.7858738
0,6.8906116
1.2613522,1.7386265
1.1461318,4.0708327
1.6384714,6.100661
0,4.072656
0,0.5015548
0,4.1855016
1.2051823,0.7270613
0,2.979442
0,0
0,3.307425
0,3.5155563
2.122917,12.150668
0,2.03666
0,5.6364493
0,3.9312038
2.0806603,3.2530906
1.800342,2.075981
0,3.9444618
0,5.8760157
0,3.684259
0,1.6818029
0,3.002552
0.49487802,0.6362538
2.4338796,1.2016343
0,9.171157
1.3467107,3.052503
2.7746947,7.453945
0,0
0,0
1.37893,2.0795426
0,4.264695
0,5.9943056
0,0
0,0
0,7.7798305
0.51543736,0
2.2148395,0
0,9.910101
0,4.6882324
0,5.7388806
0,2.0052137
0.96828854,1.8692753
0,6.94565
0,0
0.41618112,0.88136786
0.5455835,0
1.4188423,4.6800046
0,0
0,2.6939654
1.3222849,0
0.27161366,2.9222677
0,0
1.7755682,6.426047
0,58.21475
0,1.0398253
0.4092155,2.7186224
2.7892058,4.2571306
1.5167601,0
0,0
0.52650976,7.1010118
0,3.108873
0,7.8851914
0,5.0357537
0,2.764722
1.4558159,7.8802204
0,1.497275
0,0
0,5.125051
0,3.6764703
0,8.0827675
0,0
0,1.9495077
1.6382699,3.2770767
0,0
4.0816326,0
0,0
0,1.5985934
1.2110937,4.7424836
1.8238192,7.3700323
0,3.683488
0.63133305,2.2747953
1.3827912,0
0.5686988,3.5842292
0,1.7305529
0,9.21659
0,3.7015493
2.8078058,1.9938191
0,1.7442875
0,0
0.4948535,1.0184854
2.6152337,2.7726946
0,1.731152
0,2.4354603
0,0
0.85918033,0
0,11.361916
0,0
1.2860082,0
0,1.2049644
0,6.6159444
0,13.239875
0,2.9038815
0,4.9568753
0.295893,6.199628
0,11.033468
0,4.300767
0,1.1552681
0,5.960998
0,5.3513355
0,7.429972
0,1.3912076
1.011685,0
0,1.9157088
0,2.5071034
0,5.927363
0,0
0,1.1117287
5.263158,3.1444561
0,8.010681
0.6314726,2.5428038
0,2.7338173
0,3.5895596
0.39878768,1.3280212
1.6524829,0
0,1.7238903
1.4365752,3.8153377
0,3.8537133
1.387925,6.393862
0,4.006009
0,2.0294268
0.6541363,5.3487377
0,2.7072759
0.66983724,2.3408241
0,2.9534824
0.6181998,0
1.6207455,4.756469
0,6.799252
3.0075188,4.8204384
0.842389,0
0,0
0.5151187,4.7816386
0.41480008,0
0,3.4708831
0.5555864,2.3918867
0,1.4408183
0,3.0866103
2.0302508,6.35324
0,6.709158
0,1.3360053
0,2.2044234
0,2.84313
0,3.0724325
0.49594563,5.8985453
1.9548159,7.853403
1.0697476,4.573403
2.2305248,8.534137
0,3.7593985
0,8.653728
1.1837121,7.068715
0,3.4618845
1.0888501,6.621719
0.92532617,5.0065084
2.2489598,1.3211784
0,0.6981046
0.43983108,1.8896447
0,2.4644704
1.8742737,3.2278888
2.0264795,0
0,0
0,0
0.92327577,5.734842
0.9628346,1.9179132
0,2.1085925
0,0
1.0619657,11.023489
1.7200602,0
0,0
0.7509199,2.1021652
0.41689247,0
0.3900308,0
0,11.222715
0,5.4805436
0.91357577,7.5075073
0,0
5.089922,5.051234
0,3.7568874
3.3692725,4.2363906
0,0
0,0
1.3366007,2.2050717
0,2.1045246
0,3.2946215
0,4.1841006
1.0107136,3.084833
1.2746431,0.92481273
0,1.4044944
0,2.320724
0,3.6751194
0,5.29474
2.1381228,0
0,0
0.4516508,1.8477458
0,1.0224949
0.74771947,0
1.2721028,5.443658
0,1.5050042
1.7841214,1.3266119
0,0
0,2.9248319
0,3.7048016
0,1.9128689
0.41737968,0
1.1116875,1.660578
0,3.9287586
0.6786563,2.8481913
0,5.8173356
0.3079671,1.5417824
1.211852,3.6904907
0.79095155,2.9698267
0,3.9978678
0.52262986,3.3607798
0,4.0770564
1.6391652,0
0,7.635045
0.6211566,6.165771
0,6.9513407
0,2.4201357
0,3.1588924
1.1928904,0
1.740644,1.2987013
0.49852937,1.8185124
0,0
0,4.391985
0,5.1485734
4.926715,1.9697964
0,2.9201343
1.3890818,0.9089256
0.87153566,14.112666
0.44464204,12.984202
0,7.0363073
0,9.482043
0,2.1934633
0,4.6481
0.7495128,1.365312
0,5.937067
1.3098722,6.464333
3.012653,4.347196
0,7.0083222
0,5.683756
0,0
0,5.448404
0.48978794,7.605848
3.2442954,6.509357
0,0
0,0
0,0
1.06366,1.6513458
2.657013,0
0.8497621,5.8214746
1.7398113,2.3468668
0,6.6928806
0,2.7866242
0,9.990009
0,0
0,0
0,5.8848257
0,2.9183447
0,4.6296296
0.7206688,0.6949753
0,0.7152564
0,0
0,6.7069077
1.625884,0
1.3036109,1.4698317
0,5.9680114
0,3.7371202
1.4123496,0
0,0
0,2.007629
0.6945409,6.655574
1.4357501,1.6535759
0,1.2594458
0,3.2377129
1.8083183,4.2269893
1.8239853,4.92013
0,6.3131313
0,1.4150275
0,2.4660914
0,4.120313
0,4.632251
3.2213037,0
0,2.8530672
0,0
0,7.5018754
1.3609886,1.5427933
0,8.500189
0.87531185,0.6337537
2.7412279,3.8902936
1.2263167,0
0,0
0.762137,1.9758941
0,0
2.3276112,6.1988273
0,2.87047
1.2399256,8.325528
1.3481328,0
0,6.6854496
0.8198401,30.935808
0,6.1974325
0,5.5340343
0,7.741222
0.42461044,1.0147134
0,2.0339258
0,2.88517
0,1.632653
0.50324595,8.12898
0,0
0,2.7396188
0,0
0,2.2792022
0,0
0,2.7114966
0,8.260196
0.6530612,1.9362959
0.6891799,6.3484006
0,3.7225463
0,1.0439503
0,3.6445363
0,0
0,4.6063843
2.5380712,1.1246064
0.7234843,2.3988485
1.1442302,6.4028683
0,5.912262
0,5.87199
0,0
0.98270434,0
0,0
0,0
2.0794344,1.3099293
0.8802817,0
0,0
0.38993955,0
1.3273162,1.1955287
1.5782828,0
0,4.601933
0,19.445795
0,7.325113
0,3.0239396
1.9580967,4.3035436
0,0
0,8.865248
0,4.638219
0,0
0.8209507,0
0,1.1965301
0,3.2234666
0.59084195,4.5446796
0.69910514,0.90326077
0,0
1.2829559,7.3175197
0,7.726138
0.34746352,3.6131518
0,0
1.3840193,3.663451
0,0
0.2843656,0
0,0
0,0
0,0
0,3.403676
0,0.8416092
0.7122507,7.860863
0.54510766,0
2.7898672,6.1870747
0.655308,4.2447824
3.890672,1.2367818
0,0
0.63355297,0
0,4.7402997
1.3294337,4.2900043
2.1301522,1.9823569
0,9.367283
1.3063926,0
0.675904,5.5872164
0,1.1906179
0,4.227734
2.146107,9.342619
0,0
0,4.9806995
0,2.1302278
0,0
0.6177415,9.285769
0,0
0,2.0981956
0,15.822785
0,2.6658542
0,5.204945
0,2.940456
4.476276,2.3009665
0.4579174,10.736526
1.398308,3.4460974
0,11.131726
0,0
2.4045396,5.837712
1.9248043,2.5700336
0,0
0,0
0.30692735,0
0,0
0.91701055,1.507727
0,0.9356288
0,1.5422578
0,0
0,4.13993
0,1.0711225
0,4.7542076
0,3.2057447
0,0
1.2901561,10.79525
1.3179861,3.1683166
0,0
0,0.6942034
0,13.333334
0,1.1684973
0.56682914,6.124949
0,3.441946
0,5.979073
0,0
0.6946374,2.6026416
0,3.1481192
2.9638412,6.384167
0,5.194805
0.87119395,0
2.039845,2.50172
0.97290456,2.944424
0,5.631027
0,8.660508
0,2.7779706
2.0666494,4.4279137
0,6.61157
0.77796793,6.2833805
1.9018638,2.1496131
1.138304,5.2683077
2.2066936,0
1.9723865,1.8272628
0,4.7047753
1.5075377,5.2762856
0.50810426,4.747211
0,6.186417
0.34065747,1.16225
0,8.401344
0,5.1781273
0.42084,4.5539646
1.2790178,4.081008
1.867995,5.017368
0,0
0.3911751,0
0,2.4869435
0,5.4503336
0,3.3619094
0,0
1.694987,2.3393636
0.5610413,1.8266509
0,3.259718
0.7086837,3.8014781
0,3.3613446
2.2572343,0
2.7813315,2.9620855
0.48571983,1.8815855
0,0
0,1.1343012
0,0
2.8886704,2.859049
0.85338795,1.8343015
1.0660981,4.280822
2.870264,1.0704346
0,1.6189961
0,1.9214756
0,7.1051564
1.3381506,0
2.322341,1.3252054
0.91673034,6.031363
0,0
0,3.282994
2.857687,0
0.7591862,3.742515
0,8.972058
1.0745755,8.409545
0.4446322,2.6849241
1.2221577,5.66011
1.8785223,4.2240434
0,1.5931178
0,6.661964
1.6279448,4.9234138
4.083577,6.4457912
0,6.2977247
9.644363,0
0.63751113,0
0,5.1445622
0,0
0,2.1976411
0,4.4262476
0,2.7873268
0,2.2696323
1.2278224,10.0200405
1.2147716,5.0432277
3.2719455,0
0,4.474273
0,2.302253
0,2.780352
0,3.0649776
0,0
1.0506041,5.3404536
2.0001333,5.1150894
0.5394325,1.7069701
1.2850168,13.358269
0,7.8639536
1.1301138,1.8825301
0,4.955402
0,0
0,0
0,5.026044
0,4.201975
0.48898563,0
0,5.7297635
0,6.863418
0.77387404,0
0,0
2.117859,0
0,5.270092
0,7.5642962
0,3.363983
0,0
1.9744117,5.5501595
0,2.5664058
0,7.775042
0,3.617945
0.40893105,4.7348485
0,2.2071807
0,7.67607
1.0885539,2.2275023
0.9619084,5.13492
0.29548207,5.010599
3.7386284,0.7289958
3.5682425,3.5666518
1.6756032,0
0,5.6050954
0,0
1.108156,5.618767
0,0
0,2.541942
0,0
0,2.1251726
0,7.974482
0,0
0,0
0,0
0,4.379722
0,38.095238
0,3.100615
0.70753884,9.094453
0,6.658676
0,0
0,3.3525546
0.50007504,2.1437376
0.54086214,3.5186489
0.7761564,0
0,3.855236
1.2330964,7.3313785
0,1.0737102
0,2.3775558
0,3.080952
0,6.9992366
0.41507554,0
0,0
1.6934801,0
0,0
0.7985307,1.8599461
2.9832935,4.082347
0,0
1.6686134,3.9054873
0,7.0932045
0.80547726,5.555556
0,10.270103
2.5777626,2.6065423
0,0
0,0
0,4.010695
0,5.375677
0.63771445,12.544189
0.36801237,0
0.95886475,5.9306116
0,0
0,3.1362708
0,3.8822892
1.2384412,4.8679566
0,8.176615
0,5.7522354
0,0.6999043
0,1.2275964
0,2.9913251
1.6338979,5.601687
0,1.3820745
0,5.9844403
0,25.151958
0.47943237,2.4797487
0,5.0030017
0,3.298153
2.7934523,0
0,4.8567266
0.5423288,3.4963508
0.69910514,0
0,6.8411155
0.50574017,7.2207656
0,5.5420084
0,5.174747
0,1.4726455
0,8.009968
0,7.9522867
0,1.5487069
0,0
1.5120586,2.1351554
0,1.6291952
0.30881354,4.8452964
0,6.5566607
0,4.260499
0.4837695,7.657501
1.0816072,3.623626
2.1350794,4.076641
0,3.8101459
1.3348165,5.54785
0,0
0,2.3866348
3.0562348,1.1883541
1.5168369,4.3202763
0,0
0,6.4784203
0,3.9075854
0.49551558,3.0858755
0,0.9682417
0,5.8850455
0.84709865,8.1103
0,0
0,1.830943
0.7957348,1.759015
0,3.0848963
1.997204,6.1392064
0,0
0,1.9179134
0,7.2896256
0,2.9283357
0.92059845,6.43915
0.453597,2.285192
0,2.5067682
0,7.3238616
0.38359737,12.468828
0,0
0,4.2420816
0.8037293,84.033615
0,0
0,5.198586
0.6516356,0
0,4.068112
1.2528973,10.560592
0,0.6672004
2.198527,7.7358413
0,4.1228614
0.60871685,1.0665529
1.1332088,2.799291
0,4.6463003
0,0
0.58193666,3.3572068
0.52485174,0
1.7958695,0
0,4.2819214
1.2505211,6.2806177
0,0.55651397
0,0
0,6.6085668
2.438826,5.6577086
0,0
0.43397126,2.1391518
0.45322698,0
0,3.4067683
0.910208,4.933399
0,1.1124707
0,3.0940592
0,4.751045
0,3.7471898
1.2848928,1.6156393
0.95725846,1.6732202
0,1.2857437
0,0
0.53630805,2.969121
0,2.4707625
0,2.2333062
1.380834,3.1789763
0,0
1.4550393,2.8235295
0.77243936,2.6766596
0,0
0,1.8385732
0,4.250715
0,0
1.4688601,7.2046113
2.52419,3.2253606
0.3402981,3.8910503
0,4.9490247
0.29933846,2.9225523
0,10.520779
0,5.231896
0,0
0,5.888291
0,3.2265005
1.9856241,5.1145663
0,3.6673024
0.89960414,0
2.332452,1.3948947
0,0
0,0
0.79840314,0
0,5.2281365
1.1232169,0
0.45345303,0
0,10.6794815
0,7.7986526
0,0
0,4.7183166
0,3.567097
1.2563603,3.5419126
1.2998266,4.227564
0,11.358474
0,3.4992564
0,4.815216
0.595061,0
0,1.9814535
0.47862923,1.1595547
3.670174,3.7160907
1.2541807,1.4664906
2.6164312,2.3192887
0.8641922,1.7510068
0.9434852,0
2.659221,4.5431314
0.58851224,9.276439
0.6028091,3.617945
0,6.5445027
0,0
0.6669334,0.4652028
0,3.8852556
0,4.7835445
0.4130866,2.6178012
1.0453143,4.7659397
1.8437711,0
0,3.8004751
0,0
1.4871364,5.344418
1.4966028,3.5733428
0,1.2981956
0.93475413,6.029545
0.9669309,11.915961
0.6919458,0.905469
0,0
0,2.9385836
0,1.2242149
0,1.8284879
0,7.4654727
0,2.923122
1.2649422,5.0566344
0,4.88878
0.5927682,2.4912806
0,4.393949
1.1528707,13.844663
0,1.371805
0,5.284481
0,5.798782
0,3.4825006
3.0951235,0
1.282709,0
1.2779552,0.9982033
1.6797312,0.9674923
0.4981444,4.769627
0,0
0.44722718,2.18436
0.799105,4.408394
1.0831107,3.040438
0,0.98765427
0,6.647831
0.97871304,1.0908694
0,9.59693
3.6865,4.6541934
0,3.437903
0,4.720878
0.28188866,0
0,4.25464
2.4113817,3.7752469
1.6931933,3.3055668
0.508647,2.7247958
0,4.1174855
2.9394474,0
0,0
0,6.8050356
0,2.5829782
0.728226,5.3481655
0,2.1299255
1.8336847,2.854085
1.8363787,0.41455933
0.6727664,4.0417647
1.5218384,0
0,4.5787544
1.1794538,2.935349
0,3.089471
1.2057878,0
1.3751374,5.878463
0,4.2363906
0,4.366389
0,0.9872643
0,9.276438
0.8702463,1.1533138
1.4054815,6.1147118
0,1.5659255
0,3.015454
1.7520295,2.4726245
1.1724703,2.9390156
0,1.6879061
0,0
0,2.395592
0,0
1.848685,5.462093
0,4.2582183
0,0.8404421
0.37317613,1.7065817
0,15.965167
0.38710174,3.4798746
0,2.26398
2.406739,0
0.78901684,2.0824656
0.35775614,0.31065547
2.1460762,0
0,4.9742994
0.31016406,5.3902545
0,14.18074
4.4356823,9.928843
1.5010508,8.394383
0,8.816614
0,0
1.4498006,1.2127827
0,7.8444557
0,3.2475064
0,2.452303
0,1.9934218
0,0
1.3213531,0
0,0
2.7689326,3.3964827
0,3.1535792
0,0.5737564
0.63538456,0
0.55395526,16.18123
0,1.4942099
0.545524,0
0,4.031852
0,4.656749
1.1898624,5.050505
3.2603025,0
0,2.3367763
1.0412328,5.78369
0.802375,5.148083
0,0
0.535877,0
0,1.3671787
0.8462026,3.1513433
0,9.704616
0,6.0567417
0,1.5508685
3.0349014,3.7365716
0,3.411805
0,7.109847
0.9862905,10.3495865
0,6.1860137
0.4713424,0
0,3.2994587
0,2.8429284
0,5.0311933
0,1.0964912
1.0163634,1.8786399
0,1.9535066
0,4.6800046
0,0
0,2.9719448
0,0
0,6.125404
0,6.930007
0,3.9298906
0,0
0,7.048872
0,0
3.0576365,9.925012
1.4693998,0
2.216312,0
0,1.8395878
0.7816775,18.682858
0,2.7382257
0,1.8615042
0.45413262,3.5819824
0,5.9892197
0.5487571,5.6038103
0.79497576,5.418586
0.6179706,0
2.151463,3.0834289
0.8152783,0
0,3.0102348
0,8.572653
0.7413448,0
0,16.888327
0,4.1438756
1.4271443,5.212405
0,1.2745348
1.7391305,4.5351477
0,0
0,0.91852665
0.33494106,0.8542627
0,4.0327225
1.1818933,8.844666
0,0
2.1652052,3.6254873
0,1.4197487
1.9417477,0
0,3.5195777
0,0
0,0
0,0
0.81806284,3.9261875
2.2728994,4.916421
0,0
0,0
0,7.9540434
0,0
0.27876118,6.3653727
0,6.7362747
0,4.7203207
0.44869208,7.557945
0.33854696,2.0535989
0,0
1.7359605,1.9685038
0,2.642357
0.9410879,1.7806268
0,2.6099129
0.5723443,0
2.3822758,4.168114
0.71209854,2.9469547
0,7.9840317
0.46065968,0
0,1.3312033
1.3152703,4.128819
0,5.1282053
0.95616,13.53587
0,0
0,19.120459
0,8.126118
0,2.4950101
0,0
0,6.3542495
0,0
1.1284134,8.546738
0,10.443319
0,1.6380017
0.4769627,0
0,5.408329
0,0
0.48169556,7.951424
0,4.6783624
0,0
0.34687293,3.6238449
1.2374706,9.211495
0,2.422774
0,4.877652
0,2.5223067
0,4.78889
3.896205,2.864837
0,2.8449502
0,2.8051364
0,0
0,5.4742026
0,4.4078755
0,0.6712761
1.584033,2.2270062
0.38057545,2.7878451
0,7.708119
0,3.8296568
0.8399126,3.9128733
2.18436,6.9088397
0.93240094,6.2987165
1.4536997,7.84249
2.2088706,1.142596
0,9.957955
0,0
0.49662295,4.7192073
0,2.5863185
0,3.705076
0,2.7956388
0,4.196391
2.0710795,0
0.5353606,3.895598
0,5.239842
0,5.1656227
0,2.1240442
0,1.2266176
0,4.7641735
0.94123554,0
0,0.6395089
1.5731308,6.4226074
0,3.4910107
0,3.4813554
0.9975726,4.346881
1.796192,0
0,8.3682
0,1.0542963
2.7698913,0
0.8653513,3.681146
1.3203645,6.706908
1.8703824,0
0,3.8071067
0.7070136,8.106116
0,7.3673873
0.466157,3.4098103
0,11.07573
0,3.0674846
1.6410929,6.381621
0.6040836,5.2110476
0,1.3730606
0.7706238,13.474062
0,10.732492
0.6497726,0
0,9.852217
1.9235702,3.0497103
0.45001125,0
4.1655817,2.7300029
0,0
0,6.2492185
1.7039093,0
0.44662794,3.5142326
0,0
0,1.7614937
0,3.091736
0,3.730548
0,2.741729
0,0
0.62533224,1.5487069
0,9.972078
1.3856173,3.6166368
0,2.5441697
0,0
1.4268049,7.5221906
1.8253171,0
1.1234692,6.372326
0,0.8919413
1.3000097,3.1545742
0,1.848258
0,3.0075188
0,1.5802782
2.1143885,0
0,4.4523597
0.5370281,0
0,1.9040365
0,4.7787437
0,3.2555616
0,15.164279
1.6597509,6.1922455
0,3.0732982
0,15.04325
2.1295474,4.239444
0,5.751258
0,0
1.1376565,8.737822
0,0
0.464792,0
0.91911757,6.7159166
0,5.1979966
0,0
0,4.5300903
0,9.783779
1.4342058,0
2.6017275,3.471017
0,0.76769537
1.4938006,4.5525494
0,0
0,1.0719262
1.0189525,0.3117693
1.5890672,0
0,0
0,3.4745488
0,3.4883142
0,5.5803576
0,3.3333333
3.411223,0
0,0
0.54525626,3.971406
0,0.716435
0.30593204,1.7429193
2.6709402,4.885596
0,3.4414523
1.0803803,3.0649776
1.9788265,7.566443
0,3.224558
1.577847,5.3078556
0.39982405,6.6082935
0,2.843602
0,1.8860807
0,4.519774
0,2.4750433
0,10.076131
0,0
0,0.94957745
1.5362556,10.758472
0,3.2767546
0,1.4018364
1.3242402,0.6524434
0,0.60240966
0,0
0,4.7301826
0,2.1169996
0,0
0,4.525911
0.5850348,0
0,0
0,2.7570996
0,0
0,0
0.6064649,3.0270925
0,1.0497586
0,0.9362419
0,0
5.590496,3.0409
0,3.2157788
0,6.4299493
0,1.3352917
0,8.640553
0,5.9049306
0,6.0058055
0,3.5669699
0.45699662,3.8328862
2.1007302,1.0906315
0.91539466,0
0,7.6127357
0,0.948047
0,0
0,0
0,0.8244023
0,3.557664
0,11.834319
2.1454623,11.046236
0.74526757,5.4265246
1.1719894,4.188774
3.1147797,1.6842577
0,0
1.6386727,4.6508536
0,5.083884
0,2.8922632
0.40719926,2.9722097
0,6.4105496
0,3.91581
0,2.1975608
0,0
0.7666948,6.5226846
0.5107774,6.1231627
1.8866737,4.430811
0,6.0076094
0,0
0.52471405,0
0.33209354,0
1.1708231,4.562876
0,4.5782304
0,2.6994925
0,7.3493385
0.63601094,2.305564
0,0
0.3956166,2.6721637
0,2.2560632
1.4518706,1.8907164
1.1862396,2.6704648
0,0
0.6349206,0
0.36090657,0
3.4582133,0
0.64637065,7.4404764
0,4.198153
0,6.6661115
0,0
0,12.948336
0,1.3612851
0,0.66502625
0.40407303,5.617527
0,1.0559661
0.6193101,0
0,2.5983024
1.5755475,1.4913131
3.4411561,4.7655354
0,2.3093355
0,5.7716727
0.9509771,4.0275664
1.1542456,0
0,2.794467
1.9426278,4.214519
0,5.297546
0,4.295902
0,0.87927544
0.54218173,9.869233
0,5.521257
0,0
0,0
0,3.5050004
1.7178196,4.237288
0.5900053,4.557885
0,0
5.319149,2.7389758
0,2.6963263
0,3.3353345
1.4142271,6.0240965
0,8.0032015
0.43215215,5.240541
1.7810707,7.136832
1.724138,2.0460358
0,0
0,0.5896922
3.73413,6.9458914
0,7.183908
0,2.1321962
0,0
1.7774618,6.0401063
0,0
0,4.11438
2.587322,0
0,2.800224
0,1.9853086
1.5591502,2.6712968
1.1080333,4.3480625
0,1.5076135
0,0
0,4.96001
0.9409993,6.6025968
0,1.2476606
0,0
3.4770515,1.7965416
0.75918615,2.4577572
0,0
0,4.8092337
3.5697289,0
0,2.993849
0,4.8830113
1.0900767,1.4647722
0.96711797,3.739393
0.33848968,8.216928
0,3.8423772
0,3.0772386
0,0
1.1166322,2.230898
0.8993615,1.9011406
0.82331634,5.2583146
1.1454754,0
0,1.8450185
0,2.2912133
0,3.359337
0,0
0.6678242,7.4398613
1.0836585,5.1024747
0,1.8081548
2.4601254,2.8138893
0.43425396,1.2714559
0.52910054,3.849411
0.64308685,5.3637276
2.4835465,5.912961
1.0348753,2.5020554
0.5242189,4.0228496
0,5.116253
1.6533481,6.451018
0,6.092608
0,2.4003842
0,3.3244681
0,0
0,3.9723525
0,4.5594435
0,9.047045
0,1.9542701
0,0
1.5003752,8.108245
0.6987144,3.8124287
0.71143997,4.050223
1.276813,4.840271
0.40642145,3.0545232
0,0
0,2.4547105
1.201887,0
0,1.5320975
2.7710426,0
0,0
0,0
0.6628223,7.4268236
0,5.1066003
0.5803157,4.925502
0,4.6355314
0.75159717,2.6539278
0,0
1.5952017,4.5736685
0,8.719087
0,3.2404406
0,3.362798
0,0.9290226
0,0
0,3.4748766
2.02027,2.026548
0.9509319,0
7.2706122,3.7885964
0,6.2189054
2.0493903,7.275614
0.34486327,3.9879222
0.6724497,1.9421246
1.5861057,3.6810226
0,4.9233365
0.49326694,4.8459
0.37448975,8.290155
0,0
0.63471913,0
0.55769336,4.120879
0,1.1296881
0.5676335,9.622324
0.64271486,4.3351035
0,2.4731662
1.0466273,1.0675777
0,2.67899
1.6233767,0
0,0.628496
0.6852131,1.185115
0,1.3400873
0,0.32053337
0,3.91477
0,5.129959
0,2.734295
1.5734094,0
3.2164683,3.1181788
1.5149984,11.848342
0.74945664,3.273108
0,0
0,2.7103944
1.3773471,10.989011
0,6.216696
0,0
0,0.59017944
0,6.970098
0,4.610116
0.43053344,5.941065
0,0.32870948
0,3.322014
2.274968,0
2.8304558,1.3991885
1.7455053,2.3621676
0,6.064281
0,12.838802
0,0
0,3.3598387
0,3.1329956
0,11.223344
1.0254307,4.96586
0,3.412969
0,1.5153811
1.8907164,0
0,3.137993
0,0
0.591436,0
0.4956875,5.202436
0,3.414426
1.0489143,2.9448335
0,5.1345243
0,1.5733991
2.8208745,0
1.8945373,3.2557383
0,7.2697062
0,1.8855472
0,0
0.52088755,6.9385557
0,2.6490066
5.970862,2.0423794
0,0.9136593
0,1.537279
0,0.850919
0,5.5314837
0,8.827542
2.6354628,0
0.86363244,7.506995
0,0.99000096
0,4.644682
0,1.0402579
1.6872891,3.6616623
6.3542495,5.8932476
2.1550794,7.738849
0,2.8621664
1.5259852,0
1.8069024,7.1603928
0,2.262034
0.41762373,0
0,1.2832029
0,2.7880003
0.3843345,0
0,4.6816483
0,13.308491
0,2.5346937
0,2.2797217
5.4945054,0
1.7005839,0
0,8.061729
0,0
0,0
1.3695816,2.6602821
2.1702566,7.425526
0,2.4077046
1.9537927,3.9727206
0,0.74760765
0,2.8731503
3.0051086,3.089662
0,1.9177908
5.1886444,7.29927
0.7732158,0
0,0
1.5790305,10.449321
0,2.369072
0,0.6572461
0,0.63075566
0,4.377645
0.43269438,5.8077197
2.115656,5.4337983
0,3.3786638
0,4.1603107
0,0
0.920556,3.448408
0,4.472672
0,3.1037998
0,4.3989882
0,1.0248002
1.3314693,3.2776139
0,10.976949
0,2.1230135
0,3.3333335
0.7645845,4.256354
0.6639004,0
0,3.409711
0,3.7057626
0.4227257,1.2828736
0,3.9434118
0,2.6679118
0,0
0,9.710309
0,4.441681
0.7239906,37.38318
0.48848403,0
0,0
0.823418,0
0,8.558712
2.2728565,4.2707663
0.96301997,5.1037765
0,1.2979147
0,0
0,0.673174
1.345895,4.032258
0,63.202248
2.5330565,4.1220117
0,6.146911
3.472222,0
3.8892848,2.8325937
1.4918693,5.170185
0,5.8862
0.5611987,0.8828463
1.3859054,0
0,0
0,3.2598066
0,3.4928396
0.85145026,0
0,0
0.79674923,7.0826545
0,0
1.0066439,5.2922053
0,0
2.1277242,3.1135674
0,0
0.38571316,5.960265
0,0
0,3.1551962
0,1.78739
0,0
0,36.231884
0.8145976,0
0,50.30181
0.4732608,3.6878254
1.3935341,2.2713509
0,0
0,5.4784517
0.7858546,6.1782875
1.9912386,2.4017293
0,0.8950949
2.1963542,1.6151175
1.5009756,4.8832893
0,5.842638
0,1.5618492
0.3944151,9.549274
2.5581992,0
0,4.341608
0,4.0873528
0,0
2.4105098,2.4824162
0,3.3169067
0,4.851005
0,1.5407727
0,0
0,0
0,0.32280973
0,12.915725
1.4983518,5.734767
3.971603,3.8031855
0,3.3741038
0,5.9062095
0.6591089,2.7344818
0,1.4802754
3.1615555,1.7229497
0,1.0670841
0,3.9674666
0.59070235,0.9828976
1.9205838,0
0,0
1.0868777,0
0,0
1.2274457,0
0,0
0,4.9511075
0,3.03656
2.7880003,0.32501298
0,0.9947279
0.81519526,1.0461345
0,4.5228405
0,3.8951645
0,0
0,2.8836727
1.5893829,7.3244743
1.2967926,0.61831445
2.7201774,3.1470046
0,1.2955046
0,3.8140905
1.1680878,3.9439955
0,0
0,13.046314
1.6286114,4.727238
0,2.416821
0.39323634,0
1.2261664,0
0,0
0,1.8518518
2.5258904,3.1029398
0,0
0.47576,2.7406647
0,0
0,0.6195787
1.1875074,2.8015127
0.43800098,5.276188
1.2113382,3.408026
1.602821,4.733354
0,0
0,4.21372
1.1367512,0
6.8038783,2.1473053
0.31323412,3.347981
0,1.5681354
0,3.5984166
2.9446409,3.9536855
0.7360518,7.08115
0,9.358914
0,1.8089725
0,0.84588057
2.0443628,1.4396776
1.0800886,4.665423
0,1.8441112
0,0
3.1979532,2.6348147
0,6.0291815
0,0.68648314
0.22670083,0
0,0
3.7771482,1.8086452
0.6032091,4.431053
0,3.5100033
0.34854135,2.9688005
0.94813687,0
0.47867507,0
0,0
0,2.0972276
0,0
1.2755102,0.25374913
0,0
1.0644525,2.206653
0,0
0,0
1.2948337,3.152585
4.878049,4.395604
0.242389,3.8514867
0,3.7688441
0,1.8152115
1.2341108,2.635046
0.48555475,2.3487964
0.5983724,1.3829346
0,4.1353073
1.1153867,2.893351
0,0
1.0354646,6.088975
2.276867,3.95687
4.425898,4.0006404
0,7.107321
0,0
0,0
0,1.2459506
0,0
0,3.6150675
0.5759042,6.0893097
0.6595001,2.5090325
0.45890504,3.0746012
0.6378568,4.451369
0,1.3720244
0,5.2569323
1.2444776,10.176391
0,0
1.5104029,3.8916562
1.3723068,1.0205123
0,3.2598066
1.5403574,3.561
1.0311404,4.123499
0,0
0.7890791,0.6296833
0,1.6385384
5.351682,7.5093865
1.2320582,5.4814544
0.9979708,0
0,2.9329813
0,4.401408
0,2.3257618
0,5.443658
1.3884388,0.73975444
0,0.415835
0.6786102,1.3370771
1.2540758,3.4534361
0,0
0,0
0,0
0,0
0,1.8653237
0,1.5093201
0,1.3426424
2.0368674,0
0,1.2471938
0,3.9032006
2.5158286,1.3224597
0,2.794701
4.0241446,4.439019
0,1.928194
0,1.54695
0,2.7084124
1.1246696,0
3.326311,0
0,4.5829515
0,3.793387
0,1.6567262
0,2.6373625
1.0473398,6.6945605
0,5.42234
0,4.119634
0,4.3717756
1.0653031,0
1.5299878,0
1.6412276,1.78739
0,1.9196314
0.9099181,0
0.8223346,1.4449823
0,0
1.9321805,0
1.9700552,1.225941
0.638896,0.88020414
0.65389395,0
1.3292569,1.5459535
0.51666236,7.134055
0,2.2521508
0,0.6496037
1.9999429,0
0,4.0783033
0,4.476276
0.7951022,0
0,0
0,5.1578298
0,5.117183
1.1379477,0.9450903
0.43157393,0
0.41554123,4.06449
0,5.970149
0,8.536065
0.72500545,0
3.5038543,2.303263
0.9992672,0
1.0396091,0.95201826
0.7542616,5.027147
0,1.4425371
0,0
0,5.818303
2.4927554,0
2.3925352,0.49701786
0,1.8243736
0,0
0,3.502218
0.8618461,5.217262
0.7728274,3.5412853
0.69449264,0
2.8477857,3.896205
0,3.461605
0,2.0529666
0,0
0,13.111888
2.0631318,4.251959
0.9914733,0
0.43736878,7.920344
0,3.3609679
0,3.0953362
1.1194447,3.912363
1.1099395,3.3316674
1.4539815,0.76475984
0.6160291,3.8103533
0.38265792,2.694147
1.4962221,3.2162614
0,8.5082245
0.9281173,12.257906
0.24710882,9.40503
0.7618467,2.8026905
0,1.675884
0.41607723,4.152824
0,2.411188
0,2.2657754
0,2.7958994
0,1.54202
0,3.842705
1.7192962,2.4307244
0,0
0,0
0,4.8620396
2.8292544,0
1.327845,7.33522
1.0450959,0
0,1.9319937
0,0.8550663
0,1.5002626
0,0.99661154
0.46507305,2.3992324
1.2057636,4.461099
2.9809813,0
0,0
0.39552268,0.9859502
0,1.707213
1.4474921,1.7031424
1.7283098,3.363983
2.7292576,0
3.1262562,3.525738
0.71027774,0
0.81404495,3.0744636
1.1471837,1.8079914
0,0.42027402
0,0
0,2.8666985
0.7287036,4.0611887
0,7.182102
0.99004996,3.521592
0,4.907494
2.2927892,3.0286968
2.091394,4.704301
0,111.73184
0.52910054,0
0,0
0,2.5327144
0,1.8489416
0,2.5364616
0,2.6346989
0.99497545,2.4836493
1.6026925,0.7892037
0.72690266,4.6430645
4.3821206,0
0.5816659,0
0,0
0,2.367798
7.0801473,0.9703086
0,2.7915418
0,1.4436263
0.5044645,0
4.198814,7.1233525
0,0
0,5.2868094
0,0.91844237
0.77243936,0.73356813
0,3.2840722
0,3.1935277
1.5781583,3.4265351
0,2.5947068
0,3.215951
0.32469642,0
0,2.0985258
0.9062622,3.0508733
0,2.7402892
2.6626093,4.708731
1.0104582,0
0.9994337,0
0,4.622598
0,3.9349425
0.7324934,14.459225
0,3.9698293
1.6923337,2.699541
0,9.95295
0.56634766,59.311985
1.6774303,0
0.9797198,4.9412
1.4622021,5.420544
0,5.314438
0,1.8850142
1.6546247,0.8570449
5.644615,0.8487523
0.8391374,4.4818482
1.7445918,5.7070384
0,0.9788567
3.3582404,3.5448422
0,2.1269052
0.43662405,0
0,3.6916714
2.1646192,1.2823801
0,1.8454725
0,1.330141
3.2289314,0.748447
3.0250323,5.592841
0,0
3.568455,2.392917
0.78039646,1.755618
4.0436716,3.0788178
0.64766836,0.9040774
1.5540016,4.421518
1.4962592,0.76470137
1.6965255,1.0845987
0.33058944,6.6830025
0.42548665,4.1820006
0.45022735,6.902264
0,7.994733
0.9559773,1.8796992
1.3522651,0
0.6866717,2.3784041
1.5180266,7.611509
0,5.0851765
0,2.073255
0,7.8233957
0,4.7129054
0,3.845858
0,3.6636748
0,0
1.5501473,0.9151643
0,10.469011
0,0
0.8110958,0
0,0
0,2.127886
0,0
1.4569473,0
0,0
0,2.692515
0,0
0,0
0,1.4046917
0,0
0,3.8508933
3.0530357,0
1.0638864,6.869901
5.912262,8.697813
2.270663,5.035247
0,5.7607007
0,1.8861994
0,5.664653
0,5.965519
0.9407338,0
0.46131843,2.189941
1.6991391,2.4670038
0,0
0.6683599,4.0020013
1.6469038,4.20964
0.96562386,4.039425
0.87611705,2.6834831
0,8.529512
0,1.7256255
1.3794055,0.96506464
0,5.058169
0,3.5281665
0,2.5252526
0,0
0,1.3630477
2.2782156,0
1.8174108,0
0,2.1287165
0,4.777505
0,5.777935
1.495931,8.535544
0.7593014,5.5467515
0,5.2475076
0,2.033347
0,3.8591413
0.37196845,4.711647
0,3.4847252
0.3929273,4.3582478
1.2409514,0
2.4056969,1.3977218
0,6.08828
1.6198267,4.697041
0.5397528,2.2906885
0.6244926,6.6914496
0.9201325,0
0.7407407,11.635123
1.3947002,1.961746
0,3.204923
0.5239168,1.3115615
0.716435,0
0.5647484,7.042962
0,0
0,3.6118467
1.4411991,5.2168922
0,0
0,0.69180214
0.6403483,5.359376
1.3136289,0
1.5446877,0
1.9246808,0
1.2062726,6.043026
0,2.3904858
0,1.1543345
1.2256403,0
0,3.1632223
1.1359764,2.170296
0,5.8794713
1.039177,1.2903227
0,8.91067
0.31142947,3.387534
0,2.1177468
0,1.0197839
0.9005764,4.6680984
0,9.319665
0,0.77325565
1.1355034,0
0,1.844678
1.1627907,0
2.0148292,4.6621857
0,6.9966764
2.565813,2.594875
2.3978899,4.2382674
1.8116763,3.086229
0,6.012506
0,0
0,0
0,15.560396
0,0
0,1.9045442
0,7.527853
0,0
0,2.419355
0,4.540707
0.48826936,1.2539185
0,4.2584906
2.7308974,5.190012
0,8.081105
0,0
0,6.037918
0,0.9776127
0.38761193,0
0.9954211,3.1791446
1.0521885,9.077705
0,0
0,8.402656
0,3.0925286
0,1.2830383
0.4274783,1.6198267
0.92967045,0
1.323802,0.9715341
0,5.97404
0,5.34596
2.0697505,0
0,1.3631406
0,0
0,2.6985695
1.394992,4.5779686
2.3496242,3.84848
0,10.486408
0,0
2.4541082,6.035408
0,1.1680878
3.1608062,0
0,0
1.3685507,2.0989296
0,19.880714
0,0
0,0
1.81373,7.677122
0,11.254924
0.98619324,0
1.5691197,4.0123043
1.0377212,6.1452026
0,0
0,0
0,11.115914
0.89621794,2.88035
0.6294851,7.3680534
0.3857479,0
0,3.1004546
0,7.28863
0.56773025,2.2232103
0,2.0595908
0,1.8535681
0,0
1.8545135,4.360782
0.487472,0
0,4.279356
0.96880454,2.8653295
0,1.076774
0,4.4033465
1.5142912,0
0,0.3299459
0,4.1084633
0,3.0036044
0,1.2542331
1.0777023,0
2.1269808,0
0,4.418913
0.5769675,6.947661
2.1185544,2.1402583
1.4347202,4.254595
0,0
0,4.884005
0,0.932314
1.2700564,1.0561893
1.3990906,0.7105805
0.8958165,1.3588803
1.8931147,0
0.48517781,1.0167768
1.8487706,8.346251
0,7.281806
0,7.243514
0,0
0,5.825243
0,0
5.077001,0
0,4.423889
0,1.0741138
0.9650336,7.798031
4.000686,3.6347775
0.49470663,3.7817905
0.675767,3.3509567
0,3.2478075
0,2.6106253
1.7187446,0
0,3.7982376
3.9805746,1.5347624
0,4.713276
1.1340761,3.2348502
0,0
0,10.632128
2.2942095,0.93923175
0,3.6347775
0,4.280008
0,0
1.4829462,5.6160846
1.478142,3.7091987
0.7194762,0
0,1.8272071
0.74366033,4.2456837
0,0
2.8009243,7.3928046
0.91869545,24.276377
0,0
0.6859181,3.6266048
0,6.4470754
1.0955702,3.0436254
0,0
0,2.722076
0,0
0,5.075498
1.8160685,4.152249
4.238785,0
0,0
0,4.8139744
0,2.870985
0,0
0,3.0289261
2.283496,0
0,4.7698545
0,1.7271158
0,4.86618
3.1068766,0
0,2.1552885
0,2.4752474
3.4674065,6.0888977
0.73871607,18.46296
0,6.4421134
0,6.565988
0,11.1023
0,4.5693398
0,10.014306
0,4.861449
0,7.195395
0,2.9377205
0,7.6703925
1.1289867,7.6324224
0,1.6770644
0,0
0,0
0,0
3.0007503,0
1.457301,1.1050944
0,2.2062068
0,0.5637614
1.1331445,5.243839
0,8.006405
0,0
0,1.2830383
0,0.8327782
0.58424866,5.499686
0.6789788,0
0,5.0226016
0.34852922,0.54501855
1.078109,1.1926059
1.8265507,5.54078
0,0
0,0.69657284
0,0
0.578369,1.4734051
0,0
0.91462016,0.93747073
0,0
0,0
0,5.2188177
0.9489016,0
0,3.580059
0,5.4112554
0,1.0806137
0,25.6246
0.5353319,6.588799
0.92962724,0.67349136
0,1.2840267
1.3855213,7.461449
0,0
0,1.5765411
6.165228,0
0,9.179927
0,2.7824748
1.3370771,8.676448
2.8342664,1.4888707
0,8.927813
0.40814662,6.940589
1.5669069,0
0,11.892627
0,2.0300448
0,2.9483306
2.6340744,4.8454304
0,0
0,9.280743
0.9574303,0
1.2816131,0
0.7714263,0
0,9.702145
4.2126546,3.1029398
0.9727154,2.1136436
0.4759185,3.5265074
1.3500743,3.4770515
0,0.49975014
0.53106743,4.7994514
0,1.1300713
0,3.5825784
1.0694044,0
0.93879086,0
0,0
1.6288414,4.3215213
0.64308685,4.850249
0,7.525587
0,0
0,1.9892579
2.1756473,2.7904382
0,5.457161
0.59410644,2.0810573
0,0
0,3.7495313
0,2.561213
0,0
0,15.006002
0,0
0,5.1132216
0,0.7142092
0,2.59774
0,6.1813188
0,5.5013065
0,5.3770666
0,9.505703
0,12.648622
0,3.4572172
0,2.7342324
0,2.4191597
2.6215756,0
0,6.908165
1.1815675,6.8112154
0,0
0,0
0,0.84961766
0,1.9025874
0,1.1037527
0,2.9442797
2.5168993,3.471017
0,0
0,2.2497187
3.4845228,4.1071978
0,8.638065
1.1240375,0
0,4.1367188
5.724754,3.834846
0,0
0,3.22139
0,3.524022
0,6.9723783
0,0
0,0
0,0
1.9434457,0
2.0500205,12.296342
1.6363041,7.181844
0,3.7766943
2.9832935,3.1436656
0,0
2.5046964,3.8049338
0,4.1028447
1.1821029,3.1414433
1.3954786,6.2794347
0.46860355,1.8455293
0.9916208,0
0,0
0,4.087472
1.1424655,7.443938
0,7.12138
1.4663832,0
3.9952059,7.9545455
1.3346977,5.8354406
0,12.42236
0,5.3900056
0.35429585,8.989865
1.7865118,0
0.95438063,39.215687
0.9792082,2.0487604
0,3.7750096
0,3.1702116
0.63987714,8.386623
1.0805749,3.7257824
0,9.15681
0,4.503925
0,1.3562081
0,4.868944
0,3.5223672
0,0
1.1782264,7.02292
0,10.395011
0.5006759,4.901961
0.53250974,3.9602218
0,2.5150905
0,5.716736
0,4.176611
0.5396363,1.9147918
0.3463563,4.2253523
0.7438816,4.0436716
0,1.5422578
0,2.2606533
2.9549081,0
0.39382482,0
0.9201325,0
1.147052,0
0.7266914,0.8387854
0,2.177226
0,0
0.43519887,3.8312078
4.9800797,1.9578412
2.6158323,4.5137672
0,1.304121
1.5852885,0
0,6.5299726
0,6.825938
0,1.548467
0,4.7243032
0,4.054739
0,1.8589664
0,2.3088288
0,0
0,9.282178
0,0
0,3.0637255
1.163422,9.698598
0,2.5662959
0,3.6403348
0.53126496,0
0,2.0882275
0.81201786,1.655081
0,0
0,0
0,1.5288182
1.0335917,0
1.7756207,3.411805
0,10.219724
0,0
0.5266484,8.088433
0,4.625614
3.8600104,1.4236902
0,5.17286
1.9882692,0
0.25290844,10.783012
0,2.3860652
0.88861245,5.216484
0,2.035002
0,0
0,0
0,3.594407
0.6904647,2.1317415
0,0.64441293
1.5480676,2.72591
0,0
0,4.4863167
0.81380206,0
0.7697044,3.9184954
0,5.82513
0,1.5062509
0.39805746,5.706367
0,0
0,2.2500226
0,0
0,0
0,3.5063114
0.5199938,4.778483
1.127078,2.0739143
0,0
0,0
0,6.9473395
0,1.0681478
0,0
0.5016806,6.128202
0,0.82987547
0,0
1.8200018,3.3881898
0,0.90563303
0,0
0,6.4327774
0,3.880481
0,0
4.0836325,2.381803
0.6880418,0.90334237
0,2.0599444
0,0
1.1325028,5.34188
0,6.7357073
2.0429008,2.9581423
0.5910864,1.2565445
3.4831069,8.395131
0,1.4493454
0,10.458688
1.6285584,0
0,3.117693
0.65785146,3.2669063
0,0
0,1.0697474
0.76858044,0
0,5.136107
1.1046063,0.9944312
0,7.1352124
0.32933736,3.9648826
0,4.7382135
0.77243936,2.095887
0,39.29273
0,2.802298
0,6.413545
0,6.416426
0,6.1462817
0.8802817,2.29819
2.194426,6.7529545
0,0
0,2.6132405
0.5719515,11.9379225
0.7446294,0
0,3.7271712
0,2.408043
0,5.624584
0,3.2341528
0,4.3541365
1.1948144,6.744138
0,0
1.9366333,4.377645
0.7680491,2.124345
1.2456403,0
0,5.842487
0,0
0,1.1067456
0,0
1.2492973,0
3.681885,1.2555716
0,2.4243598
0,4.154549
0,5.585812
1.6871942,0.99108034
2.1549401,0
0,12.601784
0,3.044696
1.2941633,4.4368854
2.130509,3.0111413
3.0153177,11.4460125
0,3.8556447
1.5097758,0
0,3.600684
0,3.2707226
0,0
0,2.858613
0,6.2023745
3.0482228,5.4540496
0,2.3307307
0,3.2765398
0,4.557366
2.5901368,0
0,0
3.309724,5.140067
0,4.647822
2.17061,0
0,1.0781671
0,3.6218762
0,6.395498
0,0.8833923
0,1.7884289
5.017681,7.2285676
2.5445292,3.8535645
2.1702566,5.3147063
0,2.585984
0,2.3963575
0.89790785,0
0,3.7678976
1.1215792,0
0,4.2123
0,4.3490868
0.81739414,3.1682332
1.0209986,6.9951034
1.3622742,4.634457
2.1688445,2.6157467
0,0
1.3933399,9.117433
0.7313149,1.9401151
0,0
2.047083,14.925373
0,5.417705
0,2.0731833
0,4.689057
0,4.670403
2.004008,3.3800912
0,1.9677293
0,5.1735735
2.519685,2.357749
1.1702065,1.9712201
0.7114906,0
0,10.334684
0,1.1715775
0,5.4908853
0,0
1.0204602,4.4350815
0,2.2909508
0,1.0492078
0.28466508,1.2908223
0,5.0794573
0,8.810573
1.0498136,2.4414062
0.7450732,0
1.1221455,0
0,12.725345
0,3.7247417
0,2.7728996
0,2.6573257
0,3.1138096
0,2.2539444
0,2.2333891
0,0
0.44830984,4.291582
0.59826505,8.6793
0,9.013438
0.7431629,2.7777777
1.2827502,3.5857286
0.9145157,1.9301294
6.4924526,0
0,4.399085
1.5559964,7.7130737
0,3.8317847
0.72695553,1.5046644
1.3792152,2.846975
0.735186,8.241003
0,11.658408
0,1.9157088
0.5903536,6.177288
0,8.455468
0.38409835,7.1665325
0,5.9378014
1.7778567,7.445647
0,7.386433
2.9610329,2.8579593
2.1141648,4.0826325
0,0
0,4.2571306
0,3.1304505
0.636821,5.6622224
0,8.036001
3.552398,5.2346234
0,1.55521
0,3.3776176
0,5.670771
0,5.014542
0,7.048044
0,1.3429128
0,5.7323017
0,12.884753
0.42722264,2.831658
0,0
0.61259496,3.0091276
0,0
0,6.8534875
0.57703406,2.6121936
0,0
0,3.4303634
0,0.8025682
2.0283976,8.942544
0,0.9967109
0,4.702563
0,0
0,1.0542963
0,1.4925374
1.9744636,65.39001
0.6557377,1.0346612
0,0
0,3.0184124
0,0.8766547
0,2.5278058
0,0
0,0
0.9646923,2.5886617
0,0
0,5.558644
0,1.5501473
2.1684918,0.9558402
1.1105764,4.554195
0,0.9440642
0,89.6861
0,6.508461
0.2491653,2.7151778
0,6.603434
0,4.6010256
2.891845,1.6179922
0.6497303,0
6.810829,8.618213
0.63171196,0
0,5.9157596
0.98449415,5.8605194
0.9682417,3.7516413
3.0585716,4.6017404
0,9.830264
1.2890751,4.0683484
1.4280274,2.9065545
0,4.0114994
0,0.6906078
0,1.7110592
0,3.3633795
0,2.4990628
2.0838397,0
0,0
1.2822156,2.8116739
2.8612304,0
1.4160296,8.958433
0,1.680037
0,2.0381126
0,4.9526744
1.7721463,2.9027576
0,3.9787798
0.46390796,6.963788
2.7267768,15.810277
2.9262013,0.77483344
0,0.83324075
0,2.8133352
0,2.3322709
0,4.6436033
0,1.2496876
0.354849,0
2.0631318,0
0,3.8832796
0,7.0169964
0,0
0,6.5573773
0.98561007,4.6747694
0,2.4375381
0,6.2865405
0,0
0,0
0,0
0.97465885,2.301143
0,3.2099295
0,3.8282397
2.2249417,1.9379845
0,5.7473207
0,29.761906
0.8414675,3.9467194
1.377942,8.8613205
3.365115,3.292452
2.0532477,0
0,5.837144
0,5.11352
0,5.648654
0.61946356,1.5018398
0,5.1506567
0,0
1.1106793,0
0.63235104,8.503402
1.7136703,2.8055737
2.0800111,1.6658337
0,7.220796
0,10.522855
0,5.0251255
0,3.7306476
0,0.89525515
0,9.204713
0,0
0,5.4614964
0,4.0469446
0,0
0,0
0,3.5797389
0,8.047407
0,0
0.69744736,0
0,0
0,1.7594792
0,1.3352917
1.0715243,3.6979513
3.4447124,1.8063583
3.6477332,0
0,7.094994
0,5.5151114
0,3.0674846
0,0
0,6.2617407
3.5285816,3.2515519
0.9811617,3.8587692
0,0
0,0.63051707
1.6794492,0
0,4.3740706
1.3847859,0
1.591512,5.4512887
3.8508933,0
0,5.5509295
0,0
0,2.898831
0,2.3395462
0.3144753,4.9455986
0,3.2433834
0,1.6815201
0.45960104,0
1.2739664,4.2602396
0,8.543026
0.3507295,0
0,15.847859
1.6963528,60.396893
0,1.3044612
0,0
0,3.2595854
1.9410881,0
1.2690356,2.1092596
0,1.3126805
0,3.1400461
0,0
0,0
1.8224896,2.436944
0,1.7876295
0,6.4884505
0,0
0,11.693342
0,1.1878601
0,3.3153749
0,5.652911
0.7012623,4.417693
0,7.8094497
0,4.6777062
1.1433798,8.845644
0,5.135447
0,3.5106196
0,6.058036
2.0620682,0
2.4515812,4.0248647
0,3.5603027
1.5500271,3.7436357
0,1.0476689
0,2.1251726
0,3.5234172
0,0
2.5664058,5.91786
1.9860973,0
3.4293554,6.7159166
2.5996532,7.1381507
0.57385516,0
0,0.76248574
1.0238034,0
1.454052,0
0,6.1655736
0,8.249691
1.695011,6.0864277
0,1.617207
0,5.561735
0,8.967461
0.84452325,7.0885115
0,5.822416
0,0
0,4.1949825
0,0
0,0
1.1505494,6.3321195
0,9.762447
0,2.464268
0.528262,5.914535
1.2708095,0.6148549
0,3.30033
0,3.1430068
0,0
7.4778337,6.313131
2.854696,0.96828854
6.3582892,0.6453278
0.83160084,11.933174
0,2.9403117
0.7489515,3.3473923
1.778331,0.8903133
0.27018264,2.8856697
1.5917991,0.5142975
0,0
0.88354826,4.384523
0.54303557,4.4062567
0,0
1.0900965,2.9334116
0.9470414,7.0202813
0,4.8732944
0,2.353052
0,2.2325165
0,0
0,3.1880977
0,0
5.332622,4.092993
0.5065856,35.445282
0.8292562,5.4451404
0,14.672169
1.0030761,0
0,4.0229306
0,0
3.7784326,4.426738
0,3.3175356
0.54027766,31.055902
0,1.3430932
1.0323113,5.6693935
0.6966457,11.547344
0,5.0885406
0,0
1.3498312,0
0,4.9370527
1.3363625,13.945381
0,6.675567
1.7053788,3.6291053
0,1.4207237
0,4.5540795
1.0888107,6.0298047
1.7874166,4.66978
2.779013,0
0.936505,0
0,4.1947775
1.5626222,0.4506636
0,7.2599044
0,4.337454
0,15.684907
0,8.949347
0,1.3082156
0,3.4211428
0,4.459593
0.51639557,5.7222786
0,2.8278544
1.2440132,15.751339
0,1.149954
1.5021781,5.3279343
0,8.223008
0.83388925,5.649877
4.031897,1.2193635
1.9673421,0
0.6330316,0
0,2.7800946
1.423133,5.014731
0,5.19548
0,2.8162215
0.56016135,4.304249
1.420939,0
0,0
0,2.8935184
0,0
0,1.7806267
2.4307244,0
0.4727909,12.004802
1.7168365,2.7690604
3.539644,2.7160628
1.4361625,1.3972335
0,4.558855
0,5.216484
0,1.5349195
0,5.137162
0.7823961,0
0,1.7489653
0,3.3588984
0,2.7275207
0,5.0853205
0,0
1.4801658,0
0.58903223,2.9657247
10.96663,0
0.6580896,0
2.4727993,0.7711289
1.0707211,9.4373865
0,3.0611799
1.0850694,2.1539345
4.1079006,7.6219516
1.3716481,0
0,3.99968
0,13.353809
0,5.5476303
1.0539074,1.0714668
0.2766864,0
0,4.5595016
0,0
0,0
0.53232545,0
0,0
0,1.7845458
0,1.4120306
0,0
0,0
0,0.71408165
0,5.0816236
0,3.8846264
3.4462388,5.9024906
0.7969715,2.140149
1.9010203,0
1.0255358,3.812719
1.2130034,0.8492569
1.3029315,6.548337
0,0.81030715
2.6562777,0
0.6729022,2.1169622
0,3.5703356
0,4.512635
9.783368,3.6058776
0,9.7532425
0,0
0,6.567713
0.57146126,0
1.3694253,3.4284146
1.4289796,2.4822106
2.5636916,5.0340943
2.6174583,0
0,6.3474154
0,0.83063376
3.6751194,2.2378376
0.95946264,1.0575297
0,0.7461016
0,2.8025334
0,3.2513278
0,6.6853433
1.1978917,5.3095465
0,3.1976125
0,4.6019325
0.76757747,4.1731253
1.1042403,2.9859662
0,0.60157615
1.6709833,0
2.19433,3.44679
0.6543218,5.724754
0,0
1.4006584,2.969709
0,1.6566166
1.6630634,0
0,3.940675
0,3.2479584
0,5.855658
0,6.6676545
2.2761762,0
1.9493177,4.0383644
0,3.2567987
0.5137954,2.3783097
0,0
0,3.6404674
0,4.3636365
0,3.2008963
4.5180726,4.213878
0.59819347,3.2735903
1.1652296,4.2474866
0,0.7818608
0,3.7411149
0,5.9991274
0.58210605,0
0,1.2150668
2.1079662,2.0120723
0,7.5994263
0.8299444,0
0.4819045,2.3029094
0,1.3722128
0.80857086,7.7051497
0.5526388,3.9026928
0.7072136,7.3463387
0.6002761,3.3337038
0,7.726648
0,7.012623
0,4.9800797
0,0
0,6.3091483
1.58303,0
0.53969455,1.4488555
0,3.7832215
2.0949428,7.7071295
0,1.8603498
0,2.5321584
0.5043373,0.8436327
0,0
0,0.88105726
1.79035,0
0,4.0629764
0,6.290297
0.44012147,0
0,4.7719035
0,4.1325727
0.84019494,3.0379746
0.83811754,4.7570505
0,1.8335166
1.7802042,0
1.05158,2.8999517
0,4.7322345
0,3.1539772
2.3033514,8.204942
0,5.538325
1.783697,1.3888888
0,6.0614223
0,4.331683
0,11.494253
0,0
0,5.1052966
1.0012015,0.71999425
0,3.8771713
0,2.9650128
1.340303,3.2746086
0,0
0,0
0.45533195,3.0873725
1.5938795,0
2.8998957,8.754012
2.2954206,1.1135857
0.48005375,1.5481074
0.45187527,4.5242043
0,4.9325876
0,2.7121506
0,8.175872
0,6.5339546
0,0
0,4.0016007
0.75406253,0
1.2741017,4.757374
0.7578054,5.155847
0.8448087,15.969803
0,0
0.42277935,4.533348
0,1.6204829
0,0
0,5.4362597
1.432528,0
0.5530056,7.2202168
0,0.64989924
0.93475413,1.2468828
0,4.009623
0,0
0.87989444,7.2103252
0.21748586,4.838933
0,7.2511935
0.7347539,0.9171788
0,7.883771
0.41548944,1.4326646
0.9647387,0
0,3.292181
0,6.2160063
0,4.4212575
0,3.837901
0.7247953,0
0,0.7799704
0.8958968,0
0,1.9029495
0,0
2.557981,2.932838
0,6.40615
0,0
0,4.8322797
0.7474959,3.5527134
1.3219936,4.341031
0,4.121162
0,7.5386353
0,4.5372047
0.48327854,2.0522645
0,5.8793883
0,0
0,4.657662
0,1.6949153
0,0
0.5342166,0
1.7605634,7.3475385
0,0
1.1378506,3.7192497
0.49390036,5.0131593
0,14.836796
0,1.4663472
0,4.324792
0,0
0.5888935,6.049084
0,1.3980148
1.4052838,1.7921146
0,5.9386344
0,1.7364125
0.36782286,11.3852
0.38399512,5.3012896
0,2.44439
0,14.197823
0,2.5290046
0,6.42636
1.885014,3.9205437
1.4207237,1.4619883
0,0
0.7036802,1.4899429
0,8.972633
0,0
4.702194,2.3767083
0,2.9383678
2.6443367,0
0.46283442,0
0,2.2682595
0,4.455956
0,9.8402405
0.912492,4.0401707
0,0
0,1.7452006
0,3.7327363
0,0
0,8.810573
1.1731123,7.1123757
0,1.7906706
0,6.289308
0.52834576,2.5485823
1.7245344,3.144654
0,3.6784992
0,0
0,0.4972403
1.9835367,2.534533
0,1.0563009
1.1513442,0
0,0
0,0
1.2914414,2.8808067
0,1.8539119
0,14.717906
1.5874023,3.877472
0.93817437,2.4666996
0,2.8872528
1.0727311,4.096834
0.8444519,2.599597
0,0.7398638
0,6.3544827
2.5660765,9.661836
0,0
0.7997761,0
1.351534,2.734108
0,1.4596409
1.6161181,0
2.646503,5.6577086
4.4558315,4.3840423
0,1.4294904
0,0.9557488
0.48804295,0.9689923
2.402306,3.2502708
0,6.1986675
0.65668505,5.482456
0,6.607514
0,5.242089
0,0
0,8.37784
0.8095855,0
3.6656892,0
0.3561888,0
1.2281492,2.301496
3.6333437,0
0,3.3310018
0,4.64756
0,6.3669934
0,0
0,3.7643516
2.1187563,0
1.9638648,6.127868
0,2.027712
0,0
0,1.6138142
0.7435497,1.9657952
0,1.7808805
0,0
0,2.6089227
0.57523054,0
0,3.1428752
3.0015469,3.7399154
0,1.5669069
0,5.812988
1.6424856,1.3812156
2.0919626,1.3254689
0,2.235936
0,1.0110202
0,1.3012927
10.4693775,0
0.73975444,2.521909
0,11.7785635
0,2.144772
1.5549681,7.145409
0.9174312,0.7454898
0,0
0,0
0,1.7599437
0.96450615,0.60906905
0.5610413,5.5426226
0,2.985669
0,5.828638
0.46112698,5.322688
0.6725402,0.40228498
0,0
0,2.573561
0.96665055,4.8804293
1.3242695,9.382463
0,3.6845984
2.1866288,0
0,0
0,5.6632266
2.9105728,0
2.012275,0
0,7.222824
2.5194685,4.7267914
0,4.519093
0.3838182,8.136697
0,2.1170743
0,5.0752835
2.5214322,1.081812
0,6.7549314
0,6.3746476
1.2829559,3.8113387
0,0
0,5.399568
1.4466546,3.8205855
0,0
0.9265264,0
0,0.686766
0,3.1296945
3.388969,7.3855247
2.860821,2.4520624
0,6.1188807
6.220195,7.2918186
0.3454112,1.185396
0,2.431611
0,4.097731
0,7.206208
3.1439948,0
0,1.5110304
0,0
0,0.69744736
1.2063211,0
0,1.9093992
0,4.4437037
0,0
0.61800873,8.634223
2.1470745,10.1983
0,0
0,62.189056
0.52048093,1.8528813
0.8183976,6.2444243
1.5235773,2.3380873
2.5910091,0
0.48899755,3.1357794
0,4.9261084
0.7652866,3.3141847
1.2581782,0
0,9.65251
0.95301634,4.5018005
3.9799411,5.6831098
0,2.952175
0,2.675432
0,6.9156294
0,0.80736315
0,2.4946363
0.9547451,3.971406
1.5328019,0.6454944
1.3028184,0
0,2.7446136
0,6.7446046
0,0
0,0
0,0
1.1216211,0
0,4.8067017
0,5.0012503
0,7.324666
0,8.142586
0,3.869969
9.394082,67.2043
0,0
2.3954008,4.092909
1.0731341,3.8114598
1.2202563,6.880283
1.0003,0.94437623
0.5527916,0
0.5168226,0
0,2.4140596
0.5075627,2.3122723
0,5.7906117
1.1449507,5.3463683
0.39946473,2.1205535
0,2.4778235
0.36980882,2.674001
2.1819768,0
0,1.5777847
0,0
1.0398253,6.21118
0,1.6665279
1.7727352,4.3327556
1.0877842,0
0.9216378,2.2010674
1.3961606,0
0,6.79216
0.5158894,0
0,5.399568
0,5.319149
1.9379845,3.2973375
1.8821758,5.050824
3.7390165,2.2097006
3.95296,4.3152275
0,3.2557383
0,5.8081646
1.0494281,0
2.8772838,0
0,0
1.6035063,9.70201
1.3909174,4.5962925
3.7874005,0
0.3679582,4.905396
2.6930587,2.1144629
1.0789232,0
1.8628911,6.992118
1.7488021,4.799616
0,0.33050203
0.8335649,1.2478163
0.60760725,0.8285004
0,2.896242
0,8.5470085
0,2.3665838
0,0
0,0
0,6.2256813
0.7272198,8.518794
0.7663422,2.0222447
0.43614796,2.7634997
0,4.2930737
0,5.740528
0,0
0,3.298969
0,0
0,0.98415506
0,0
0,7.572315
0,0
0,2.8731503
1.4868414,3.3993783
0,0
0,8.431704
0,3.4928396
0.77208155,0.9387027
0,3.1549723
0,4.5251794
0.27162102,5.824112
0,0
1.1626556,6.6401057
0,0
0,6.145337
0,1.0565798
0,0
1.8076645,1.9646366
0,0
1.9618101,3.7835793
1.4499583,0
2.3651845,3.96668
0,7.330483
0.70586574,8.060047
0,0
0,0
0,0
0.21909645,0.83347225
0,3.8811266
0,3.3055668
1.6131635,1.9107672
0,0
0.738607,1.1358473
1.2542331,5.8725653
0,1.9752436
0,4.098972
1.8019642,3.630423
0,7.017544
0,0
0,3.194548
1.3600816,6.134969
0.78730863,0
0,14.392255
1.5754482,2.3929987
0,7.464278
0,4.9412
0.5298013,94.48819
0,2.2498875
0,1.434926
1.3161936,7.08416
0,2.7882335
0.5976572,1.6305233
0.987313,4.65506
0,0
0,5.670542
0,1.6736401
1.7392818,3.0193236
0,4.7276855
2.7377641,0
0.45547715,3.9517016
0,4.7199497
0,2.6025853
0,6.1278267
0,4.7614927
0.3235827,5.3280563
0,1.2621481
0,8.586147
1.0002334,0
0,1.8572401
0,0.99641293
0,2.3008606
1.28123,5.5529113
0,13.129624
0.5267039,81.421165
1.2062726,1.5493068
0.56519526,0
0,4.618138
0,19.80198
0,2.384548
0.8753501,0
0,0
0,0
0,5.480203
0,2.9806259
0,2.145923
1.8019642,2.6669037
0,2.572182
0,0
0.49361995,0.7169487
0,2.690052
0.5723443,0
1.2128563,3.4057045
0.60244596,1.0902747
0,1.4714538
0,8.127145
0.914662,0.8701706
0,3.3834078
0,0
0,0
0,2.2145126
0,0
0,0
0,3.9305086
0,4.1657987
1.3912721,4.3431053
0,3.7540097
0,3.2940247
0.86760366,0
2.5908973,4.2470574
0,4.87187
1.6915704,0
0,1.3557483
0,3.1032772
0,0
0,4.4104676
0.3252773,0
2.3919153,1.1535356
0,3.4650035
0,0
3.3228111,3.0750308
0,1.0158472
0,0
0,2.3678448
1.7719276,6.221485
0,8.951999
3.167163,4.563531
0.46576616,4.9757433
0,3.2729654
0.65127486,2.8493276
0,0
0,6.9504776
0,3.10559
1.5131798,8.090615
0.75522995,6.1442823
2.8605754,1.4322544
0.5707111,8.702138
0,2.3511708
0.812942,7.546356
0,2.955457
0,2.380244
0,5.7875156
0,13.0519905
2.120666,0
0,0
0,6.4148827
0,13.69729
0,0
0,3.9794657
1.2943308,0.7490637
0,0
0,0
1.0824072,1.8040771
0.50408304,1.9756709
0,2.7311213
0,7.367944
0,6.128077
0,1.5587654
0,2.0078306
0,1.2947778
2.1125274,0
0,1.2022121
0.16527833,0
0,2.1161034
0,2.4644337
0,2.9559565
2.1098158,0
0,7.5421886
0,0.82624143
0,6.289308
2.0145044,5.573618
1.0233843,2.5174122
1.3698004,3.345041
0.5224387,0
0.393391,0
1.6470394,9.032336
0.5605067,2.056374
0,0
1.3289037,0
1.7945266,3.843567
0.45427704,4.308694
0,3.4485135
0,1.608838
0,0
0.52241147,4.5840015
0,9.463898
0.84904057,4.649481
0,5.41628
0,7.3957663
0,3.4677498
0.69905627,0
0,65.71087
0,6.452133
1.0179412,0
1.7299043,1.3344008
0,15.98242
0,3.6081543
0,0.96487844
0,0
0,0.55002475
0,10.612154
0,8.093889
0,4.7183723
0.7848062,4.8947625
0.9730939,0
1.7587055,5.6721497
1.0559105,3.6845984
3.0892801,4.187605
0,4.247186
0,3.4895582
2.4727993,4.760016
0,0
0,3.187759
4.8496604,3.7657692
0,2.3209934
0,0
0.6969612,0
0,1.0511931
0,1.6239038
1.0712373,3.4372137
0,4.259851
0,3.123861
0.8010895,0
0,2.44838
2.1307197,9.434598
2.3668637,0
1.9040365,3.186574
0,7.505042
1.2057393,10.845252
0,1.2921009
0,3.8595138
0.7810059,2.718746
1.5019525,3.1305437
0,4.884668
2.2305248,1.1877896
1.0211897,0
0.41923448,0
3.096934,1.5632328
0,60.240963
0,4.095377
0,0
0,0.8364001
0,4.497616
0,3.8560412
0,4.769096
0,1.1282861
0,0
0,39.267017
0,4.0453076
0,11.497557
0,4.5236588
0,0
0,2.537588
0,0
0,0
0.25510857,0
2.70807,0.81768376
0,0
0,0
0,3.9732995
0,0
3.4922974,7.392804
0,5.6468463
0,0
0,3.4897926
0,8.186351
4.418913,6.4756355
0.79182833,4.2872453
0,0
4.526935,2.4982824
0,6.850879
1.0092854,2.8254175
1.2975218,0
0.94193,0
1.5492666,4.2804556
1.5878057,6.9355345
1.5689965,0
1.3252054,5.2530203
0.47209895,1.5209125
0.9713453,3.6343813
0,1.8254837
0,4.593653
0,2.5672293
0,6.289308
0,5.6066904
0,0
0.96056867,14.98252
0,9.017133
1.298027,2.3654642
0,8.635578
0,5.075627
0,10.040161
0,0
0,5.4983897
1.9190176,0
0.8833142,2.8939373
0,6.4864864
1.5540016,1.4288776
3.1698234,6.232083
0,0
0,1.0579771
0,6.096322
0,3.1989765
0,6.2412233
0,0.8177952
0,5.9640455
1.1445576,3.383713
1.615248,11.600928
1.9480267,10.398613
0,8.035816
0.42434013,33.112583
0,1.0158472
0,0
2.2503939,1.6337199
0,0
1.1108643,0
1.0333781,4.6540494
0,11.273957
0,4.3431053
1.53437,0.9134923
0,7.954184
0,5.9705057
0,23.364485
0.47058824,3.6208928
0,0.86813086
0.69705844,3.9498372
0,7.574938
0,5.862524
0,6.1355963
2.5425882,17.031906
0,4.6904316
0,0
0,0
0,2.0607934
0.7075638,0.9975062
0,0
1.9391588,2.965819
3.4544303,5.796429
0,8.812126
0,0
0.63738924,3.0332139
1.4482259,0
0,9.099181
1.0463535,2.4822106
0,0
0.99186665,4.126945
1.9262626,1.432357
0,2.8085942
1.0766001,1.4368849
0,0.7258474
1.9301293,8.797185
0,5.0473185
0.68561244,8.2891245
1.4033962,0
1.5849117,0.6725402
0,1.3590649
0.7173087,2.4975026
0.6504488,7.238883
0,3.5050824
0.30512923,4.836866
0.39516318,3.9288871
1.4436263,11.725621
0,0
2.1047647,2.975969
5.9829063,3.2916393
0,3.3320005
1.7890688,0
0,7.650273
1.7474371,0
3.2590983,0
0,4.001761
0,2.2893772
0.5711348,3.6627054
1.2586532,1.2758356
0,0.5730659
0,0
1.1319046,8.143832
0,6.2912865
0,5.416238
0,5.1395802
0,7.743684
1.8774642,7.0432453
0.55093384,6.0785656
0,0
0,12.266803
0.95735013,6.4801817
1.3179572,6.5727015
1.0556875,0
0,3.0611465
0,3.472222
0,6.9147596
0,2.6720107
0,3.850041
2.5571523,0
0,3.265306
0.6516781,1.8176531
0.28701815,6.7727733
0,3.270111
0,2.4965672
0,0
0.9062075,5.7116747
1.6875739,0
0,0
0,0
0.6577649,3.4181023
0.40314454,8.0313225
3.443131,4.4527564
0.9613074,5.745926
0.5120328,0
1.4102383,0
0.68898994,4.822996
0,0
0,4.5182424
1.0159504,1.3981452
4.1190405,0
0.3703978,1.7708517
1.200264,4.310345
1.8428327,0
0,2.3839798
0,4.0149894
0,3.4168565
0,2.9095142
0,3.9135115
0,0
0,5.360493
1.3177835,7.324769
0,14.01013
0,0
0,56.074764
0,2.9808924
0,8.016599
0.5627462,3.1267915
0,2.579314
0,14.925373
0.9659503,2.83849
2.3041475,7.5342464
0,3.5790982
0,3.815823
0,1.3035624
0,3.9890966
0.91199267,0
0.6729022,3.854645
0,2.1539345
0,1.1467891
7.853697,3.519681
0.49244103,0
0.98347753,4.154549
0.82304525,3.1263678
0,4.9101844
0,0
0,2.7416039
0.74855906,2.9280863
0,0
0,0.66773504
0,0
0,6.043209
0,2.120441
0,1.4265336
0.40698385,3.5332568
0.4740235,0
0,0
0.90975255,6.491633
0,4.2735043
0,0
0,0.7273256
0,0.7089182
0,3.599064
0,0
3.0176027,6.384065
0.53154737,5.8190284
0,0
0,0.80418175
0,6.807773
0.92357427,4.3122034
0,5.955571
0.9490368,2.4682825
0,6.292826
0,0
1.9349844,3.0197797
0,0
1.0327379,0.61456525
0.83177376,0
1.5575718,3.9942086
0,11.438375
1.4947684,3.3670034
0.49831814,4.0929413
0,0
0.39939293,2.5195262
3.1521592,2.3852117
0,2.0312817
2.1364098,5.5428534
0,1.9045806
0,0
1.0356255,2.3879647
0,3.305239
0,2.9906542
0.35059425,0
1.396258,3.460507
0,3.395778
0,3.185728
0,6.8201194
0.8326741,5.436893
0,4.94621
0,10.611615
0,9.171788
2.5242963,0
0,3.3987594
0,5.906675
0,0
0,4.88878
0,0
2.3439593,8.682364
0,0.90628964
3.349603,2.0688941
0,4.136676
0,4.7441144
1.9295707,0
0.903914,0
0,2.6224694
0,1.4490653
2.329675,2.8040004
7.64526,11.056851
0,2.2644928
0,4.057618
0.42233297,5.790388
1.4304788,0.7434944
1.350378,0.53547525
3.2431731,2.710517
0,0
0.32935905,7.869885
0.5016806,3.7224538
1.3137152,5.6579866
0,5.7862
0,4.176611
1.8683732,4.9100842
1.0141988,3.2247663
0,8.902454
2.441236,5.897965
0,0
1.1705489,4.0491295
0,13.90077
0,6.2078753
0.66849387,7.5457463
0,0
2.5644312,4.4714723
0,7.5056295
0.6496037,3.0759766
0,1.8070112
2.0695364,5.074532
0,4.908624
5.16974,0
0.8148631,2.974715
0.5921715,4.2537675
0,2.3299162
1.2420816,3.599712
1.7614092,6.6703725
2.4084778,1.1388224
0,0
1.4116718,2.4666996
1.0248526,0
0,0
0,2.2185247
0,2.0162644
0,3.2754667
4.4368033,4.202269
0,3.3774657
0.89648575,12.876227
0,0
0,7.3556457
0,1.1350738
0.8729051,1.1671335
0.36285788,6.984053
1.6444664,3.933137
0,4.62385
0,0
0,4.469074
0,3.4735622
1.203949,0
0,0.8045376
4.8007684,0.9508415
1.166226,1.4196479
0.5888241,0
,0
,0
,4.7641735
,7.133798
,5.045918
,0
,6.444337
,3.242542
,8.449839
,1.9542701
,0
,1.8288221
,1.607717
,1.0286301
,0
,4.084133
,0
,2.5338907
,4.388852
,3.3647375
,4.818116
,8.117707
,0
,0
,3.203588
,6.0615244
,2.3737464
,13.902406
,4.3693166
,3.240651
,4.9270797
,4.958752
,0
,3.547357
,0
,6.398245
,1.023751
,2.967946
,1.8816446
,4.853662
,5.8513746
,0
,2.0527558
,0
,4.238571
,1.4796183
,0
,0
,6.068882
,3.0933416
,0
,31.397175
,1.639613
,4.076087
,1.1700011
,0
,0
,4.532835
,0
,5.255781
,7.0932045
,4.6485376
,1.0173975
,2.5098827
,0
,0
,0.74815303
,1.5648228
,2.4044242
,7.1552696
,1.2061272
,6.52635
,4.474273
,0.98270434
,0
,4.1132917
,7.336268
,3.5842292
,1.9133263
,2.2827923
,0
,1.4989133
,6.300668
,3.6448684
,5.900524
,0
,0
,0
,4.5228405
,0
,1.8775817
,3.605336
,0
,2.386445
,0
,0
,1.7943658
,3.3810437
,0
,7.132668
,4.6508536
,8.468197
,0.64503646
,5.389383
,0
,0
,1.7075044
,0
,2.9913251
,3.4916203
,0
,4.625347
,0
,2.8101728
,3.2478075
,3.645311
,0
,2.8651652
,2.6411357
,0
,2.4386277
,0
,6.3971343
,3.9250321
,3.9395132
,2.2177866
,3.122073
,8.114687
,2.6326182
,0.6054368
,11.2895775
,1.8050542
,4.0928493
,4.2626615
,4.1723166
,4.1462235
,0
,6.5980473
,4.3005204
,4.5770288
,6.3157897
,3.3472803
,1.2820513
,2.5994282
,4.1218414
,0
,0
,7.3394494
,15.197568
,0
,9.067357
,0
,0
,16.05709
,6.0630555
,6.25965
,0
,3.4128237
,11.064395
,2.3642898
,3.177293
,0.39291188
,0
,6.0163302
,2.2494657
,4.7348485
,5.878895
,0
,4.8437877
,0
,0
,0.89952326
,0.82149017
,3.3721128
,2.4906602
,4.213779
,2.847948
,1.3988949
,4.38511
,8.262512
,5.297078
,2.293315
,6.9659934
,0
,0.5826148
,0.6466214
,3.4059947
,5.2847915
,4.2716784
,7.546031
,1.7436793
,3.6527455
,0
,2.033347
,1.54202
,1.8214935
,0
,9.477675
,4.469274
,0.8797396
,1.802289
,3.2509754
,1.2095555
,5.548774
,0
,1.7281107
,4.263483
,4.48196
,3.7365716
,0
,2.6480246
,14.224751
,0
,0
,0
,1.7695982
,3.0031834
,2.2413988
,7.8369904
,2.5022938
,7.9093065
,1.6647938
,0
,6.8197317
,3.2120774
,0
,0
,4.757827
,0
,0
,0
,3.7925475
,5.6190295
,0
,4.098734
,6.930007
,1.150748
,1.481701
,0
,1.1334013
,4.714387
,0
,3.8653154
,7.866936
,0
,2.2138588
,5.375622
,4.116243
,5.042501
,8.252527
,0
,0
,0
,5.4652276
,0
,4.619649
,1.7376194
,4.1407866
,6.1883316
,0
,9.188009
,4.4062567
,3.7598696
,0
,2.0855057
,6.169507
,5.0059686
,0
,2.0263424
,4.2525444
,4.347826
,3.5527134
,6.88122
,0
,4.814926
,6.179197
,5.783082
,6.914946
,3.883998
,0
,6.381621
,0
,7.707872
,2.7376635
,2.0887
,4.538852
,4.4714723
,0
,9.721952
,6.029545
,2.0400877
,7.3672223
,2.6047094
,12.688055
,0
,12.115165
,4.7715616
,3.052503
,4.28449
,7.942812
,6.063756
,3.1402104
,0
,2.7586205
,2.870058
,3.4582133
,0
,2.8205564
,1.021868
,7.1530757
,1.8483149
,1.3995801
,2.7056277
,2.6564457
,3.8934746
,5.8179
,6.1576357
,0
,2.5513458
,7.561437
,0
,0
,7.159477
,8.185539
,3.8666022
,0
,1.8429784
,1.1173185
,0
,4.2435813
,0
,0
,0
,0
,2.7273967
,4.505858
,0.86180896
,0
,3.1298904
,2.0502307
,4.0476465
,0
,0
,0
,0
,0.778089
,11.975092
,5.324814
,2.5035467
,2.153548
,5.069966
,3.7742324
,0
,4.833253
,7.1117435
,0
,3.3470936
,5.0556116
,0
,10.975227
,4.63392
,0
,0.5663797
,0
,2.8855865
,1.9052458
,3.8902936
,4.167489
,0
,4.0719376
,6.0938454
,4.7791357
,2.0405388
,2.6533408
,4.322455
,4.099667
,5.0115266
,2.2547913
,6.6919475
,1.8585633
,1.0257462
,5.204719
,1.1543345
,1.9573301
,2.145923
,0.77243936
,2.835271
,3.4530385
,1.8916107
,10.264599
,3.5807
,3.4347734
,0
,0.64632887
,3.4141347
,1.9295086
,6.0199523
,0
,4.1718817
,3.367457
,0.6744453
,2.7593818
,2.1269808
,11.8063755
,2.4414062
,5.0131593
,0
,0
,3.7202382
,4.139073
,3.8382804
,0
,0
,5.611987
,6.1808167
,4.8092337
,7.186776
,0.6345983
,2.9698267
,3.5118525
,0
,7.048541
,0
,0
,0
,0
,8.626775
,11.7785635
,2.684804
,3.3214867
,3.800114
,1.8031013
,0
,3.256666
,0
,4.5001388
,0
,8.909678
,19.601437
,5.96594
,3.379901
,1.4287075
,8.760829
,1.9512194
,15.948962
,0
,5.0462575
,0
,4.3661766
,0
,0
,0
,3.6307526
,0
,2.7516804
,0
,4.6135135
,0
,5.188516
,6.0913706
,5.0791497
,0
,2.463661
,0
,7.0345974
,3.3978934
,1.8853697
,5.9087687
,4.673625
,4.0311747
,5.291628
,4.2040358
,0
,5.9982004
,1.8450185
,0
,0
,1.5046079
,0.77839184
,3.57494
,0
,3.3628519
,0
,4.1207986
,2.1454623
,0.93192303
,1.2464476
,5.1396265
,2.4428973
,2.0860858
,2.2068233
,12.052341
,0
,5.560189
,0
,0
,2.9730935
,2.7495189
,3.7781472
,0
,4.2537675
,1.0549636
,5.7051573
,3.978516
,0.9710623
,0
,0.22082855
,1.7614937
,2.07857
,3.654303
,4.3383946
,0
,0.9644131
,2.2341378
,2.1459885
,3.3489618
,1.4318441
,1.1924636
,3.5369015
,2.3761435
,0
,4.6135135
,8.96459
,2.8659863
,63.451775
,0
,1.2172854
,1.1469204
,5.396007
,2.7762356
,6.257822
,5.688531
,0
,1.9674712
,9.270184
,0
,10.626993
,4.9388137
,0
,0
,1.556178
,1.8350307
,2.5265286
,1.6347883
,2.524509
,0.51875293
,5.839757
,1.6447369
,3.6159828
,2.295895
,2.664535
,0
,0
,0
,7.692308
,2.5442057
,4.718094
,5.1239605
,3.2058132
,0
,0
,0
,3.3419268
,2.1439292
,0.81606007
,5.334519
,2.2605681
,10.115769
,1.2014898
,4.361099
,10.772807
,1.8625443
,0
,2.729506
,2.7855153
,0
,6.6032753
,0
,0
,3.1395204
,1.2051096
,5.298169
,9.209408
,0.86162335
,0
,4.6816483
,125.13035
,2.2234573
,2.237804
,1.9516004
,5.292405
,0.94002634
,5.148668
,7.2311335
,2.0909567
,1.5667841
,4.097241
,0.68690753
,4.6972613
,0
,3.764706
,8.903133
,0
,3.5069263
,0
,0
,4.5662103
,5.632216
,3.7610145
,0.988533
,0
,2.044084
,3.8792768
,4.815796
,6.1591525
,3.6921563
,3.140539
,1.5829047
,0
,7.1976967
,3.743916
,5.733534
,0
,4.106776
,1.7484045
,8.36645
,1.5320975
,1.5167601
,3.221857
,0.9376905
,46.08295
,0
,5.246983
,1.5909634
,4.386205
,5.223023
,4.1476564
,1.8318374
,3.53832
,4.4337473
,7.067693
,0
,2.076987
,5.275454
,1.1671335
,3.787592
,4.6624703
,5.3799596
,7.5710645
,4.626952
,42.372883
,0.61529
,4.8859935
,0
,4.699449
,0
,0
,3.8649833
,3.965697
,0
,4.2287273
,6.385696
,1.3586956
,12.366498
,5.052825
,5.254308
,3.2925062
,0.95648015
,15.815959
,0
,3.6623328
,5.9750543
,4.4177413
,4.3469863
,0
,3.3049111
,3.478261
,0
,4.315181
,12.614885
,1.3729978
,2.2662034
,3.510928
,4.7332797
,3.1529164
,0.24654831
,0
,0
,1.5884782
,0
,1.2921567
,0
,3.2866628
,3.5142326
,0
,3.3405714
,2.0429842
,0
,5.1295204
,0
,2.7492166
,0
,3.3719232
,0
,0.7989454
,7.907222
,1.4737307
,0.84054804
,0
,6.0132294
,4.811251
,0.67856413
,1.6365273
,3.7377589
,0
,5.3724933
,17.636684
,13.550136
,0
,7.4332438
,4.0462427
,10.607266
,7.403386
,1.7529508
,0
,3.7202382
,4.3518205
,5.1692944
,2.3973918
,0
,0
,7.1408167
,3.167118
,0
,5.4505053
,0.85999316
,2.7826734
,6.275888
,3.7850113
,0.97684866
,3.0027456
,1.5697355
,0.7821666
,2.9601126
,1.3067625
,14.144272
,2.800859
,0
,2.6912105
,0
,1.9225223
,0
,4.8634753
,6.64496
,4.187254
,9.0009
,2.273115
,0.59633845
,2.2331398
,1.6249593
,2.9129043
,3.4295905
,0.8177952
,0
,0.5518155
,0
,6.2527914
,0
,4.771394
,2.7233117
,0
,0
,20.128824
,0.4664179
,4.9421763
,0
,13.550136
,4.4629574
,2.4780078
,5.6392903
,8.073818
,0.7174116
,2.9400957
,3.144654
,7.1060576
,0
,4.873888
,1.8860807
,7.346459
,3.9091132
,4.048583
,2.9726517
,22.288261
,0
,3.2997077
,0
,1.6428005
,7.390983
,1.0993843
,0
,4.8245087
,7.2568936
,1.8368002
,7.060485
,6.0401063
,0
,7.882291
,1.7806267
,3.3411293
,3.0286205
,0.88090205
,0
,7.2011523
,1.1268876
,7.8952093
,0
,0
,1.8019642
,1.4325963
,4.4020543
,0
,9.928021
,9.765625
,5.6057305
,0
,4.637912
,3.945811
,2.335539
,3.006916
,4.1339397
,1.8663682
,1.9532522
,2.555976
,5.873469
,1.6425756
,1.9910402
,2.24098
,3.3415012
,3.5932448
,0
,0
,7.713885
,2.7906976
,8.053151
,4.531038
,3.5553448
,0
,0
,0
,7.2909074
,1.0848732
,4.395604
,4.536176
,6.7901835
,1.2090436
,0
,0
,1.257071
,1.4074595
,5.3374
,7.8616357
,0
,4.3572984
,2.8016436
,1.5349195
,0
,0.86192036
,4.454839
,0
,1.2484394
,3.3396416
,6.1164756
,3.7062776
,8.088433
,2.4302518
,5.4953294
,0
,2.7620494
,0
,0
,0
,0
,23.033892
,0
,1.6568636
,3.3171163
,5.4800525
,9.811135
,11.648224
,1.3470433
,1.6917611
,0
,5.907838
,1.8953754
,2.8097782
,3.9543555
,1.941245
,3.0246203
,0.76946753
,3.5052578
,0
,4.273961
,6.65336
,6.4152827
,1.7911516
,2.535497
,0
,0.94206315
,0
,1.4608492
,27.447392
,5.499686
,2.1060944
,10.441138
,3.6379511
,0
,1.2293319
,5.647775
,1.9712201
,6.6889634
,4.330567
,7.574036
,0
,0
,0
,4.1212564
,4.158869
,5.8284764
,3.9535458
,0.6769106
,0
,2.8885038
,0
,0
,1.6493485
,3.2562683
,6.2029243
,1.3255568
,3.1776295
,1.3708019
,5.723443
,5.6507816
,1.0454783
,4.8758187
,0.9202172
,3.9281707
,1.9396133
,4.4398403
,3.6224594
,3.8990698
,0
,2.3432007
,2.3579345
,2.8595939
,5.166231
,3.604383
,9.613844
,2.2060447
,3.3512063
,0
,4.7613378
,6.326889
,3.7018757
,0
,3.846154
,6.771245
,10.02004
,3.4193878
,6.7803683
,0
,5.479452
,4.99875
,0
,0
,5.8754406
,0
,3.0841987
,0
,0
,0.54606014
,2.410074
,1.9368584
,6.1500616
,1.7817901
,3.8051748
,4.606703
,4.910519
,6.6938477
,1.2828736
,3.8077831
,5.90745
,0
,2.0166712
,0
,1.2883278
,0
,2.2150848
,4.6349945
,0
,0
,0
,1.7478443
,4.6502357
,2.3696682
,3.2693093
,6.7804275
,5.78369
,7.21075
,4.7857065
,4.8391
,0
,0
,6.5320663
,0.5503274
,10
,4.665853
,5.25565
,6.7230115
,14.261266
,0
,0
,4.126304
,4.099294
,0
,5.072923
,3.8514206
,9.903169
,7.9586153
,3.7512894
,2.2378874
,2.3967404
,6.9781356
,0
,0
,7.6975713
,4.9366465
,4.585053
,0
,0
,0
,1.600128
,15.497011
,4.7865977
,3.9215686
,0
,6.844627
,2.949635
,3.1899621
,11.316155
,4.0753117
,0
,0
,0
,9.625614
,0
,1.4445648
,2.3148148
,9.960159
,3.2296264
,2.3133867
,1.456452
,0.99532205
,2.8771458
,7.158196
,0
,0
,5.6766577
,1.1235324
,8.182191
,0
,0
,0.6940589
,3.1392248
,7.632617
,1.1936022
,1.867588
,38.251366
,6.4699793
,3.1626804
,8.205689
,5.7224607
,0.71133876
,1.4068655
,1.7393825
,5.4178514
,0
,0
,5.5901055
,4.261061
,6.6666665
,11.379801
,2.4199405
,1.645278
,3.6316097
,6.8282695
,0
,13.427324
,5.870424
,11.686793
,7.413398
,10.574178
,0
,1.3029317
,4.200798
,3.823848
,3.425244
,5.053483
,5.235054
,0
,2.6123302
,3.6172905
,7.8701425
,4.7214355
,5.818464
,17.825312
,0
,0
,1.6233766
,1.7884609
,5.380063
,11.485452
,9.6246395
,5.316321
,3.8376667
,7.747934
,0
,8.450704
,0
,5.276349
,8.453086
,4.1743193
,0
,9.595701
,0.7446016
,0
,4.1934586
,3.1065547
,0.78210545
,0
,7.339749
,5.2718287
,2.2805016
,2.2771263
,0
,4.48263
,20.920502
,10.33222
,3.2459102
,10.282777
,1.8917897
,0
,0
,0
,3.2932653
,3.8513384
,10.244736
,0.92344624
,0.80134624
,0
,6.666667
,1.8891094
,0
,2.8981307
,3.6821563
,6.586169
,2.3877747
,0
,3.9567397
,1.0405827
,0.6541506
,1.0003
,0
,0
,0
,8.719663
,0
,18.348625
,0
,3.557453
,5.852843
,4.573868
,0
,4.6216063
,0.8702463
,1.3192612
,0
,4.178356
,0
,2.0563438
,0
,5.144789
,2.0445716
,6.7170444
,7.7069726
,2.650762
,2.2066936
,1.6719612
,3.1913197
,3.8821247
,5.037149
,3.279979
,0
,0
,1.7274141
,5.034296
,10.958904
,0
,6.3584337
,2.8246307
,3.6245015
,1.8672392
,1.6239917
,3.6873157
,0.8282946
,5.550416
,4.020909
,0.6638784
,5.501947
,7.3355613
,1.108156
,6.8330903
,2.907822
,0
,1.5080682
,2.2427812
,2.8520906
,5.7417054
,9.30882
,0
,0.63131315
,1.5282341
,0
,0
,2.3752968
,5.859947
,5.5710306
,6.2863426
,1.6443311
,1.7499853
,0
,2.6133542
,1.4013454
,3.058338
,1.8178513
,3.5236082
,4.124926
,1.4105368
,8.041818
,0
,6.5155067
,1.8316696
,0
,0.8899964
,1.6798252
,7.189811
,9.932131
,5.0316997
,1.6765865
,0.64821416
,0
,6.9147596
,1.2565972
,2.1241946
,6.5913367
,0
,2.7670171
,0
,1.9042783
,12.832265
,4.8418336
,4.017678
,0
,8.103727
,0
,4.4409904
,0
,1.230315
,3.459729
,6.334125
,3.638348
,5.0939193
,0
,2.2304833
,6.969181
,4.267577
,1.3322675
,0.64796215
,5.9783583
,0
,1.8522635
,1.4332515
,10.898643
,2.7309346
,6.0675006
,1.4486456
,0.318137
,0
,4.0733194
,4.9603176
,3.8208773
,1.19976
,6.767426
,0
,0
,0
,5.247813
,0
,4.114662
,12.1972475
,9.758763
,0
,3.1367629
,5.512462
,3.242542
,5.8577404
,4.688782
,6.273168
,0
,0
,0.75443226
,6.972528
,1.8916703
,0
,0
,2.751957
,1.2565182
,4.768212
,9.275721
,6.913717
,3.0442944
,3.713922
,0
,5.2904453
,9.45052
,4.346206
,3.893323
,7.947862
,3.5975537
,4.8863916
,0
,0.6667333
,0
,2.6366093
,0
,2.257846
,5.566379
,5.188965
,5.5409336
,3.6659582
,3.866976
,5.3751397
,0
,5.5902357
,0
,0
,0
,4.619242
,0
,2.437241
,2.7619224
,4.11218
,0
,8.338143
,7.486631
,3.8828487
,0
,0
,0
,0
,0
,9.307376
,0
,0
,0.9108297
,5.041593
,0
,0
,7.64693
,1.6863406
,4.6184044
,6.1868424
,5.7115655
,6.706908
,4.747298
,0
,0
,2.8615031
,5.4824557
,2.0187068
,10.508341
,0.7978936
,5.3280053
,2.928472
,0
,0
,0
,7.071454
,1.5164152
,3.2472806
,0
,1.3094146
,5.3547525
,0
,0
,0
,0
,4.4898977
,0
,0
,1.852538
,5.9755006
,6.56168
,5.896806
,0
,1.8031013
,2.1800742
,3.2860508
,2.6406126
,3.8270187
,2.918004
,7.70911
,3.7234702
,0
,5.1379914
,2.3618326
,2.5460408
,1.9721922
,0
,2.335539
,7.9779515
,0
,10.687567
,0
,8.046546
,12.511729
,0
,0
,1.874063
,4.938678
,0
,8.000711
,2.709293
,0
,3.204512
,0
,0
,8.097985
,0
,1.3475273
,6.053269
,5.740116
,6.9140353
,1.9275249
,8.7713375
,2.636088
,10.468215
,4.867872
,0
,4.5192633
,0
,0.30610996
,0
,2.3655574
,3.0436766
,1.6420361
,3.0084236
,0
,5.700171
,0
,5.268704
,5.200884
,2.813731
,0
,1.8224896
,3.527337
,1.0161569
,5.1051664
,4.545041
,5.175091
,4.161898
,6.223882
,4.2835727
,7.0699925
,4.5207953
,2.5486367
,0
,0
,5.284171
,7.214357
,2.31107
,6.4167204
,3.4994752
,0
,1.9249277
,2.560601
,1.7258241
,0
,0
,0
,6.4859257
,4.2099357
,0
,2.988771
,3.7449677
,0
,2.361972
,0
,0
,1.4217672
,0
,4.0479274
,4.0326643
,6.730481
,5.8659625
,2.1064456
,4.1759467
,0
,3.1033013
,0
,0
,0
,6.5172057
,3.9149158
,7.0422535
,3.2532668
,0
,6.0598717
,3.2711809
,0
,7.1750717
,6.711409
,0
,8.822919
,0
,0
,3.0966144
,6.118911
,0
,3.4562213
,4.7182174
,0
,2.6593976
,1.5407133
,5.777521
,6.7930937
,7.22142
,0
,3.4188035
,7.270694
,3.8409834
,4.1512914
,8.909387
,3.7038996
,3.1625555
,0
,0
,3.7216225
,118.76484
,3.8431976
,5.8270206
,8.1993065
,0
,4.5480385
,1.5137753
,0
,1.5388166
,0
,6.802721
,5.8146296
,2.1210408
,5.5855517
,1.0955702
,2.9364264
,1.3611923
,0
,3.0744007
,0
,4.589261
,1.7027073
,0
,0
,4.799846
,6.2600613
,0
,1.5756717
,1.8883067
,0
,8.555651
,2.1777003
,0
,0
,0
,0
,0
,6.165675
,0
,3.8624952
,2.8308563
,0.43685293
,7.5389514
,3.3647375
,2.935995
,0
,3.9619648
,2.2507315
,3.7160907
,3.2182798
,8.581236
,3.1820111
,4.4132395
,21.429962
,4.68631
,0
,3.6453776
,2.7013884
,0
,0.74338394
,0.9710623
,1.4724829
,0
,0.9842036
,0.7555152
,0
,0
,3.9128733
,0
,3.0677981
,0
,1.087873
,1.0354111
,16.863405
,14.005602
,0
,11.083744
,3.7316914
,2.8960323
,5.8967752
,3.350645
,2.4809277
,3.805537
,2.009848
,5.81696
,5.4849625
,2.4183795
,3.3923604
,1.3631406
,4.1296716
,2.9631093
,4.767454
,3.381806
,5.995204
,0
,2.38635
,0
,0.66706693
,2.027438
,0
,5.9477515
,5.9859757
,3.2688642
,9.850451
,6.40615
,4.534633
,0
,3.2185388
,0
,6.384065
,3.6491911
,3.0067954
,0
,4.0254407
,4.2657566
,4.997501
,33.800095
,0.66144127
,0.780823
,3.2778826
,0
,7.974971
,1.7858738
,2.743108
,0
,1.4990256
,7.937503
,5.012741
,3.2318878
,2.5896003
,0
,8.051067
,4.443786
,1.7548476
,0
,2.480005
,5.251641
,8.04074
,0
,0
,3.9895132
,0
,0
,1.7523364
,15.641294
,3.2646399
,0
,4.3140635
,0
,3.509593
,0
,1.3053126
,5.529444
,0
,0
,5.736138
,1.6175995
,2.2349365
,0.8679049
,0
,0
,0
,0.8282946
,0
,4.5100913
,0
,0
,5.4654765
,0
,9.955201
,1.7365633
,5.5741363
,1.2876642
,3.9290159
,6.7483974
,0
,0
,3.877472
,1.7818166
,9.638554
,5.2933393
,3.0826142
,4.5022736
,3.8649833
,2.8705387
,0
,2.1722603
,0.87769336
,6.055468
,2.1357253
,1.8360415
,5.303633
,6.98099
,8.829048
,3.273108
,3.0656037
,6.744742
,2.3171391
,3.5204184
,3.4832284
,9.270704
,1.7308524
,6.8210373
,4.6268754
,0
,0
,0
,6.776598
,13.837638
,0.85822177
,2.8787522
,3.6954916
,0.41339397
,3.3681376
,1.7014519
,8.359054
,0
,15.267176
,4.247728
,8.037998
,4.767353
,0
,15.205271
,2.1647365
,3.099814
,5.504587
,2.1876094
,0
,0
,0
,6.059137
,0
,3.73599
,3.7037036
,3.472825
,0
,0.63920224
,3.1806614
,6.0958714
,7.0323486
,8.520791
,6.3336234
,3.170577
,3.4208503
,1.3982103
,0.7529554
,6.0132294
,3.701236
,0
,4.086804
,4.2040358
,5.334282
,5.6759057
,6.681057
,4.2176294
,1.818595
,6.3890104
,0.8303234
,4.199328
,4.7704673
,1.3312033
,0
,0
,6.955485
,6.5850124
,10.449321
,5.1975055
,5.6412187
,0.8580008
,1.1644833
,8.966599
,1.9076687
,6.9013114
,0
,7.492975
,2.5644312
,2.1990104
,3.5876584
,0
,6.7430882
,7.901272
,0
,4.1883063
,1.440507
,0
,0
,7.0195966
,2.2228808
,4.8492455
,2.1148355
,0
,1.8964536
,6.4293647
,2.918004
,1.0919813
,6.8465014
,0
,7.365804
,0
,1.9638649
,4.435573
,1.7561319
,10.393209
,1.2947497
,12.449424
,3.868285
,0
,2.6867275
,3.5502958
,2.1263928
,8.65188
,4.0432043
,1.6148567
,0
,2.5056376
,1.0225995
,1.6194856
,0
,0
,0
,4.1241364
,1.9080329
,3.6644802
,2.7262812
,7.105943
,1.9868865
,1.9308747
,3.0950172
,3.3203287
,0
,4.8123198
,1.6060387
,2.1110408
,6.7628493
,3.0337503
,0
,2.9745305
,0
,4.189359
,0
,6.542124
,3.6392748
,0
,0
,4.297994
,0
,5.7045064
,20.627062
,2.5337837
,6.4214826
,1.8350307
,3.6424186
,0.2587925
,3.7490044
,4.897559
,1.2090436
,0
,1.7274141
,1.0885539
,0
,2.7641108
,10.509722
,0
,7.1516647
,4.656216
,0
,7.4153414
,5.129374
,3.186743
,4.718094
,0.9408223
,8.347941
,1.6317207
,2.3622048
,0
,0
,0
,0
,4.613965
,0
,1.0690614
,0
,2.6929984
,3.1739314
,3.965107
,0
,1.4289117
,6.167763
,3.3156497
,20.993702
,5.595275
,2.5813112
,3.0147724
,0
,2.2919135
,1.0619657
,1.8088635
,1.8888416
,4.747211
,8.005604
,5.010199
,0.881601
,2.2468545
,0.75895566
,4.7187123
,0
,2.5213528
,3.8940809
,6.703536
,2.2815423
,1.1660448
,0
,1.4838997
,4.8217945
,2.1015468
,0
,3.8659792
,0
,0
,3.0902348
,4.4503784
,0
,0.81886667
,3.6483035
,0
,3.431709
,1.9485581
,0.5425936
,0.909587
,3.8276467
,13.097577
,0
,4.425268
,12.081347
,1.8923266
,0
,6.007359
,5.8227153
,1.5940067
,2.4317589
,0.80932343
,1.5493666
,4.939247
,2.7327738
,0
,3.6199095
,3.9242618
,3.865108
,0.99186665
,0.7859164
,1.9065777
,0
,0
,1.2791541
,0
,1.3221393
,6.091618
,0
,0
,5.4342904
,8.958968
,2.8093834
,4.323857
,0
,11.90299
,0
,2.023636
,0
,1.4863257
,2.633398
,1.4821402
,4.056795
,0
,5.1740704
,5.7093916
,1.6231132
,0.9126586
,0
,4.718094
,7.039584
,1.5931178
,0
,4.710759
,0
,3.39597
,2.9364264
,0
,3.925674
,6.169031
,0
,0
,2.7356038
,1.0427529
,5.857802
,2.5609834
,4.157313
,7.054176
,3.7721615
,0
,0.68054986
,0
,3.4254117
,0
,6.866111
,0
,5.168627
,3.9731414
,1.5922298
,0
,5.381166
,7.618467
,6.577505
,2.900232
,6.915629
,0
,4.791567
,0
,1.2909888
,4.576659
,0
,1.9186493
,7.1140623
,4.967005
,7.59686
,5.303914
,0
,14.981273
,3.113325
,0
,11.834319
,5.908856
,3.3090668
,5.6437955
,2.2131238
,6.6616707
,0
,0
,4.3673735
,0
,0
,7.621225
,1.5774115
,0.8317392
,0
,4.134699
,1.2413108
,2.347969
,4.530353
,0.69705844
,2.370792
,1.340303
,0
,3.886514
,4.1050906
,0
,0
,3.2480714
,0
,2.0731833
,6.9658675
,0
,0
,0
,2.4948025
,3.2283058
,3.0131373
,2.0242915
,4.8617444
,3.2698438
,0
,3.9964032
,3.873824
,0
,0.4857906
,6.135507
,0
,2.4394212
,0
,1.6442862
,0.6660894
,5.2147837
,10.343638
,13.694394
,4.145937
,3.3104362
,0
,0
,0.9202172
,3.2513716
,0
,2.2629554
,5.571807
,0
,5.5126796
,4.8128986
,4.9928675
,0
,0
,0
,0
,5.056464
,1.3607293
,4.9771876
,2.4429967
,0
,3.3475604
,4.150669
,2.4869437
,4.318411
,1.2400025
,4.050018
,3.620128
,2.9946845
,5.8465858
,6.688715
,4.5207953
,0
,3.1367629
,6.8163233
,2.7333071
,6.681812
,4.273836
,5.298013
,0
,1.6458197
,3.2820063
,0.42800888
,6.6084146
,0
,0.5100349
,2.156412
,0
,0
,1.0169836
,7.4738417
,15.108023
,0
,4.243336
,3.4146008
,5.028342
,6.746424
,5.3797183
,0
,0.697496
,3.6406
,0
,2.8320591
,0
,0
,5.0303755
,6.550791
,0
,10.348396
,2.6607537
,5.256242
,5.0537868
,0
,0
,5.7400575
,0
,0
,0
,3.021091
,6.287331
,0
,0
,0
,0
,5.0144167
,0
,5.439428
,1.4567349
,1.6305233
,1.1462632
,3.5269222
,0
,0
,4.2603955
,2.5100403
,2.4313154
,4.2027674
,0
,7.058586
,0
,6.65976
,0
,7.5924907
,5.859604
,3.1052043
,5.4386077
,0
,2.698327
,56.882824
,6.6704297
,1.6666666
,2.8524566
,8.286148
,2.5571086
,5.210029
,5.1519833
,9.741051
,2.3164234
,0.8071025
,3.0279174
,0
,1.3904338
,0
,1.9107672
,2.7767494
,5.6090493
,0
,2.8893383
,5.5781336
,0
,3.3575826
,5.6785917
,0
,6.3678045
,2.6191723
,9.087237
,8.059642
,3.0088763
,6.0195637
,7.0785723
,4.416961
,2.4805686
,4.018889
,10.845987
,0
,5.7999835
,2.9200277
,4.952456
,0.74604595
,2.6411705
,0.90106326
,5.5964184
,3.0845158
,6.075949
,0
,6.2145576
,0
,0
,0.26676625
,5.832361
,3.7715921
,0
,0
,0
,6.2586055
,9.229349
,2.4132106
,0
,4.457321
,0
,0.64745873
,10.67116
,1.7075531
,4.2955327
,2.706543
,3.645791
,0
,5.016303
,2.149151
,11.337868
,2.991922
,2.4479804
,0
,4.63113
,0
,4.4016504
,0
,3.2145727
,1.8926848
,0.6615069
,0.4785376
,0
,2.5155122
,0
,0
,4.7566195
,3.9975288
,1.278282
,3.7927635
,1.7559261
,2.3489342
,3.2564008
,2.340276
,7.822431
,8.866558
,0
,3.4202652
,0
,6.300403
,5.3556128
,4.051043
,3.287527
,3.6616626
,9.06721
,0
,0
,1.9980419
,0
,5.5401664
,6.9354997
,0
,0
,2.0905194
,0
,0
,2.033347
,2.1441972
,17.87995
,5.554233
,3.7302299
,0
,3.2554438
,4.389265
,0
,7.4066763
,0
,8.507018
,0.8961778
,0
,0
,0
,0
,6.0096154
,13.8957
,1.26807
,4.138074
,1.3993843
,1.377546
,0
,2.53464
,0
,4.111166
,0
,0
,3.485535
,7.9279275
,0
,5.3439565
,17.53617
,4.8859
,0
,5.9468746
,0
,3.07574
,0
,4.1710906
,2.100399
,3.0201342
,24.350649
,0
,0
,8.307856
,7.0010705
,0
,0
,4.0390983
,6.481348
,6.7150965
,0.8764242
,9.930487
,0
,8.766501
,13.109596
,3.7587929
,3.443526
,2.4557955
,4.9609885
,4.010312
,3.4638033
,6.194142
,10.464841
,1.2616705
,4.3470163
,7.4626865
,0
,66.51885
,0
,9.928296
,0
,4.512296
,0
,0
,4.8666534
,4.440103
,6.426735
,4.024955
,6.6859818
,2.4418037
,2.5844245
,0
,4.872107
,7.525484
,5.4392166
,5.6748323
,0
,2.1340163
,0
,1.1892021
,7.7417355
,2.8526602
,6.764236
,2.2725205
,4.6812096
,7.2156577
,2.7674
,0
,1.9646366
,2.883922
,0
,5.2118235
,6.132618
,0.8293937
,0
,4.6636353
,1.0952302
,4.5731707
,3.0835648
,2.1417863
,0
,33.407574
,4.1988583
,3.8372984
,0
,32.786884
,0
,1.7821076
,0
,0
,0
,1.7257
,4.6104198
,2.6198585
,6.185127
,3.507695
,0
,6.5844345
,20.009235
,0
,1.4833494
,0
,3.871717
,0
,0
,0
,8.17556
,3.7605295
,5.580011
,6.8034925
,4.2069836
,0
,8.841733
,1.7711655
,0
,1.7558235
,0
,7.1123757
,9.594804
,3.954132
,0
,7.5849514
,5.099439
,2.572678
,2.3736055
,0
,6.0839586
,1.1516757
,0
,2.1349275
,11.990408
,1.8805829
,7.164057
,2.3329058
,0
,1.0989252
,6.784721
,2.253572
,5.3340445
,1.4449823
,5.3973823
,1.3449899
,3.376382
,7.2421784
,2.617801
,1.1626556
,0.8421762
,9.174313
,1.118193
,2.374451
,10.639712
,1.3202192
,11.431021
,1.0605578
,1.362955
,0
,2.2547915
,2.7203481
,2.8829522
,0.818364
,0
,0
,1.0178117
,1.5682584
,7.135849
,6.0096154
,2.4252224
,0.80567193
,9.737098
,3.3288949
,6.238303
,0
,4.720625
,7.0187755
,3.2126303
,6
,3.7817905
,2.3571007
,4.9016175
,1.3267878
,5.6834326
,0.50499946
,1.1030831
,0
,3.96668
,0
,4.713646
,2.682835
,5.666793
,6.111224
,8.572936
,0
,5.878895
,0
,8.05153
,0
,3.8580248
,0
,0
,0
,4.741209
,0
,2.4340773
,3.8921866
,2.9557378
,2.1486893
,2.254029
,1.9819249
,0
,0.91844237
,0
,3.1631806
,4.042504
,1.0066439
,4.1240516
,5.0408306
,1.2797543
,4.1036463
,0
,0
,1.7278618
,0
,0.8287064
,4.7534165
,0
,17.90831
,3.3255737
,4.0983605
,2.8054426
,5.689361
,0.5411988
,5.184571
,0
,4.4667783
,1.0689471
,3.5628397
,3.6436508
,4.4016023
,3.0590394
,2.5474463
,3.1676645
,3.1490722
,6.151953
,15.767019
,0
,6.536112
,4.7281322
,11.408083
,0
,0
,5.586592
,2.3167813
,3.354354
,4.6492705
,13.342228
,0
,5.8083253
,3.0835645
,2.3391812
,1.3190002
,3.0487804
,3.743916
,0
,5.410001
,2.9169402
,0
,0
,0
,2.7862916
,2.9007368
,2.5161452
,7.606491
,7.0407662
,8.805401
,3.2824552
,9.027493
,1.9952114
,0
,0
,2.6822596
,1.9998
,2.5706942
,4.5794535
,4.073873
,11.595163
,0
,5.644615
,8.076819
,1.5134318
,0
,7.36377
,9.668662
,3.699593
,15.413599
,1.8336847
,5.890582
,2.3494399
,0
,2.6508791
,0
,6.063546
,0
,2.2145126
,0
,3.57494
,0
,2.5744002
,4.317323
,4.103593
,9.7307825
,0
,0.7165891
,5.018065
,0
,2.804459
,2.2508328
,12.088
,0
,0
,2.5396824
,2.6999662
,0
,4.3961563
,1.771793
,0.7686395
,6.0291815
,3.3590863
,0.8119519
,1.6625105
,3.5454705
,5.0380654
,3.8834953
,0
,0
,6.3767376
,0
,4.6051116
,0
,0.8184646
,0
,5.3896737
,0.75809264
,5.181591
,5.712653
,1.0960106
,4.219113
,0
,1.7934003
,4.7732697
,10.685663
,6.8809595
,0.87734693
,1.6886188
,0
,2.9650128
,6.827492
,8.916935
,0
,4.594415
,0
,3.798911
,2.3408241
,4.3026175
,2.2542832
,11.706861
,7.5998344
,17.74623
,0
,1.9029496
,5.081516
,0
,10.408921
,3.298697
,6.5316787
,6.5514703
,0.719528
,2.77585
,13.015184
,0
,5.8496637
,4.678144
,0
,0
,7.3313785
,2.4073184
,0
,0
,7.099752
,7.456426
,0.9888263
,6.9626694
,11.462834
,6.551172
,6.990563
,1.6364827
,2.1891418
,0
,0.58078754
,7.0837655
,0
,4.609711
,9.227712
,4.1135335
,0
,5.7903876
,0
,2.6963868
,1.7980223
,3.7965071
,2.41955
,2.986189
,7.732132
,5.935305
,2.1675518
,7.156147
,0.6696578
,1.365312
,3.858521
,2.640264
,4.4670777
,1.5547264
,0
,1.1211705
,0
,1.4823599
,1.558968
,4.2689433
,3.1989763
,0
,1.3914012
,3.3156497
,8.282717
,0
,8.535734
,1.1749501
,4.6028404
,5.806189
,0
,0
,0
,10.448328
,4.9714146
,2.1099272
,10.037197
,2.3372676
,3.1908107
,0
,6.6956816
,0
,0
,0
,7.077141
,2.353495
,4.0379567
,0
,1.6556292
,2.0806603
,0
,7.5421886
,1.7676173
,1.763202
,9.473541
,0
,3.925995
,3.287774
,1.7900829
,2.9946845
,0
,2.18436
,2.0662105
,3.9264963
,1.4587891
,7.3219843
,4.030308
,3.4576156
,4.5000453
,2.5766554
,4.0019207
,2.9910269
,1.843148
,0
,0
,6.7052217
,3.0456853
,0
,3.7320397
,5.757881
,0
,1.7637463
,6.4892926
,2.1277728
,4.326663
,0.748503
,0
,9.375977
,6.9869
,0
,6.7463374
,2.975482
,0
,5.907256
,0.7802746
,4.667444
,1.3663069
,4.4436545
,1.2748598
,0
,3.1467981
,1.1860989
,0
,0
,2.7708507
,1.4858842
,1.8935807
,0
,3.1615555
,4.027792
,3.6374974
,0
,2.8379529
,5.931198
,0
,0
,1.3544629
,1.711889
,1.0739985
,2.5424592
,0
,3.5087721
,0
,5.4614964
,1.4222727
,0
,5.513982
,2.3619025
,0.7830241
,1.0263779
,4.095563
,0
,0
,2.6881719
,3.11042
,0.79132706
,4.6707144
,1.8717828
,4.5783353
,5.891174
,4.774409
,3.615547
,0.86460316
,0.7798487
,0
,3.5864496
,7.5779657
,1.7812611
,7.793625
,3.4678874
,2.7372265
,1.9113151
,5.0575294
,3.5850859
,1.961297
,3.863689
,1.4050864
,3.3286178
,0
,3.2249148
,0
,4.007213
,0
,0
,5.464149
,0
,0
,5.1424456
,1.1845534
,2.96846
,2.453185
,5.8496637
,3.4614055
,2.3034651
,0.76852137
,3.8560412
,2.4588149
,8.34426
,2.4658887
,0.68455637
,3.70062
,0
,1.9636722
,5.1270366
,0
,2.6499426
,5.9214425
,0
,4.723665
,0
,1.9503316
,3.748126
,11.890606
,0
,0
,1.3888888
,7.720815
,8.844339
,2.4090579
,12.398158
,8.314527
,3.6686478
,0
,6.3264446
,0.50027514
,9.10581
,0.8963384
,2.7359781
,4.2881646
,0
,0
,2.7443876
,2.8422549
,5.3726306
,3.6726127
,7.486631
,0
,9.426339
,2.570694
,0
,0
,4.5748644
,4.479952
,8.115785
,0.969462
,2.1794803
,0
,0.20152758
,0
,4.182788
,8.858965
,3.742515
,1.2385435
,21.762787
,0
,5.486216
,3.3126295
,5.9967446
,0
,5.439428
,4.5142198
,0
,2.7231262
,1.9988008
,4.193224
,0.9789525
,6.277464
,2.174622
,3.2646208
,5.3759828
,5.1786637
,1.3711778
,8.710802
,2.0527558
,0
,6.8252735
,3.350645
,3.4611657
,1.3835086
,0
,0
,4.069452
,1.1022928
,1.3681762
,1.4560809
,2.295684
,0.21715054
,0
,0
,0
,2.1802325
,5.715219
,4.6669
,3.2851512
,2.3485205
,96.24639
,3.638348
,3.4344592
,6.4486413
,1.9125946
,7.41412
,5.41614
,6.075334
,8.646779
,0
,1.3129389
,0
,3.7537537
,41.436462
,2.708009
,0
,0
,4.519161
,0.82726675
,5.628367
,0
,0.87757784
,0
,2.4883876
,2.0535288
,3.9680789
,0
,4.1115346
,0
,2.5207965
,0
,5.8046727
,0
,3.60848
,9.614229
,2.154708
,1.8494544
,2.8169014
,3.2567985
,3.6664128
,2.2446687
,0
,2.5766556
,3.4598086
,2.422732
,1.4579386
,1.6204829
,7.8369904
,2.97442
,6.3475943
,1.5954561
,6.785576
,4.743833
,5.341167
,0
,14.118596
,8.048937
,2.659044
,0
,0
,4.226543
,0
,4.7432704
,3.3180075
,1.8552877
,4.6189375
,1.6481252
,0
,4.9748774
,0
,0
,0
,1.5556939
,0
,3.933137
,5.2714815
,0
,3.7498124
,3.6204007
,0.9085953
,1.1174432
,3.3000576
,2.4298384
,2.5885658
,1.5929909
,7.622597
,1.7643945
,5.2188663
,3.6127167
,3.2258065
,3.194888
,4.637789
,0
,2.9234066
,7.1562753
,0
,1.85374
,0
,5.7454753
,18.816036
,3.5001748
,1.170275
,0
,4.0753946
,0
,0
,1.2799181
,6.4246707
,4.9107876
,6.8466353
,3.591954
,0
,1.1883541
,7.25492
,2.1866288
,5.365218
,0.6744453
,0
,5.878895
,1.3354701
,5.5061026
,0
,6.7549314
,2.1503835
,5.038291
,3.6748493
,0
,0
,5.5235057
,3.374958
,8.96861
,3.3204942
,0
,2.2380126
,5.6200824
,0
,5.3547525
,2.459823
,4.536519
,0
,3.3163097
,10.560676
,8.053383
,3.152585
,1.5199878
,7.8777375
,0
,3.1184223
,2.9355645
,0
,4.641448
,11.2143545
,0
,9.72973
,1.3679891
,0
,6.8197317
,2.0894275
,1.5893198
,5.3466406
,5.3607807
,4.6165385
,6.3331223
,6.454215
,4.2183414
,5.529954
,2.4116726
,2.3640661
,2.2773855
,7.5367417
,7.36377
,1.6810961
,3.0559235
,6.150818
,1.3612851
,5.012303
,1.6941973
,1.3213531
,0
,3.4213767
,0
,0
,0
,0
,3.8525748
,0
,0
,6.0372806
,2.8542073
,0
,1.0760788
,2.046664
,1.4070635
,3.2197824
,3.3066049
,6.2617407
,2.623295
,1.4132278
,2.8445454
,0.88187313
,0
,0
,0
,2.6807256
,5.338214
,0
,3.3384523
,1.3394053
,3.9603958
,2.1671603
,4.802209
,3.3178499
,3.64786
,2.145309
,15.500443
,5.3267045
,2.2251892
,3.611412
,0
,0
,0
,4.4464207
,0
,2.1825721
,3.2920005
,1.3276687
,0
,12.522828
,8.243405
,0
,0
,2.3661172
,28.571428
,4.0114994
,7.075472
,3.724549
,2.338452
,0
,5.2414827
,2.5138261
,0
,1.8047826
,1.8901806
,6.574622
,0
,9.305727
,0
,7.181094
,5.345878
,0
,7.2046113
,7.0704694
,4.583322
,4.1937513
,7.0307007
,1.5509287
,5.91786
,0
,3.1670625
,3.4551597
,0
,0
,1.9813751
,5.9886217
,0
,0
,3.2927232
,4.8586144
,0.25040692
,0
,3.888403
,3.0335202
,14.148719
,1.137139
,7.4794316
,0
,0.65053344
,1.8948365
,8.376212
,4.517936
,0
,0
,3.41968
,0.8742787
,3.3772376
,0
,0
,8.907604
,6.780915
,4.1017227
,4.9862876
,0
,0
,3.0759766
,3.7912896
,1.6931933
,6.391478
,3.335557
,9.338813
,0
,7.2920465
,0
,4.0580297
,0
,0
,6.6862793
,9.022765
,2.6111364
,6.061341
,39.304924
,3.6133695
,3.919455
,1.3902406
,5.0615826
,3.7974682
,5.9637403
,6.1056275
,1.7439831
,3.620684
,91.57509
,4.0689
,3.242332
,0
,4.4883304
,6.707551
,0
,7.4445047
,9.473809
,0
,6.619229
,1.5569048
,7.424456
,9.597953
,0.97059107
,3.7619913
,0
,2.0810573
,0
,4.8732944
,3.1936977
,1.3982103
,2.2087245
,0
,6.2298827
,11.327361
,0
,0.60529023
,0
,0
,3.4754403
,2.0992231
,2.6288118
,0
,0
,3.0919867
,0
,2.5059516
,2.1528525
,7.854774
,5.0665565
,1.2833675
,0
,0
,0
,2.974715
,3.4495735
,1.6349219
,11.043623
,0
,0.94259596
,6.2996097
,0
,4.7738395
,1.4682132
,6.2863426
,3.5383615
,6.012713
,6.2513022
,3.089996
,4.460569
,3.3318527
,7.811144
,5.3393846
,4.5214767
,0
,4.652399
,6.002401
,3.011504
,0
,3.055612
,6.5210304
,1.7838031
,0
,4.8014264
,1.9669551
,1.077238
,5.661802
,1.8204988
,3.8402457
,4.394059
,6.2078753
,0.6471235
,0
,0
,0
,1.1256825
,4.7778306
,10.869566
,2.74784
,0
,3.6424565
,0
,1.142074
,3.880983
,0
,6.9881206
,1.4161297
,0
,4.287377
,9.885819
,5.1813474
,0
,3.3723562
,4.1778073
,10.336273
,0
,3.704733
,2.2927015
,5.8518033
,3.2546787
,2.2746475
,3.591524
,0
,4.7943234
,0
,1.0559661
,2.8197608
,8.795719
,0.5598634
,3.4599683
,5.825997
,4.2404323
,0
,3.2650394
,0
,3.0421028
,5.213311
,7.667405
,2.1904204
,3.820034
,4.657011
,0
,1.0463535
,0
,3.726708
,0
,4.731115
,1.656452
,0
,3.883495
,5.7156854
,0
,3.426124
,0
,4.250496
,1.2427248
,14.932802
,0
,7.854842
,2.6467862
,1.601281
,1.7397962
,5.0587378
,2.8874612
,5.502568
,0
,1.1824523
,0
,5.9329576
,0
,3.332963
,1.4698317
,2.508781
,4.5213065
,1.4374012
,6.081903
,10.345274
,3.9856517
,8.513982
,4.936748
,2.4796975
,0.79308426
,4.2965875
,5.173306
,3.0532022
,0
,6.671519
,1.7450484
,5.2882075
,4.5111547
,1.3856173
,2.0439448
,7.3617377
,7.5639787
,2.8935184
,1.0362694
,2.8818443
,0
,5.0708103
,1.1385632
,7.5888987
,7.423905
,3.803366
,0
,0.38216075
,4.10105
,17.578812
,5.8105755
,5.0428643
,4.003494
,3.5191443
,2.8184893
,0
,6.533436
,3.0329895
,0
,6.0620756
,3.1430068
,1.8134558
,0.804074
,1.8953754
,2.8908
,4.9109883
,6.05877
,0.7471608
,3.9422848
,0
,9.383614
,0
,2.6251314
,2.1773448
,4.8221817
,4.480733
,0.38403934
,0
,8.457375
,0.22745365
,6.4744473
,0
,1.9791529
,0
,0
,0
,8.434074
,14.492754
,0
,10.281844
,5.0571156
,10.002223
,0
,0
,4.021879
,0
,2.403384
,0
,0
,0
,2.1253986
,0
,1.7195919
,0
,10.986328
,5.3898673
,5.517343
,2.4106066
,1.4013125
,4.5985146
,4.097241
,0.99970007
,0
,3.8860822
,0
,13.823905
,0
,0
,4.695387
,4.9547877
,0
,0
,1.2543904
,44.94382
,0.9633911
,10.125557
,0.97304666
,8.883624
,0
,6.646217
,0
,5.053483
,6.3948836
,5.3779964
,9.797747
,1.310616
,4.225114
,6.3665304
,5.825808
,0
,4.7214355
,5.6003585
,5.810093
,8.1686
,4.4503784
,2.3803856
,8.186655
,6.425359
,2.9738302
,4.9182343
,1.7958695
,7.773632
,0.74638003
,0
,5.417118
,1.28123
,7.1873503
,4.305149
,4.413063
,9.200479
,4.205922
,7.4732833
,0.983405
,2.290531
,3.0051086
,6.274241
,5.4774513
,6.9892054
,0
,9.693836
,3.6032789
,0
,2.1962335
,6.4279156
,2.6312327
,9.693948
,3.3079722
,0
,4.562044
,6.087868
,0
,1.6355904
,14.084507
,4.224757
,8.634088
,5.67169
,4.8416104
,5.1366014
,10.809977
,4.6807714
,0
,3.0439084
,3.7748508
,0
,3.8996491
,0
,0
,3.2067435
,2.3025558
,0
,4.355401
,4.221784
,3.4147177
,4.421518
,1.1158223
,1.8684255
,9.9681015
,3.2812705
,2.0566459
,0
,3.4407616
,2.841878
,0.5905628
,4.8068256
,4.649541
,2.303263
,0.87634736
,0
,5.479023
,0
,3.021947
,0.90106326
,0
,1.7157073
,0
,6.7105083
,0
,11.426939
,4.8875856
,4.471181
,1.056524
,0
,2.1512315
,0
,1.6610376
,0
,2.2024007
,0
,3.5490358
,4.8508368
,9.321493
,0
,2.6297336
,4.0412207
,2.2737608
,1.7792803
,2.689377
,1.7238407
,1.0845987
,1.3114755
,6.237747
,1.7373174
,5.24965
,3.889537
,5.063291
,0.35130864
,2.4148755
,0
,1.0688329
,3.4974818
,2.7034335
,2.8662875
,0
,1.6260692
,0
,0.87407494
,0
,0
,5.677947
,4.552905
,0
,0
,0
,0
,0
,8.764242
,0
,2.4746351
,4.60856
,0.98687464
,6.8368278
,3.7885964
,12.432013
,2.8488
,0
,0
,4.3108516
,5.5543213
,6.152584
,0
,2.8301353
,0
,4.102003
,4.3987465
,0
,4.8200517
,0
,4.431969
,0
,3.919007
,6.372674
,2.3706515
,0
,0.736377
,3.9240308
,0
,0
,0
,3.705625
,7.125737
,6.643047
,2.3290117
,4.985459
,3.1889207
,4.039384
,5.20111
,0
,6.486837
,3.949135
,4.097731
,1.1734335
,0.85416543
,0
,0
,9.242754
,1.4637003
,11.148272
,0
,5.8207216
,0
,2.5018766
,3.8610039
,14.719657
,3.7285607
,5.9006996
,3.2251823
,0
,0
,0
,6.786716
,0.8011536
,10.595466
,1.7761989
,1.5676439
,1.5508685
,4.1179376
,6.5564427
,2.209066
,3.8077104
,0
,1.1217364
,2.6581607
,3.88249
,3.280481
,3.1668954
,0
,2.4073184
,2.3518345
,0
,3.8281908
,2.207993
,1.0053282
,0
,2.1190932
,2.3301876
,0
,2.7001486
,3.900494
,40.65041
,1.2293067
,3.7348273
,0
,3.1976125
,0.72553146
,0
,1.6315875
,0.8583691
,2.2965627
,5.5845127
,2.7425814
,6.5283985
,10.035124
,2.0174074
,2.7972028
,1.4498357
,0
,2.9574862
,0.9951239
,0
,1.7522341
,0.5888241
,6.3877354
,1.7664723
,3.019584
,0
,5.3304906
,3.7991035
,7.385204
,2.730189
,4.4365573
,0
,0
,2.4166265
,16.638935
,0
,0.8643043
,3.1236057
,7.464446
,5.4758515
,3.8666022
,5.3102045
,3.4011679
,1.6241676
,5.4706593
,1.998601
,7.134518
,3.1608891
,0
,0.62492186
,3.0959752
,2.039845
,0
,3.7579856
,1.2906556
,60.82725
,0
,0
,0
,7.460394
,0
,0
,1.7522341
,1.8597732
,0
,0
,3.830684
,2.6627612
,3.8361208
,4.1711855
,0
,0
,0
,8.463021
,6.8681316
,2.5926888
,0
,4.2271385
,3.7974684
,3.0465515
,0
,1.6009392
,9.708738
,5.02008
,9.717124
,8.5653105
,1.2510947
,2.9165857
,3.7436357
,11.115521
,0
,6.4235244
,0.50157994
,5.983724
,11.678346
,2.2372615
,9.90991
,3.439578
,6.608761
,3.652301
,3.0625527
,0.75540113
,3.0944698
,3.3118064
,4.996253
,5.6193304
,0.9618159
,2.7757215
,3.282994
,0
,1.4865468
,0
,5.4371467
,0
,11.349665
,8.880995
,0
,0
,0
,0
,4.930156
,0
,0.5548774
,11.50748
,4.305705
,2.5476408
,4.225114
,0
,0.7416747
,10.106114
,2.0226538
,0
,5.2283025
,0
,1.3119916
,4.830918
,4.341115
,0
,2.8276544
,3.512058
,0
,10.371054
,0
,15.176278
,3.074558
,3.647543
,3.7495313
,2.2517452
,0
,2.446184
,0.9942334
,1.8391229
,2.4539878
,0
,2.3368125
,3.326364
,0
,0
,1.713894
,1.7571603
,2.4239485
,5.0558243
,6.242197
,5.480739
,5.8139534
,1.7884822
,5.196245
,1.1100011
,15.6669655
,0
,0
,3.0873725
,3.0821393
,7.102731
,3.0241935
,0
,4.767064
,4.713646
,54.832077
,0
,1.2780098
,12.533175
,2.7862914
,0
,0
,1.7744654
,3.4102535
,6.3016386
,1.3749485
,6.53046
,5.421156
,1.545834
,1.593287
,5.8023
,2.545393
,8.108328
,7.1210155
,4.2589436
,6.182107
,5.0386295
,0.67535627
,1.6687989
,7.038949
,0
,0.304414
,0
,0
,2.2200844
,4.462891
,1.3090719
,0
,0
,0
,1.6567264
,0
,0
,2.1116648
,5.4652276
,0
,0.4803997
,0
,0
,7.419315
,8.832808
,1.3963879
,2.8636882
,0
,4.6358
,11.342155
,5.5139456
,0
,2.5585263
,0
,69.03353
,3.219575
,0
,0.50002503
,1.3989928
,6.7980967
,0.27736172
,1.8119223
,5.5670834
,0
,1.7105713
,4.050952
,0
,0
,2.6612258
,4.2260323
,10.8059435
,5.1282053
,0
,0
,2.100399
,0
,6.278027
,95.75923
,4.9683266
,3.7505863
,6.957732
,2.4962556
,3.4447124
,5.8401465
,2.1681
,6.6943364
,0
,3.6733196
,3.9771974
,5.1770554
,0
,6.9789762
,0
,0.87611705
,0
,2.4267426
,0
,1.7085254
,0.7471608
,3.0846214
,5.6214867
,5.477094
,0.903914
,5.5549383
,2.5595086
,1.3863857
,0
,0.9203019
,5.4550576
,8.890206
,4.098921
,0.8265146
,3.3647375
,3.0804777
,3.589891
,0
,5.3797626
,3.123048
,1.6880486
,3.7178178
,0
,0
,4.053301
,0
,2.826775
,5.640158
,0
,5.7945824
,10.957903
,5.0948925
,2.570694
,1.4909796
,2.9741988
,4.7702923
,6.5199676
,0.91797864
,8.503401
,2.4293466
,0
,1.0748066
,8.1551285
,0
,7.281049
,3.5488257
,2.617527
,9.895479
,5.0215926
,0
,5.71837
,0
,0
,0
,1.5496669
,0
,0
,0
,4.3787627
,6.053562
,0
,10.542592
,2.2504783
,1.5405649
,0
,5.962585
,0
,0
,5.2904453
,0.49463326
,0
,0
,17.825312
,2.2275848
,6.170554
,10.91703
,0
,2.189861
,1.7436793
,0.34195048
,0.8380825
,0.9310987
,1.2658228
,8.562458
,5.563592
,5.185108
,5.0056314
,3.9422848
,0
,3.022061
,1.1611705
,3.8959773
,0
,0
,2.944517
,7.2907553
,8.270444
,4.7532625
,0
,3.384381
,5.326074
,2.0399837
,3.5321128
,3.8126361
,1.7533094
,11.626941
,0
,7.468957
,4.83559
,15.760441
,13.539127
,6.185822
,1.664032
,1.9308747
,4.0753117
,0
,0
,1.2840267
,4.111842
,4.086485
,0
,10.223641
,1.8045113
,10.32573
,5.8288646
,5.9329576
,3.736688
,4.52635
,4.8325853
,4.7379074
,7.523322
,0
,0
,1.8448483
,0
,1.8494544
,7.578054
,1.6809547
,0
,4.3907795
,0
,1.910463
,4.4666786
,1.0907505
,0
,2.8510022
,0
,0
,0
,4.0815043
,4.4628367
,3.0372057
,2.9063008
,9.651267
,3.6543345
,6.328828
,0
,7.7599587
,0.64020485
,0
,0
,3.5754418
,5.654509
,5.136107
,0
,1.6216655
,7.704859
,18.993353
,4.4991846
,1.0225995
,14.090177
,0
,0.95088667
,5.0574384
,0
,0
,0
,2.826722
,0
,0
,2.244669
,0
,2.9419181
,5.4191504
,6.2165856
,0
,0
,12.542556
,1.552072
,2.7591283
,0
,3.1344278
,4.620271
,4.5685277
,5.991612
,1.8419597
,1.7979144
,5.7565002
,0
,4.235942
,1.6375992
,0
,3.8226302
,1.7574692
,3.0788178
,1.9661816
,2.0582485
,5.325759
,6.0245805
,3.7032464
,0
,0
,0
,0.5372589
,0
,7.6946754
,3.2654126
,1.915342
,0
,3.2226877
,2.4366472
,0.76644015
,2.1408694
,0
,7.5719333
,9.936242
,6.183867
,2.384169
,0
,0
,6.169666
,3.6258159
,10.819067
,7.124199
,5.409792
,3.1789763
,3.1272805
,0
,0
,2
,1.4916468
,0
,0
,0.66711146
,3.750938
,2.0999582
,5.964452
,2.7308726
,0
,3.793387
,3.8930316
,0
,2.1146119
,17.286085
,4.8670683
,0
,1.0849518
,6.597964
,4.052192
,0.6852131
,4.8398023
,2.136448
,7.1377587
,1.4834595
,0
,0
,6.876633
,4.241781
,8.290729
,4.359958
,2.7685492
,1.9977359
,4.3975377
,3.598848
,0
,0.8552857
,0
,8.019246
,10.302197
,0
,1.9293845
,3.8014553
,11.587485
,0
,5.7523217
,4.2220817
,5.0981393
,5.7077627
,5.585032
,5.8295045
,0
,0
,3.1996586
,6.7742577
,1.5466309
,3.2577534
,2.3674242
,56.28518
,5.3770666
,0
,2.5181518
,0
,0
,0
,0
,1.4420651
,2.3579345
,2.4059668
,5.632216
,0.56650805
,3.3230872
,2.325401
,11.504538
,2.3293734
,3.6884036
,3.9146602
,0
,0
,5.249344
,3.2487574
,1.938548
,8.496177
,1.3621194
,0
,2.180391
,5.8479533
,8.54052
,0
,3.4376075
,4.9251986
,3.9118528
,0.7784524
,5.194299
,3.4540613
,3.6734693
,1.9052458
,0
,3.4213767
,2.0733984
,12.134286
,0.4254233
,0
,2.7471018
,0.6006367
,1.078206
,0
,4.683527
,4.727574
,2.2678308
,0
,3.151095
,10.1286335
,0
,4.4579835
,5.130597
,0
,4.960317
,2.5297244
,0
,5.024845
,3.091429
,9.231716
,0.79484934
,4.6515956
,0
,15.037594
,3.6512341
,0
,0
,1.2135923
,0
,4.070004
,2.6707025
,0.98347753
,0
,0
,1.1610357
,3.644315
,5.4608335
,3.3507571
,8.006762
,0
,0
,0
,2.1057065
,3.0680494
,6.578226
,3.638348
,0
,1.8119223
,4.4816256
,3.9780638
,0
,2.6745117
,17.524296
,6.8429537
,0
,0
,4.484305
,13.45895
,0
,1.8556318
,1.9140222
,3.2396533
,2.9248319
,0
,5.0490885
,0
,9.550085
,2.1102612
,0
,4.119295
,0
,0
,1.3666804
,2.0811653
,3.6218762
,2.4334848
,6.0943093
,0
,2.3860655
,6.0364604
,0
,2.3389623
,6.7159166
,0.4627701
,16.163794
,0.9661836
,3.5549235
,12.228676
,0
,0.8391374
,3.1023142
,3.4722223
,5.403215
,0.83022004
,3.5631568
,0
,3.7294877
,6.9848657
,0
,8.580418
,3.0217566
,3.4908586
,0
,1.0539628
,3.414426
,0
,6.965001
,0
,12.698413
,0
,3.9151204
,3.873867
,1.8294915
,8.150865
,5.173975
,2.6378264
,0
,0.90065753
,3.8883274
,13.774105
,64.794815
,2.5786488
,3.6448464
,0
,6.428506
,7.192766
,4.239444
,0
,1.5529157
,2.1540892
,2.677018
,0.7837912
,7.9093065
,60
,0
,0
,2.5106704
,0.80541235
,0
,4.0453076
,2.781448
,0
,4.7970834
,1.4125291
,2.456399
,4.734288
,6.546216
,0
,0
,0.6328313
,9.820771
,7.677122
,0
,0
,1.7889087
,0
,6.352567
,3.8892848
,0
,4.0981507
,7.1452394
,2.1572645
,4.793864
,0
,0
,0
,1.9926273
,4.415986
,3.2265005
,6.147541
,0
,0
,0
,5.052206
,0
,5.5199823
,0
,1.3478905
,0
,1.893837
,0
,4.6464477
,3.4320033
,0
,0
,2.5553663
,3.356268
,3.909304
,7.914523
,2.101429
,0
,3.052503
,0
,0
,3.843567
,2.7017293
,0
,1.3421918
,2.8871138
,0.71469414
,4.479785
,2.2256844
,1.2226434
,1.3641634
,5.1466804
,0.70673037
,0.800897
,3.7784326
,3.238342
,3.0962946
,0.75154066
,0.5598477
,2.15378
,3.7650604
,3.345787
,2.829655
,0.7297672
,3.8514867
,8.368201
,3.596152
,25.316454
,8.17929
,5.879958
,6.9381804
,2.407898
,1.0294421
,12.437811
,0.89839184
,8.451656
,8.957563
,4.4894814
,1.1286682
,2.6910658
,4.0237403
,0
,1.4953271
,3.9156456
,5.136107
,0
,0
,5.830224
,5.5547843
,3.496748
,4.1591573
,0
,1.6988024
,5.834306
,6.0520477
,3.9531374
,7.056167
,2.2914755
,1.4301376
,9.839615
,5.322688
,4.103406
,1.317523
,2.5701435
,0
,8.057091
,9.209799
,0
,2.3514657
,5.5336943
,8.680555
,3.8728168
,4.2738085
,0
,0
,5.7931833
,6.7590404
,4.3626842
,6.634599
,3.7176447
,0
,2.0881186
,2.5647602
,7.016723
,3.5480764
,0.63881433
,0
,9.59693
,0
,5.728607
,2.8656375
,6.486019
,3.8992052
,4.5095825
,0
,4.3749313
,3.1850514
,4.783381
,3.6196911
,10.33349
,0
,3.525782
,4.7303686
,2.5367835
,1.9160758
,1.5405947
,7.278462
,0
,2.8148398
,2.7892058
,0
,0
,0
,3.0788176
,6.9502363
,4.5155463
,9.676528
,4.8434944
,0
,0
,4.673771
,4.303852
,5.7491918
,0
,5.769231
,1.2542331
,0
,3.9439955
,0
,0
,3.5947948
,4.4419765
,10.780777
,3.0531244
,3.118179
,3.0117457
,0.9655306
,6.326111
,6.634396
,7.260407
,3.2711809
,6.022645
,4.6394744
,3.2023911
,6.1174555
,2.2689886
,0.8651267
,5.9341307
,4.751497
,0
,0
,1.3442667
,5.2732186
,2.0489004
,0
,6.730172
,3.906468
,0
,6.300836
,3.6703022
,3.4324586
,0
,0
,0
,3.6005762
,6.2524424
,5.5625086
,3.5780735
,4.88878
,1.4587891
,5.507821
,0
,0
,0
,0
,0.76236945
,5.865676
,1.7766722
,0
,4.0572066
,0
,5.8134704
,0
,1.8876234
,0
,2.6788106
,2.7515364
,2.538329
,8.063433
,0
,5.2246604
,1.1308379
,4.159981
,2.8143644
,0
,0
,2.5265284
,3.0842779
,2.7912169
,16.541685
,3.3222592
,8.189338
,6.616674
,7.6680584
,10.680908
,6.565988
,0
,0
,2.969856
,6.143045
,3.6368046
,2.4392228
,0
,0
,4.8243923
,11.114199
,13.431403
,0
,0.86994344
,1.610306
,0
,3.3781881
,2.3902478
,2.3041475
,2.2366362
,2.846435
,3.0640385
,3.7448509
,2.5130365
,3.6264732
,2.3024497
,0
,6.0796995
,1.6132936
,7.183908
,0
,3.9644084
,4.6335297
,1.442273
,0
,0
,4.5470047
,4.966571
,2.6422873
,0
,1.7445157
,0
,5.200884
,0
,0.72400814
,0
,5.3989434
,8.169935
,4.875274
,4.0254407
,2.2942796
,15.060241
,3.3063316
,0
,4.805767
,5.3676867
,0.6594566
,3.3701239
,3.1972716
,0
,12.873327
,6.0664887
,3.3998187
,8.632472
,3.3609679
,1.1735711
,2.4059668
,6.0870447
,0
,0.9987515
,3.215434
,3.1076813
,3.6432526
,0
,4.5521793
,6.236142
,11.3199005
,14.020876
,0
,0.7255841
,3.2237267
,0
,3.2637076
,0
,5.3199577
,4.600345
,2.3354354
,4.328737
,0
,6.461875
,7.1199713
,2.0850708
,5.118643
,0.5480053
,0.60128677
,6.76819
,4.8294597
,0
,3.6333437
,3.3454406
,3.040253
,8.289296
,3.0078807
,7.3436146
,2.0699646
,4.4143615
,1.8321731
,4.671927
,4.195511
,8.748006
,3.9364915
,6.5013
,29.411766
,8.136697
,0
,3.1463032
,0
,0
,7.6034064
,2.1587393
,1.1679515
,5.1857133
,2.8046556
,9.797061
,1.409642
,4.9261084
,5.0238633
,0.95849705
,6.5019507
,5.9249506
,3.942829
,6.2582574
,0
,5.0524187
,0
,0
,1.7943658
,1.707213
,10.780218
,6.355932
,3.4530387
,6.372326
,4.747372
,1.6157699
,3.4722223
,2.8645089
,6.911248
,7.692308
,3.1206117
,0
,1.9783698
,2.159361
,0
,2.8046556
,8.425614
,4.447739
,2.8409898
,0
,3.8309283
,74.15254
,3.3766673
,4.154549
,5.5532417
,6.620324
,3.0637255
,8.039173
,3.7462537
,2.3828437
,0
,8.301051
,1.8661358
,2.5072083
,4.6272197
,1.9946146
,0
,1.9354839
,13.474819
,3.271395
,0
,1.1446886
,2.2174177
,0
,7.6352067
,0.78814626
,8.962983
,3.8278975
,3.7516413
,0
,5.1430407
,0.68315345
,0.45289856
,0
,2.6871789
,3.7605295
,2.5166728
,6.546645
,1.8057467
,3.0202355
,1.6601644
,3.3755276
,2.832059
,4.992096
,0.261233
,0
,0
,2.4691358
,2.5011256
,2.3301876
,8.3668
,7.461295
,1.8862586
,2.4216006
,2.600555
,0
,0
,4.840409
,3.6715212
,0.87919813
,0
,0.84559447
,1.4503263
,4.43787
,4.145937
,2.839941
,4.6641793
,4.1614647
,3.2458751
,5.0508695
,2.1707985
,5.4381075
,0
,7.5339026
,0
,10.780645
,9.064642
,1.790831
,12.324758
,2.9591634
,0
,2.5209024
,0
,8.894536
,2.836276
,3.9600039
,2.254622
,0
,0
,7.273058
,13.071896
,0
,1.9903138
,0
,0
,2.3948271
,5.586428
,5.812264
,1.0486027
,0
,8.748055
,3.6367414
,3.7147102
,8.294625
,4.3193436
,0.791515
,3.9827037
,2.4508302
,0
,6.4758453
,10.881393
,4.0469446
,7.7003846
,3.2940247
,9.154715
,0
,6.8111453
,12.921984
,1.8199466
,4.135649
,0
,0
,4.343577
,2.8236623
,0
,6.6857686
,2.380499
,4.8299847
,0
,4.6263347
,0.30146813
,4.3163915
,4.294149
,1.1983702
,0
,2.173283
,5.403069
,2.7762353
,2.2886438
,3.834601
,4.384523
,22.922634
,2.335903
,2.6852849
,2.093583
,2.5657473
,6.817296
,1.3327115
,6.8516617
,3.7335722
,6.605643
,0
,0
,4.631927
,6.1640587
,0
,1.2522697
,0.76435065
,9.610764
,5.221153
,6.90727
,0
,4.092658
,1.6952025
,4.9282937
,3.2308438
,0.57318085
,0
,0
,1.2944146
,9.390931
,2.592823
,0.8753501
,3.9864461
,123.31839
,3.2237267
,2.5258904
,6.6901836
,20.31488
,3.5718536
,0
,0
,4.102396
,0
,1.2743725
,6.203474
,0
,0
,4.401937
,3.4458995
,3.6355703
,6.8851557
,0
,3.9240308
,2.0973155
,25.59727
,0
,0
,0
,2.1026073
,2.5753284
,1.0976949
,1.9636722
,5.7454753
,6.0390525
,4.2601533
,1.3625834
,0
,2.9023364
,2.4036534
,0
,0
,1.4500109
,0
,0
,0
,4.1987405
,0
,1.6174686
,0.9214608
,4.9798317
,1.8768768
,0
,15.174507
,0.7423767
,5.0222864
,6.425909
,0
,5.1961546
,4.328469
,6.102212
,3.1049473
,0
,1.8341893
,6.5989175
,0
,3.1247559
,2.2416499
,1.800261
,0
,0
,1.4672437
,0
,0
,3.7642505
,0
,10.10101
,3.9888313
,5.719597
,4.4157906
,0.89621794
,0
,2.9720626
,8.174944
,2.6451528
,3.602738
,4.048255
,3.7925475
,0
,0
,0
,1.0332713
,4.878049
,3.1771247
,5.3855133
,0
,4.941932
,1.2909888
,0
,4.3930297
,1.8903593
,1.4505366
,4.299596
,6.0698028
,4.2992263
,1.9262874
,0.9217439
,3.5271592
,0
,5.4034586
,0
,1.887861
,2.7559597
,15.243902
,6.1772885
,6.6342325
,3.3685155
,0
,6.8070793
,0
,1.2007686
,2.2269235
,0
,2.7083147
,0
,4.2764287
,0
,1.0430791
,0
,5.4083285
,3.466605
,0
,0
,2.595111
,3.09119
,2.459823
,0
,5.828962
,20.351526
,1.7714792
,1.4372979
,6.8737383
,5.8192697
,0
,0
,5.684402
,3.841352
,5.426672
,0
,0
,0.24207214
,0
,2.061289
,3.576282
,0
,1.7435778
,4.734033
,4.817619
,2.1811838
,3.533014
,3.424804
,0
,0.93931997
,1.8325087
,4.3802013
,4.4046397
,5.3526025
,2.9821072
,0.89621794
,6.0175056
,0
,7.177463
,5.4006095
,5.172414
,3.9861813
,0
,2.458412
,3.4753253
,0
,8.712488
,4.6567945
,5.9903064
,1.7292063
,3.7759597
,2.44838
,2.1030495
,3.042519
,0
,3.7579856
,4.7892723
,1.2243649
,1.66334
,7.4522586
,2.462852
,1.6775146
,0
,4.7267914
,0
,6.3722363
,4.060419
,6.790595
,4.046535
,2.1503065
,4.464618
,7.0607224
,2.0396369
,2.2893772
,2.8860028
,5.434783
,0.8725496
,0
,0
,6.5634027
,2.2585258
,0
,0
,18.761726
,5.5016184
,1.3984058
,10.76647
,7.997867
,5.870267
,0
,0
,0
,2.3185716
,4.622971
,8.658009
,3.5939827
,0.92820346
,0.9256259
,6.5805216
,4.573968
,5.602555
,2.7789357
,0
,4.852484
,6.4666324
,6.8621335
,0
,1.8539977
,0
,0
,6.1723633
,2.3782628
,12.76958
,2.0094445
,3.9618225
,0
,3.2453485
,4.5540795
,5.1880674
,7.6452603
,33.444817
,2.8810139
,1.7944462
,1.0071169
,8.682709
,2.2240345
,3.685617
,1.4392285
,5.685048
,1.2488292
,0
,0
,4.570036
,5.2838163
,16.447369
,2.6949337
,7.400359
,7.3152885
,5.1145663
,4.5289855
,1.9948136
,3.2262068
,2.9380655
,2.7337344
,1.2953367
,0.9335325
,5.0893464
,19.635344
,3.040253
,3.071253
,0
,0
,2.0046775
,0.8145976
,1.877053
,2.211533
,4.9809065
,0
,3.9105272
,2.9239767
,0
,1.304291
,12.697261
,0
,0
,0.6420134
,6.577505
,4.2130604
,5.9080706
,2.768741
,0
,3.2082129
,3.947693
,4.2202997
,1.6820858
,1.6467683
,1.4138272
,6.193868
,4.430333
,0
,3.8710926
,0.766783
,0
,6.3224444
,0
,3.558719
,3.5505059
,3.431709
,2.6532238
,4.2449327
,6.377551
,2.228909
,1.530378
,2.9495625
,3.0427506
,1.2832851
,3.2370317
,175.0199
,0
,0.770238
,7.260407
,6.3440275
,5.1131873
,5.5190406
,8.048506
,2.0247014
,0
,4.2719827
,5.7925224
,6.381621
,3.5466022
,5.1305733
,6.169666
,1.4844503
,2.3922014
,2.1901007
,5.0131593
,0
,0.94598424
,2.8812907
,3.672083
,0
,0
,3.3772376
,3.8120131
,4.1979766
,0
,3.0954962
,2.6972353
,7.5285745
,5.2866096
,8.958165
,0.92824656
,1.3332444
,5.3638477
,3.589805
,5.8800473
,13.227513
,5.664653
,0
,3.8438306
,1.4551804
,0.83368075
,4.251701
,4.393287
,0
,3.151166
,4.1228614
,4.4140368
,0
,3.794655
,0.16083634
,0
,3.7678976
,0.45751935
,0
,2.8848374
,8.757747
,1.9275249
,7.671326
,4.3659954
,6.203474
,7.1225066
,0
,0
,2.7506533
,0
,0
,0.595061
,6.856947
,8.661008
,1.1005944
,4.229522
,3.0229747
,0
,14.814815
,2.7844813
,4.8551545
,4.697041
,0
,0
,3.3891742
,0.71901065
,0
,2.700027
,5.601456
,4.2964554
,3.5460992
,6.095238
,5.830224
,3.2105305
,1.7456577
,5.0454087
,0
,3.751219
,0
,0
,1.8020802
,3.370635
,6.603929
,0
,3.5403926
,2.1417863
,1.759015
,0
,0
,2.8157115
,1.8837713
,0
,1.5642109
,0
,5.310988
,4.2988563
,5.153501
,0
,4.417774
,0
,0
,1.9077902
,6.163328
,0
,3.4055307
,1.0197318
,5.2569323
,0
,0
,0
,13.345196
,1.3120776
,0
,3.7202382
,0
,2.287178
,7.3272004
,0.9699321
,4.4374323
,1.1671335
,7.347539
,4.7660656
,1.6082342
,10.404474
,4.9560156
,3.0521924
,0
,0.8768853
,4.1313777
,2.98557
,2.2121446
,2.1769893
,2.0531774
,6.4467607
,2.6116478
,7.9560003
,6.499838
,0
,3.4837136
,1.4910352
,5.032713
,5.951495
,2.0166712
,2.1582735
,0
,2.4002194
,0
,1.6769145
,4.2149634
,4.8884544
,0
,0
,2.0620682
,6.824608
,1.3617485
,0.57025546
,1.0703773
,4.9146085
,2.897471
,4.349244
,2.193223
,0
,0
,3.4285715
,2.5883937
,4.5026608
,0
,3.530658
,0
,10.660981
,4.9338417
,3.3452275
,0
,2.5332782
,0
,6.9690456
,3.7919004
,3.2720983
,0
,4.9109883
,6.2104087
,7.010329
,1.1051556
,0.52372473
,0
,0
,1.5304561
,0
,2.4172106
,0
,2.0232675
,2.4037015
,5.8878946
,12.989824
,2.7529252
,0
,0
,0.53885114
,1.799532
,0
,6.7164807
,3.8649209
,0
,4.0762253
,0.7640587
,0
,6.2964363
,0
,0
,4.0369606
,4.9922
,9.773579
,6.378568
,2.8595939
,0
,10.893247
,0
,4.30589
,1.0495383
,2.3391812
,0
,3.5980928
,3.490672
,9.50194
,1.8058691
,1.0943314
,3.351456
,2.760334
,0
,11.0595
,10.327023
,3.681885
,7.9284177
,0
,2.2593763
,0
,2.8461647
,0
,8.065817
,6.4758453
,1.0384216
,2.747756
,1.9049432
,0
,0
,0
,5.2803884
,4.3810544
,0.49207753
,6.5590973
,0
,4.957612
,5.4406962
,1.9991003
,2.8776977
,11.627907
,3.8284838
,0
,2.6121597
,2.8822134
,8.053691
,3.9445786
,1.3419217
,4.2511845
,2.1315143
,1.300813
,11.904761
,0
,2.0544426
,10.77296
,0
,0
,5.4782014
,1.7516202
,5.928463
,2.3375409
,0
,6.0189166
,9.415088
,5.48426
,0
,0
,0
,0
,2.0835502
,3.139471
,2.2321427
,0.8251506
,0
,0
,10.796222
,0
,1.8345258
,2.8968716
,3.7622273
,1.330672
,0.6560388
,3.606853
,6.264356
,6.514658
,2.9304888
,2.572678
,0
,4.542564
,2.6400898
,5.779512
,2.151463
,14.069263
,2.5270073
,0
,0
,2.7644165
,10.65956
,3.1511943
,4.1296716
,4.643388
,1.4813718
,2.3571935
,6.345983
,0
,4.200504
,1.1419436
,3.626254
,2.1434696
,7.0490227
,2.1466599
,3.0086045
,0
,3.7266157
,2.1584287
,3.8395085
,1.6916181
,4.7947836
,6.0897217
,3.0523167
,8.816399
,7.981554
,0
,8.367034
,7.4395533
,1.5228813
,2.0245988
,5.890438
,2.0871847
,5.785698
,0
,2.2122264
,0
,3.9236202
,0
,1.4932059
,7.7881618
,3.4013605
,1.4878738
,5.769231
,2.1134946
,5.277045
,1.7052479
,2.405581
,1.69076
,0.40824658
,2.374733
,5.039234
,2.4822106
,3.285151
,0
,1.838348
,0
,6.963095
,8.07972
,1.990446
,9.415514
,4.274519
,5.321575
,0
,4.671442
,2.2969146
,2.4242425
,2.7427318
,3.9082856
,2.039845
,3.8051748
,0
,8.896797
,0.9509319
,3.2660527
,6.727777
,3.3137271
,3.9429066
,0
,2.6043925
,3.1244142
,1.4225041
,1.6862459
,5.722695
,2.6357405
,3.9706173
,2.7068484
,1.9521718
,3.1617553
,2.3795924
,3.7210686
,2.7754648
,6.4620357
,3.0652907
,6.240639
,2.3246353
,4.1439734
,0
,0.695362
,0
,0
,4.1554127
,2.6198585
,1.2251899
,0
,1.3114754
,5.9417706
,2.5267415
,1.6546704
,0
,4.5934772
,2.3082693
,3.4945836
,12.083781
,11.967091
,4.0474906
,0
,8.052971
,1.521491
,7.2579474
,4.9309664
,5.3908353
,0.8622176
,2.0535288
,3.1920836
,1.3696754
,0.6690306
,3.844675
,5.751589
,0
,1.3972335
,13.947001
,6.4008193
,5.127767
,2.7961597
,2.768166
,0
,2.6215756
,0
,0
,7.5244546
,0
,0
,5.284295
,1.7570833
,5.060302
,5.7971015
,0
,0
,6.7285695
,1.5777847
,1.0451505
,0
,2.2043426
,0
,11.514105
,3.1914468
,5.0802684
,3.7738698
,2.3112035
,6.2167573
,2.373324
,4.68099
,7.7324567
,0
,0
,2.3039706
,0
,6.535948
,5.595623
,0
,1.885488
,2.6096034
,9.467135
,3.4390852
,0
,7.052186
,0
,3.0640776
,0
,6.461804
,6.238303
,0
,2.9109259
,6.7509513
,0
,4.492363
,3.808996
,4.9178715
,2.75558
,0
,0
,1.8667164
,4.6957173
,4.018081
,3.8109758
,4.366812
,3.4167008
,8.925916
,13.979497
,0
,2.5182574
,0
,0
,3.9411454
,0
,6.16808
,3.6127167
,0
,2.3463163
,2.9834049
,1.5225335
,1.3130252
,7.4338393
,3.9166536
,3.1595576
,0
,1.2001921
,1.943131
,3.6531014
,4.401021
,0
,6.2558646
,4.159215
,4.8402715
,6.65159
,0
,4.7964506
,1.8009365
,8.87574
,1.6104357
,0.71240294
,0
,2.3932033
,5.9031873
,0
,0
,0
,0
,0
,1.4200511
,2.136524
,3.9021127
,8.536906
,1.7123288
,0
,0
,4.565614
,1.8695084
,5.061369
,0.7200202
,0
,3.8536706
,9.930487
,0
,1.6622341
,1.7190992
,3.654017
,5.239717
,2.3467882
,6.1076694
,9.332711
,6.624271
,3.8570325
,3.4692109
,2.8060985
,7.2727275
,3.380173
,4.1740584
,1.0125557
,0
,4.224757
,4.374453
,4.5470047
,2.3857808
,4.2158513
,15.974441
,6.0790277
,4.3271313
,9.951899
,0
,9.668841
,4.828585
,6.3078218
,2.3966446
,1.4853323
,3.1168833
,0
,0
,16.69449
,0
,0
,6.4484925
,1.4878738
,2.373042
,0
,0
,0
,3.7254355
,2.033347
,2.9194238
,4.830918
,0
,3.635042
,4.7268553
,9.152122
,6.583278
,6.2392764
,2.9427838
,7.789173
,15.267176
,3.654303
,3.7123284
,1.4718869
,8.721527
,0
,1.4107356
,4.112164
,6.43915
,2.6301947
,2.4816976
,0
,3.9007645
,1.2265424
,0
,19.920319
,3.665689
,4.6371436
,5.7273765
,5.0114546
,4.0156612
,6.214182
,2.8103044
,3.6276574
,8.592911
,3.1565657
,5.610323
,0.97869706
,0
,4.627487
,9.926262
,8.1474695
,9.068924
,0
,3.576794
,4.3421626
,0
,7.2065578
,10.259918
,3.194208
,0
,6.771245
,4.4104085
,5.472384
,2.8668354
,7.8216662
,0
,1.3013208
,3.0736804
,2.9943705
,0
,5.3547525
,4.0607486
,0
,0
,1.9354839
,1.9995201
,0.88904697
,3.5473573
,5.2847137
,0
,1.209336
,0.865576
,0
,2.7718108
,4.4464207
,3.6563072
,3.165158
,0
,3.5532396
,1.739433
,0.8166599
,4.3527465
,0
,0
,0
,0.79157764
,0
,1.8415077
,1.8485427
,0
,4.9140053
,4.2025633
,1.1091393
,1.7377704
,0
,0
,4.906771
,4.7646275
,5.3433075
,1.1158223
,3.0670142
,0
,0.6430455
,4.8044586
,6.2271347
,2.119767
,2.059308
,0
,2.7281408
,5.168913
,0
,1.2853471
,5.6831098
,0
,4.4140368
,7.16589
,0
,2.5083613
,3.385404
,1.165705
,5.0004168
,6.795457
,1.9155252
,6.9647584
,2.4354603
,0
,0
,3.9411454
,3.5079515
,9.848689
,4.9863834
,0
,1.5755475
,4.8828125
,2.2063692
,0
,1.1311578
,4.4026194
,0
,2.9884198
,3.6185062
,12.456403
,4.7255254
,3.194633
,0
,6.236574
,1.4051851
,2.5725126
,4.031445
,0
,3.2716088
,2.4962556
,3.0312216
,0
,0
,2.4507802
,0
,4.0514536
,6.9091134
,1.4409221
,1.5876796
,0
,6.442341
,0
,0
,4.553043
,0
,4.9563837
,0.4437345
,3.8949912
,1.3213531
,2.809252
,0
,1.9988008
,1.191611
,8.237232
,10.873111
,5.670771
,6.1372285
,3.9906507
,1.4524329
,3.4720213
,5.3657665
,5.679237
,0
,4.626952
,2.0331402
,0
,3.018777
,2.8794734
,4.5183444
,0
,1.4348232
,1.7038678
,3.8770423
,2.194908
,7.451565
,2.7810886
,5.690224
,0
,1.5359805
,0
,3.8113387
,3.2294526
,1.1111112
,0
,12.942699
,2.514458
,0
,2.549232
,4.125838
,5.0704794
,1.2496876
,1.6499707
,0
,0.94206315
,5.2352104
,3.7985904
,0
,0
,2.7165055
,2.1457691
,0.8239947
,0
,5.315379
,3.1340103
,0
,0
,0
,0
,1.7608734
,0
,4.1626196
,3.2200933
,3.2057447
,1.1273956
,2.2775586
,0.649435
,5.308983
,0
,3.9463298
,7.640003
,10.648367
,6.6688895
,3.957653
,44.388077
,1.3875399
,1.9996
,4.2363906
,0.8781173
,3.030303
,3.5495157
,5.644251
,0.8958968
,3.7043896
,0
,1.7373176
,0
,0
,2.6055238
,4.376915
,1.0264833
,3.6353357
,4.902495
,1.1253657
,0
,1.682935
,2.2606533
,0
,3.3008747
,2.1545532
,0
,2.184042
,0
,0.67403615
,3.5896976
,5.0485926
,0
,0
,1.8688096
,4.943154
,3.8464496
,1.8590817
,3.030303
,0.3807783
,2.6666667
,4.843084
,3.2816474
,4.6630917
,0
,4.33965
,5.8635745
,5.8055153
,6.7720857
,5.98035
,1.5418615
,0
,0
,7.9793477
,0
,0.99334455
,2.2629554
,4.679457
,10.621783
,0
,1.0401498
,6.7942476
,5.6921673
,4.1891084
,5.288207
,2.078786
,0
,2.2371364
,3.0696032
,3.8659792
,2.8730679
,8.549444
,1.7857144
,0
,4.1913342
,4.8513074
,4.0424457
,0
,0
,3.0740855
,6.0486917
,0
,3.7750096
,4.028313
,4.456725
,0.71684587
,4.796163
,2.296264
,3.5676062
,3.1959093
,2.6465528
,0
,0
,2.6230655
,5.4111223
,1.933488
,0.74816704
,0
,0
,3.4461963
,8.945544
,5.5205045
,3.5190027
,2.0460358
,2.9846294
,19.452343
,0
,4.9126883
,6.584362
,0.7446016
,3.4079292
,5.3418803
,4.7489824
,2.9524653
,0
,0
,5.1503916
,5.4090605
,2.0556042
,1.1671335
,3.964059
,0
,5.471315
,0.7300336
,2.052124
,0
,0.9114939
,7.679017
,8.638776
,0
,5.7438254
,4.547108
,2.8272545
,2.4102192
,6.455182
,0.969838
,6.1241155
,2.1359913
,6.7641835
,4.642691
,3.8294613
,3.9812086
,0
,3.478987
,0
,6.312689
,1.4597474
,7.4469404
,5.585344
,3.9793074
,9.859502
,2.109408
,4.9544806
,0
,3.106941
,38.071064
,0
,2.538071
,0
,3.117207
,1.0081661
,6.5125365
,0.92355293
,0
,4.327131
,0.9279881
,3.0036044
,3.1816735
,0
,1.4308199
,1.6527104
,2.67905
,9.193994
,3.0102346
,5.273149
,3.4349086
,0.91424394
,8.73744
,0
,2.3149934
,4.6970406
,6.098436
,0
,1.3633265
,4.0535064
,1.9183732
,2.462852
,3.4106414
,5.417118
,1.0550749
,1.7755682
,0
,6.27451
,6.327779
,3.8824182
,4.666114
,2.5230227
,1.8693335
,4.2127433
,5.159959
,6.5274153
,2.1663778
,8.727907
,4.0412946
,0
,5.353319
,0
,0
,3.320053
,4.514265
,7.6948447
,0
,2.720595
,0
,2.4809792
,2.3953245
,2.8490028
,7.011218
,3.2254596
,0
,3.7967474
,0
,0.64561945
,2.979442
,4.6527085
,1.3163091
,9.707392
,2.252929
,0.84889644
,9.983915
,1.0719262
,0.9121591
,0
,3.3513312
,2.4291499
,0.8726003
,0
,8.156607
,11.631288
,6.0511756
,2.9949086
,0
,3.015227
,4.830334
,2.736727
,2.2294059
,0
,6.3626723
,1.2624668
,16.339869
,0
,6.453001
,1.3481631
,3.635042
,2.4421515
,9.42302
,2.1117094
,5.9886217
,2.30787
,0
,4.105652
,2.6939654
,9.7604265
,4.7212496
,4.1175632
,2.579314
,2.2151666
,0.9924574
,3.7565742
,0
,2.1559467
,0
,2.4263601
,1.7879492
,3.770739
,1.6681958
,6.022645
,3.162222
,3.4126782
,0
,0
,5.0159883
,2.4717803
,3.877096
,12.813942
,5.2499795
,6.7195272
,2.97442
,6.2240663
,2.1315143
,8.07537
,2.4652805
,0.91074675
,4.634636
,10.031348
,4.8732944
,7.2955832
,0.5977286
,4.5409136
,0
,0
,161.29033
,0.6804573
,2.91195
,0.55886215
,0
,0
,3.3990483
,4.6010256
,6.3256106
,7.580122
,0
,1.7625028
,6.0319695
,4.348204
,3.8220456
,1.934423
,3.2709134
,4.072214
,0
,0
,5.7686763
,3.9326727
,0.6712761
,2.695902
,0.8515712
,4.291846
,0.73524004
,3.2242463
,0
,1.0890874
,2.4845955
,11.859582
,2.8496118
,0
,3.8560412
,2.9199922
,2.417795
,0.61210746
,0
,5.3919983
,1.418138
,5.368211
,6.1495214
,3.279495
,2.499167
,0
,3.1365168
,2.2316446
,1.6135538
,7.2666874
,0
,1.2177302
,0
,4.1079006
,0
,0.85895896
,11.326537
,0
,0
,0
,0
,4.3108754
,0
,0
,5.2292137
,0.51171833
,4.5317845
,0.98794705
,0
,2.918004
,7.0651402
,3.570366
,0
,6.658972
,7.216743
,2.6942074
,6.876003
,3.0125017
,6.62471
,1.6698672
,3.489914
,1.6708437
,3.6984985
,28.182245
,6.2519536
,33.167496
,0
,4.40044
,7.3534327
,5.9802656
,4.3215213
,0
,1.573564
,1.2274457
,5.815644
,3.0067954
,0
,6.9244084
,2.4188185
,0
,0
,5.453306
,11.658147
,5.2348547
,10.017303
,3.8565369
,0
,0
,0
,2.3773818
,0
,5.9934072
,2.1076295
,1.3719302
,0
,0.9971084
,7.0903125
,7.676718
,6.746728
,0
,5.7624807
,0
,5.279831
,1.4660608
,5.653311
,5.9741616
,4.2838783
,4.699248
,0
,0
,3.269933
,7.540341
,4.7738395
,0
,0
,0.37041152
,0
,4.30552
,0.8745081
,2.45459
,1.1883541
,7.7198787
,7.8980026
,2.1312873
,3.2513716
,0
,2.7624311
,5.759705
,4.71797
,3.5790982
,0
,4.3061023
,3.6569757
,0
,0
,2.8095148
,0
,0
,2.05381
,3.797949
,13.736263
,5.3144374
,0.830289
,0
,2.07857
,4.008016
,0
,5.313026
,0
,7.9563537
,0
,12.344591
,0
,0
,8.205689
,4.8465266
,3.3403852
,1.525553
,2.7004402
,0
,0
,2.7029462
,5.37841
,8.959235
,0
,2.904725
,0
,1.9467878
,5.1478157
,8.69153
,1.706048
,0
,4.998001
,4.217185
,4.7306886
,6.917064
,0
,0.75148416
,1.68492
,6.465644
,0
,0
,7.131714
,2.0909567
,3.1113877
,2.275313
,1.5478679
,1.0760788
,4.050223
,0
,0.58692336
,1.4444604
,2.7277687
,14.006692
,3.290015
,0
,0
,5.69071
,2.697963
,3.197442
,3.5625222
,2.3856385
,0
,44.973545
,1.3174362
,0
,0
,3.6807234
,2.4950101
,4.2507973
,0
,7.46826
,4.190111
,0
,2.2264552
,5.6383405
,7.1349297
,11.532816
,4.3691015
,7.4970546
,1.1283286
,6.125887
,0.63601094
,1.2833675
,6.1299553
,2.4265954
,3.971143
,0
,0
,3.5207727
,8.878038
,3.2113037
,0
,0
,4.973887
,0
,0
,2.9256876
,7.2212596
,1.1277772
,4.072398
,0.85077417
,2.1475358
,11.141372
,4.7253394
,4.638219
,6.9704075
,2.570562
,0
,3.782455
,5.1679587
,9.893643
,1.408411
,3.8308306
,3.9090495
,3.2492852
,4.341134
,7.4671445
,2.4396195
,3.2637076
,3.9916973
,19.880716
,0
,4.9140053
,3.6952965
,4.0553694
,1.8957347
,2.564497
,0.82338417
,2.1085925
,3.158061
,4.778288
,3.4559028
,7.2630434
,0
,4.047081
,9.319665
,2.5053866
,1.9180359
,3.3084414
,5.4830575
,2.598246
,2.6381745
,0
,6.592827
,1.7471318
,3.8192234
,3.3217072
,5.279831
,1.9879727
,0
,6.2234793
,4.8732944
,1.3723068
,0
,0.9463424
,2.8171659
,5.5089674
,1.4482259
,5.853088
,0
,0
,10.992031
,6.822058
,0
,3.1575623
,3.7299514
,38.119442
,0
,7.39645
,4.7143126
,1.5837821
,1.712622
,1.6033349
,14.97006
,5.376826
,0
,0.7405214
,6.5642643
,3.198209
,4.0254703
,5.213764
,0
,1.7402402
,1.1093854
,5.424301
,3.9422848
,2.2075055
,0
,0.9493971
,0
,5.6741614
,0
,4.3530307
,1.01528
,5.545872
,0
,4.8414426
,0
,0
,3.5325701
,1.4323364
,11.178181
,3.6366942
,0
,0.729927
,1.3430631
,0
,4.213089
,4.737793
,1.5177578
,3.5285816
,39.215687
,0
,4.4775643
,0
,7.041633
,7.2588453
,1.9109498
,3.5913088
,2.2092123
,0.79687625
,2.5816445
,7.773459
,0.18101512
,5.2698145
,2.711938
,6.4226074
,0
,4.5039973
,2.965599
,59.405937
,3.1159117
,7.7855635
,6.760309
,1.993488
,12.658227
,5.2966104
,2.384169
,0
,0
,0
,8.142218
,4.818116
,3.7686074
,6.143764
,3.2424371
,0
,0
,0.9082927
,4.578405
,0
,2.053388
,0
,0
,6.060606
,5.4510765
,3.2923617
,7.5642962
,3.6974435
,14.375426
,5.1406326
,2.6146069
,8.629617
,6.319337
,3.5310736
,3.5130863
,6.364794
,4.1247315
,5.030603
,5.7983623
,4.795013
,4.384426
,7.156659
,0
,3.861998
,0
,0
,4.9933424
,0
,5.657563
,2.4818513
,11.762976
,15.797789
,0
,3.411805
,11.903188
,2.0319695
,15.282431
,3.4372137
,2.829121
,1.9033118
,7.552055
,5.9976015
,0
,6.4
,0
,9.189487
,2.3896768
,5.1550817
,2.8732092
,7.6142135
,3.4701567
,2.9753048
,3.2644176
,6.5350933
,8.134151
,12.807172
,5.180005
,7.876083
,6.734007
,2.9712384
,0
,7.2859745
,0
,2.0477116
,0
,2.6458526
,9.635768
,4.918839
,13.412998
,2.8985507
,4.929022
,0.75505894
,2.272469
,0
,18.227386
,0
,1.2874984
,6.1886654
,3.6056824
,0
,0.9486766
,0
,0
,0
,7.6294274
,2.9339852
,2.2166395
,0
,0
,2.6392188
,6.3846765
,3.6082473
,1.1165699
,4.272287
,7.3537135
,0
,9.759668
,0
,5.040323
,0
,8.524111
,1.3848497
,6.907545
,3.6046429
,4.14823
,6.405637
,0
,0
,1.7561319
,4.64792
,7.1087637
,0
,0.7082654
,1.9814733
,0
,2.1677868
,0
,3.2869508
,0
,0
,2.0157225
,7.019111
,3.6862283
,0
,16.64289
,0.7536931
,7.0829887
,5.711022
,2.291082
,0
,1.1412919
,2.4202821
,0.34179854
,6.350306
,3.4376075
,0
,0
,2.635046
,1.7346054
,1.2938285
,1.6302576
,1.2052549
,3.9401104
,18.60465
,5.8543725
,2.583312
,5.329822
,0
,0.8318775
,5.388657
,4.1098704
,1.6869096
,17.889088
,0
,48.712593
,1.7905103
,10.234312
,7.3137603
,0
,2.4754517
,2.632826
,5.970862
,0.41387305
,7.50082
,1.5297537
,0
,1.8791105
,4.2220817
,3.8412995
,2.4985723
,7.980601
,0
,0.50958014
,0
,2.7199783
,4.767454
,4.2602396
,2.3172286
,7.760102
,9.8554535
,7.2986045
,0.69362557
,2.1398003
,1.7558235
,4.174784
,1.8160905
,0
,0
,4.782401
,0
,7.4699006
,3.389639
,3.6447577
,4.3215213
,1.3495277
,3.4447122
,0
,0
,0
,0.9547451
,3.3283408
,3.4373121
,3.576751
,4.4291883
,0
,1.5538808
,3.0969338
,0
,0
,0.92584014
,0
,3.0579169
,5.893138
,0
,0
,0
,0
,0
,4.5372047
,0
,0
,0
,0
,1.5104599
,6.4178514
,4.243131
,5.7418466
,5.7728386
,2.6885333
,14.293568
,4.6326933
,2.4790518
,84.61539
,24.3309
,2.5813112
,3.4680078
,0
,4.8547974
,10.813734
,6.468305
,6.170935
,6.096632
,14.295926
,4.152824
,2.2933674
,20.582182
,0.84054804
,0
,9.711252
,12.872774
,5.0744247
,11.321466
,4.370311
,5.1493306
,2.1490357
,2.3178554
,3.8959773
,6.2865405
,0
,5.758947
,3.225509
,5.0731378
,1.3627924
,3.6310818
,2.701121
,4.8467226
,0
,8.058018
,11.940299
,2.4963593
,3.7622273
,3.075346
,0
,0
,9.109542
,3.8874202
,9.424182
,9.800919
,5.4468703
,3.7304733
,11.985275
,3.1175308
,3.7140203
,8.3988695
,9.891772
,1.1693171
,1.9638649
,0
,6.902264
,5.3553667
,3.7562919
,19.80198
,6.7027335
,5.9306955
,5.078204
,6.4215765
,3.3181252
,4.442865
,7.3349633
,3.698225
,1.9082755
,0
,4.661353
,8.420546
,4.805712
,1.9776525
,5.234384
,0
,101.01009
,6.1420345
,3.5956995
,1.8084817
,5.3720117
,0
,3.325297
,2.5169897
,1.3787398
,2.947896
,7.1391177
,5.076658
,4.4488935
,12.01812
,2.9735358
,9.502316
,1.4684289
,3.1573133
,7.114544
,2.5467973
,4.1366
,0
,0.8853475
,6.9101152
,0
,3.780004
,6.0119147
,2.3682652
,4.3634777
,0
,3.0373595
,2.2419012
,1.9376091
,0
,0
,0
,0
,3.4919684
,12.204052
,0
,6.8643603
,3.2038078
,5.2219324
,10.556875
,0
,2.9852974
,3.3760972
,0
,0.97945595
,1.9082149
,2.6455028
,5.955107
,2.3476934
,0
,2.3816612
,12.469605
,3.4644032
,0
,0
,5.510249
,7.3985543
,2.7292576
,0
,2.8085506
,1.2083132
,0
,2.8773665
,3.822265
,0
,10.940919
,1.8271515
,3.4357178
,4.7709923
,3.571641
,5.482456
,1.4761237
,3.8502262
,2.1250222
,5.23743
,0
,2.4800358
,12.861736
,3.7506251
,2.587099
,3.3286486
,5.8010406
,0
,5.713692
,0
,0
,2.0104544
,7.61518
,2.108904
,4.731488
,1.9825535
,1.2482057
,1.3252054
,4.3288603
,3.0859435
,4.707544
,5.265005
,2.6917899
,2.3252208
,0.6019745
,4.191115
,0.89806914
,1.8889819
,2.1701388
,6.350013
,0
,3.0755982
,2.0714655
,5.989817
,2.8376846
,0
,0
,4.5773573
,3.830579
,0
,0
,5.927682
,10.712373
,0
,0
,3.522899
,0
,0
,5.037783
,5.1813474
,1.7193947
,4.047272
,5.507041
,1.0967317
,0
,3.7026753
,3.9555223
,5.5846424
,3.7504687
,1.9372336
,0
,5.6550426
,2.1083703
,3.6635406
,0
,3.0602877
,0.9626724
,0.8086035
,0
,3.3491862
,5.934278
,9.810333
,0
,2.2262506
,0
,4.3949604
,0.819941
,7.5229454
,0
,4.027062
,7.7844315
,3.917881
,1.8013151
,0
,2.6770177
,6.6600065
,0
,16.4594
,0
,0
,4.1387873
,0
,5.551101
,0
,1.0563009
,0.8231808
,8.054772
,0
,0
,2.1094823
,5.591799
,4.6707144
,0
,3.3096926
,4.642094
,4.1167088
,3.8080733
,7.4408717
,3.8279343
,5.2301254
,1.1205738
,41.025642
,0
,1.090156
,1.9659239
,6.8174777
,8.614192
,2.7802877
,3.4478796
,0
,0
,0
,3.5276477
,3.7174723
,4.4173517
,0
,3.1235359
,2.745367
,4.638219
,2.4003842
,5.5348
,4.2201214
,3.8228388
,13.724482
,2.0811653
,0
,3.2138839
,3.5800946
,0
,10.686615
,0
,0
,5.561293
,0
,0
,0
,0
,6.2249885
,0
,2.084093
,7.9117055
,14.892885
,2.4963248
,0
,3.0125926
,4.7729445
,5.4318304
,3.696311
,0
,4.073703
,0
,0
,2.945725
,5.0191355
,4.018139
,0
,3.4238758
,0
,0
,0
,6.575342
,4.598406
,3.412969
,0
,5.1493306
,1.0111223
,0
,2.952465
,5.162242
,5.600149
,0
,1.2210758
,4.8250904
,4.482295
,2.7654867
,5.2154636
,0.3440446
,0
,2.5350683
,0.88542587
,0
,3.2341526
,1.8456994
,6.7266893
,6.3743887
,2.7521672
,2.961559
,0.7182876
,5.7529125
,2.299908
,0.96543735
,0.71250445
,0
,1.1112345
,0.8678672
,2.1034918
,0.93257487
,6.6415763
,8.90538
,24.009604
,1.0736525
,4.1058125
,0
,0
,20.521238
,0
,2.787068
,4.5489993
,5.7114882
,5.8678555
,7.8209014
,4.6587467
,6.013229
,3.092146
,0
,2.3745918
,0
,3.9591417
,0
,0
,0
,7.3773513
,2.8624587
,2.7354794
,0.5760369
,2.6297994
,8.105802
,5.329922
,0
,9.882818
,0
,8.479476
,1.1138958
,0
,9.097526
,2.640148
,6.893699
,0.5838052
,8.506031
,0
,3.8767204
,0
,8.173942
,2.24341
,3.2706459
,1.9777178
,3.4284735
,2.990207
,2.4990628
,0
,5.1519837
,0
,7.488767
,0
,6.080611
,4.74046
,11.861458
,5.1572976
,0
,6.534117
,1.1336583
,0
,7.541478
,0
,5.524523
,3.0395138
,2.3887253
,0.65027964
,3.1326141
,0
,0
,5.0900946
,0
,0
,0
,0.90917355
,0
,10.74691
,0.68474394
,11.369665
,0
,0
,0.84652495
,2.3068051
,14.482259
,3.4566195
,0
,0
,0
,7.202881
,11.244701
,3.1323416
,4.116678
,1.1261262
,2.7154236
,3.7591631
,5.2807603
,11.802892
,6.2443414
,11.665889
,0
,0
,1.9619385
,8.434214
,8.920607
,8.756568
,9.132421
,0
,3.4904013
,3.0830894
,2.814259
,0
,12.871117
,0
,14.195904
,4.4173517
,12.498959
,0
,2.778035
,2.2192633
,3.3325927
,6.877579
,2.2153301
,8.353222
,2.8805993
,5.420893
,6.0008
,3.0217566
,1.7188038
,13.720558
,0.593155
,2.0866246
,0
,4.2625747
,0
,4.2574935
,2.9685924
,0
,0
,0
,1.3932427
,3.7391164
,0
,0
,4.067245
,0
,5.769389
,7.509763
,4.0893106
,3.4668052
,2.9476788
,4.038772
,3.2705696
,4.257584
,4.652461
,3.6434295
,3.4835114
,2.5474463
,10.274853
,5.36851
,2.6666667
,7.0928273
,8.969056
,0
,1.01833
,4.0241446
,5.259006
,1.1992564
,4.1994753
,7.888302
,5.1324825
,0.7216569
,5.202527
,4.1044164
,3.5324593
,6.6498203
,0
,10.679612
,0
,1.7790428
,1.10595
,4.2448425
,2.6961446
,0
,2.3419204
,5.140948
,0
,0
,0
,14.672687
,6.7430882
,4.2625747
,7.286354
,4.3129478
,1.6092694
,5.0360923
,0
,5.1287684
,0.57045066
,2.5539522
,60.240963
,3.7152622
,2.933842
,2.1922615
,3.194378
,6.507592
,2.054091
,0
,5.248163
,0
,0
,0.86752844
,1.9397137
,10.369142
,0
,0
,4.4488554
,7.6052856
,3.539447
,5.6569085
,2.4895232
,1.5750513
,6.5220933
,5.9002857
,0
,2.96472
,0.87680846
,6.2588015
,0
,0.43440485
,0
,3.259718
,3.575807
,0
,1.8404344
,8.185818
,3.665913
,0
,0
,3.6049027
,3.1274433
,34.782608
,4.680552
,6.3512225
,1.8475751
,1.2894907
,5.5076184
,3.289113
,5.4412885
,10.613458
,0
,0.9854159
,2.244669
,9.042136
,2.7382257
,1.8642803
,6.763154
,0.47236654
,0
,5.8313894
,0.71464306
,0
,5.979073
,6.5073357
,4.490122
,0
,4.6248717
,6.5884833
,0
,0
,7.217239
,1.6489404
,0
,1.0838934
,5.1957045
,3.7634661
,3.2651606
,2.1333334
,8.223684
,0
,2.1860313
,4.8
,1.9346101
,1.8171906
,1.5358624
,3.9104507
,0
,0
,3.2499187
,7.3746314
,6.428801
,104.302475
,1.6451877
,8.434985
,0
,0
,2.0443628
,6.17157
,4.9887753
,3.4074452
,0
,8.906483
,0
,0
,0
,5.100089
,0
,10.060362
,2.2263038
,5.076142
,2.0187745
,4.3951216
,3.9218252
,0.7025432
,1.8436579
,3.748407
,0
,0
,7.669447
,0.89070994
,4.682379
,2.699784
,2.1058543
,6.400158
,0
,3.4680076
,0
,8.65676
,5.4425807
,11.607661
,10.893247
,1.5894462
,13.119534
,6.7355185
,0
,2.5119317
,1.1539348
,0
,0
,3.6742191
,0
,0
,0
,0
,3.8729668
,0
,6.396134
,0
,10.692646
,4.9257846
,3.2560031
,0
,9.691028
,5.3978195
,6.548176
,3.6445565
,4.256124
,3.976143
,12.950572
,5.4624906
,2.1607606
,0
,20.853245
,1.8494544
,0
,1.7768302
,3.4531877
,7.797751
,0.82760906
,4.8882375
,13.813622
,0
,6.4666967
,1.183152
,4.2537355
,5.334553
,3.5400736
,0
,8.71156
,2.4463835
,0
,0
,7.376584
,0
,0
,2.9340572
,7.574801
,12.170385
,0
,1.4592149
,3.4989502
,0
,3.189284
,3.921398
,0
,2.6111932
,10.863661
,6.664274
,8.370202
,0
,6.678787
,7.002801
,0
,0
,6.2645426
,1.3860976
,6.279435
,1.432528
,4.8845162
,3.1655588
,1.3006155
,2.4348674
,0.90212
,0
,1.5428131
,0
,0
,0
,2.1190932
,2.6325026
,8.80902
,0
,6.201825
,5.2773542
,3.1301355
,0
,5.657308
,2.460428
,5.4339385
,3.595829
,7.4041166
,5.7249923
,0
,4.5925035
,3.4104474
,3.2955444
,0
,2.7107618
,0
,9.7608595
,2.4869437
,0
,4.985873
,6.899407
,0.5955216
,7.086754
,9.621552
,4.454343
,9.05973
,3.7014189
,5.4882736
,0.9920963
,3.800114
,0
,9.714633
,3.0766077
,4.7243524
,0
,4.201975
,8.398951
,0
,8.9239235
,7.409694
,6.8615346
,5.452563
,0
,2.6939654
,5.030641
,6.382707
,7.7662363
,0
,10.350436
,5.6628704
,1.9519812
,2.0839121
,4.613037
,1.6714023
,0
,11.336797
,6.715015
,0.86782956
,0.56325334
,9.113327
,10.141988
,4.1158423
,0
,0
,3.3700292
,7.138487
,0
,6.389193
,3.9622793
,0.5033472
,4.6219873
,0
,0
,3.517411
,1.7287579
,37.558685
,0
,0
,5.6776705
,0
,0.63621324
,4.688432
,2.269289
,0
,3.6237137
,2.7097123
,10.431608
,0
,5.962634
,4.683402
,0
,3.2578595
,2.0302508
,0
,0
,4.435901
,1.9762846
,3.4094784
,0.87397313
,0
,13.446884
,0
,13.827434
,3.5302424
,0
,7.8124995
,10.368066
,0
,0
,5.887548
,9.516256
,5.780604
,2.9898345
,0
,8.906985
,2.2650056
,4.6336136
,3.2633524
,4.2847524
,0
,1.9535065
,5.4940023
,2.5499363
,0
,1.4051851
,0
,5.9424767
,3.162222
,5.8312435
,1.1968881
,9.693338
,6.4387355
,1.9011406
,0
,0
,9.757458
,6.3104753
,0
,1.2080212
,3.0395138
,1.6317474
,0
,7.2507553
,3.0221627
,0
,1.2218218
,4.1206527
,0
,1.1160092
,0
,12.820513
,3.3470004
,4.258944
,6.1929092
,3.0954428
,0
,7.946829
,0.9835743
,0.9440197
,11.802394
,3.1279323
,6.7355185
,8.078089
,5.874578
,7.256894
,4.475875
,4.8595924
,0
,0
,2.394636
,0
,4.035745
,3.3056858
,3.228827
,5.508125
,6.849315
,3.5014005
,6.3131313
,3.388299
,2.5150905
,14.269859
,3.4742327
,0
,0
,3.5410767
,0
,13.269639
,1.1806376
,2.6874497
,1.6875927
,1.0802636
,16.042093
,0.99127674
,2.5305777
,0
,1.183362
,9.951149
,2.237637
,3.7174723
,0
,3.4582133
,6.584904
,13.183915
,0
,5.1644
,3.32751
,98.64365
,1.4889816
,3.5783296
,3.3229215
,0.86318517
,0
,0.59308463
,7.060589
,3.3961623
,4.1584363
,3.4211426
,0
,0
,1.7047392
,4.707544
,2.1980438
,2.9236915
,1.8233203
,0
,1.2814353
,1.0094892
,0
,7.372215
,0
,8.447729
,0
,0
,0
,2.945219
,4.151445
,5.430923
,0
,1.0399334
,0
,4.8210845
,4.6975927
,6.7695637
,0
,3.3983884
,2.178056
,13.348589
,3.4360888
,0.97077954
,4.8117404
,4.520387
,5.045045
,0
,0
,1.4611338
,0
,0.38783744
,3.816794
,3.80421
,13.540961
,14.703917
,3.054057
,5.552471
,4.3215213
,1.9786308
,11.623402
,0
,0
,3.238211
,0
,1.2054002
,0
,2.5879917
,3.291206
,4.13318
,3.79843
,4.383219
,13.053037
,0.9976057
,0
,5.65931
,11.389522
,2.4723916
,4.969191
,1.8667164
,2.8661509
,0
,3.6506343
,8.17929
,1.4221717
,3.5663338
,0
,0.9296272
,2.3273404
,1.5959144
,2.3153508
,0.81890017
,0
,1.138304
,3.2804096
,0
,5.3727336
,2.6075618
,0
,3.821656
,5.303633
,0
,1.2491412
,5.6862917
,9.749756
,5.007825
,0
,4.7285047
,5.354466
,4.345065
,3.7040465
,3.4330835
,0
,2.326393
,0.98000777
,0
,0
,9.008107
,3.9422462
,2.8760426
,6.290297
,3.9319215
,5.9164596
,2.8810139
,0
,4.3159256
,0
,2.640055
,0
,11.693626
,0
,10.830324
,5.39586
,7.8051825
,3.8262866
,0
,7.336757
,2.7926462
,1.4038043
,3.904915
,0.59633845
,3.5259378
,2.1607606
,5.642987
,0
,2.0244281
,2.5810893
,0
,0
,10.204082
,3.3932812
,10.575984
,1.8478596
,3.7610953
,6.7476387
,6.530612
,4.045103
,0
,38.75969
,6.425359
,7.375911
,0
,0
,5.925048
,3.0159845
,11.862396
,1.5249715
,3.050059
,0
,4.897559
,2.5898683
,3.6075034
,5.289326
,3.681885
,3.3189514
,0
,3.5350263
,0
,4.327235
,2.6560423
,2.5832005
,2.0639834
,3.9510076
,3.5172343
,23.724792
,0
,1.8752344
,0.90448624
,0
,9.361749
,1.5333896
,3.058104
,4.113872
,0.98687464
,10.226256
,0
,2.919708
,6.384337
,0.9482268
,2.7170222
,3.2333684
,11.565708
,5.37129
,3.7142084
,2.8977108
,1.5057973
,0
,2.490867
,4.652786
,2.6553373
,2.1989622
,3.8153374
,3.7023325
,0
,0
,1.5632328
,4.182934
,0
,1.067122
,1.4708045
,5.788991
,3.1959093
,0.6166939
,5.056123
,6.666349
,6.4077916
,1.7398365
,1.4086491
,0
,5.0113897
,4.8014264
,1.9602077
,2.932838
,5.2231326
,2.8930163
,2.7444882
,6.4484925
,5.412232
,3.0086045
,3.3400135
,0.6642753
,6.683461
,0
,1.7204794
,0
,0
,0
,2.5664058
,0
,0
,0
,0
,0
,3.0125926
,2.237637
,4.0306325
,2.523225
,0
,2.2965627
,3.7876396
,4.0650406
,5.1328115
,3.2247663
,2.0385282
,1.7864587
,1.6520734
,1.5752993
,5.433306
,0
,0
,1.5513496
,2.7029462
,2.4772403
,0
,3.987241
,3.2341528
,5.3835797
,2.734731
,2.7414784
,0.729501
,0
,4.6999846
,1.9928259
,0.4979584
,4.058206
,1.9966056
,5.2260256
,4.219791
,9.887006
,4.675446
,2.532928
,3.6762002
,7.72917
,0
,0
,4.8218913
,6.872852
,1.619171
,0
,2.5992591
,5.2668543
,3.400099
,6.944444
,0
,0
,3.8684719
,3.4458995
,1.9177295
,2.5575447
,3.4458995
,3.8754683
,1.5320975
,2.5184686
,3.1885722
,0.57369053
,0
,0
,0
,0.92250925
,0.6710058
,0.54656756
,0
,3.0248034
,0
,5.5473375
,0
,3.785728
,0
,2.1864295
,3.560831
,4.347826
,0
,0
,0
,0
,3.2400908
,7.8175898
,3.2878516
,4.054702
,5.198663
,1.6943408
,6.9156294
,1.5725744
,0
,0
,1.0265185
,0
,0.8075588
,0
,3.393665
,4.555216
,3.7764351
,0.7677543
,0
,4.341893
,2.5382857
,1.2919897
,3.6379511
,0
,3.4129694
,4.792332
,6.377551
,0
,9.637974
,3.343177
,2.9603317
,2.3166916
,5.090786
,6.7245727
,4.5994315
,0
,2.0552871
,5.0363336
,1.9517907
,0
,5.3798795
,0
,1.7069701
,2.4454362
,0
,4.597701
,1.0190563
,1.6469038
,4.3699927
,0.6917064
,9.593476
,2.8610256
,5.896227
,2.1226916
,1.7881091
,1.2658228
,0.8014105
,2.5161982
,0
,0.89581656
,0
,4.8995595
,3.2289312
,6.6949344
,0
,0.3849559
,1.0642827
,0
,0
,0.83139336
,2.4190817
,4.0681825
,0.78851914
,3.063934
,7.006072
,6.8085103
,4.2704625
,4.0058084
,1.1004732
,5.098021
,5.6682916
,0
,3.6945813
,1.7026107
,4.465482
,3.0823765
,3.117855
,3.0004802
,3.2645447
,3.9021852
,2.328108
,4.598758
,3.2847915
,1.6771488
,2.9899836
,1.4701558
,5.3523636
,5.496663
,1.2529758
,3.682789
,0
,1.4233356
,11.330161
,8.0032015
,2.1378942
,0
,0
,5.0170584
,7.5728893
,6.495615
,15.97144
,2.854085
,1.519372
,2.1073337
,6.338283
,0
,2.9135406
,6.0821085
,3.976143
,4.9347906
,1.9158007
,0
,5.1740704
,0
,1.287167
,4.1591573
,0
,3.176822
,4.0637193
,9.875568
,51.340557
,3.1698234
,0.8553588
,12.850718
,2.0092425
,1.7906706
,4.313798
,1.5954052
,1.3110455
,2.3522031
,2.686908
,0
,0
,2.637409
,4.5068245
,0.47487894
,0
,4.320899
,11.296882
,0
,0.6012506
,0
,1.9121678
,0
,1.2373174
,4.7732697
,2.1085925
,2.0273695
,0
,9.242754
,0
,2.818092
,0.7339988
,0
,2.018571
,0
,0
,0
,4.44563
,2.9476788
,13.060076
,2.6150005
,0
,5.398985
,5.443658
,1.0751532
,2.3445284
,2.5900025
,6.363347
,5.976691
,6.944712
,6.254691
,4.2462845
,2.6546323
,3.221909
,2.6704648
,96.878365
,3.131851
,3.345787
,4.4597063
,0
,1.5846605
,2.415459
,2.38635
,11.614402
,0.991113
,2.0796506
,2.8133352
,6.9516854
,0
,2.2313957
,8.502567
,6.4128723
,2.0669699
,1.9184039
,0
,0
,1.6929069
,0
,1.2236408
,1.855804
,5.5187635
,4.4634886
,7.6004343
,6.055957
,1.9188702
,1.119069
,11.530701
,3.7534013
,3.5158656
,3.0526583
,2.0369365
,3.084706
,3.7725172
,0
,0
,0
,1.2025012
,0
,0
,1.6687248
,0.717772
,1.746725
,1.9041817
,3.6020458
,2.824992
,2.1170743
,0
,3.8085566
,3.5910943
,2.147305
,9.575487
,8.757525
,4.524595
,4.767353
,4.4738727
,2.8032146
,0
,5.227782
,0
,3.7504687
,5.0885034
,5.231494
,2.80415
,0
,0
,1.9879925
,2.4258106
,0
,3.3523297
,3.618207
,0
,1.0670081
,3.7041612
,2.1309845
,0
,0.9247272
,0
,3.3062537
,1.4452956
,8.480326
,7.4041166
,6.0008
,3.536693
,4.7698545
,0
,6.565988
,6.2967887
,1.0114292
,1.0792143
,5.1961546
,3.2070127
,6.103143
,3.8938284
,0
,5.036937
,1.8358729
,0
,5.6863413
,2.1602938
,0
,2.8437366
,0
,4.4969807
,8.446494
,3.886514
,3.6689904
,9.010813
,2.13858
,4.0513167
,0
,2.6470783
,0
,1.0240656
,3.3152833
,0
,1.9853086
,5.289326
,3.39098
,2.7706587
,5.1004796
,5.158184
,3.0057108
,2.9976017
,0
,0
,4.113872
,1.4447736
,1.809791
,6.6761246
,3.1367629
,2.0584602
,0
,10.626993
,2.337359
,3.138929
,2.3547418
,0
,5.2661934
,0
,5.833739
,1.5809027
,0
,1.6289297
,5.1026917
,1.892864
,7.2040343
,2.915027
,0.70788944
,0
,0
,8.741259
,5.1478157
,2.092634
,2.2413986
,4.5693398
,5.8479533
,4.231113
,6.3926597
,3.7852159
,0
,0
,4.50045
,1.0014019
,1.0265887
,4.1879334
,0
,0
,0
,9.158907
,0
,6.0842056
,3.0497103
,4.8361745
,2.8207152
,0
,4.501463
,1.5986358
,3.7659109
,2.7517889
,2.5004168
,4.43459
,0.9283327
,1.5738118
,0
,1.5938796
,0
,0
,14.556041
,5.9946046
,0
,0.58546865
,0
,3.6014407
,1.6894746
,0
,6.231306
,9.318837
,0
,0
,4.129793
,3.1797626
,2.6712968
,2.2838871
,2.8996012
,3.2064495
,1.66924
,6.3131313
,3.8533666
,8.114687
,5.4288816
,0
,6.0177526
,1.5780337
,65.75487
,0
,0
,6.042296
,3.6239765
,0
,5.6262956
,19.138756
,6.0105786
,6.4787817
,0
,0
,2.223375
,2.2705598
,3.9645832
,1.6608536
,1.41623
,11.515431
,0
,15.810277
,0.359118
,1.539883
,6.4361897
,4.0088196
,3.221442
,6.7494597
,3.8380349
,0.6748094
,2.317676
,1.2615113
,0
,0
,4.3826694
,1.7436793
,0
,5.1158032
,1.6893795
,4.3387713
,0.41986814
,4.526423
,7.110016
,0
,0
,1.1583458
,5.7332873
,7.9554496
,2.2104332
,6.061708
,4.9152126
,4.5819016
,2.6277757
,11.428572
,0
,4.0261703
,1.8533391
,0
,4.9515457
,2.2928767
,6.9313793
,6.699045
,0
,49.70179
,3.1623554
,0
,7.9009743
,4.491354
,24.038462
,1.0120434
,0.7844983
,3.6913989
,0
,3.4332798
,0
,4.296851
,0
,2.607902
,0
,3.381479
,4.380841
,7.2390327
,5.083453
,5.9656973
,3.6172905
,1.8087544
,3.099814
,7.996446
,1.0706638
,5.4666142
,3.1109037
,4.5708017
,1.0167768
,5.6497173
,4.476276
,3.7327363
,5.928854
,0
,0
,2.2097006
,3.0196276
,5.0684237
,2.1295853
,2.9383678
,6.1648827
,1.0425354
,2.219099
,0
,3.8880248
,0
,5.1792006
,0
,0
,6.434316
,5.9853363
,9.932679
,6.3877354
,1.1752954
,3.8580246
,5.27867
,4.3153048
,2.371354
,2.7326138
,1.9970045
,0
,2.2187707
,7.243377
,14.940239
,2.3724792
,8.286148
,0
,7.1136403
,4.1689825
,2.842524
,0
,0
,5.4689636
,0
,0
,0
,6.380603
,1.6444664
,3.9716687
,0
,14.374701
,2.673082
,6.4766836
,2.5493946
,6.1218243
,10.213346
,1.1139579
,3.518855
,3.7757223
,4.028893
,1.5390534
,3.7907505
,0
,2.4724934
,0.83111703
,1.1014429
,5.0190725
,2.420956
,0
,2.6908243
,0
,6.747183
,1.3510776
,0
,3.9308176
,4.429819
,6.538797
,55.09642
,0
,4.6582046
,4.876146
,3.9510074
,2.0861583
,5.5279164
,1.2963444
,4.9404063
,1.2484394
,0
,0
,0
,0
,4.0432043
,5.3526025
,1.742464
,0
,2.9167273
,0
,0
,0
,7.458234
,2.0966558
,0
,0.5553704
,3.850597
,5.8460884
,3.897724
,3.1982942
,0.9619084
,4.420215
,10.578567
,0
,12.17829
,1.5612803
,5.8207216
,1.7932931
,7.5539074
,0.39362332
,1.1960292
,0
,5.930319
,0
,3.37952
,0
,2.4634585
,0
,2.43309
,0
,0
,4.443786
,6.196336
,7.478033
,9.347979
,8.05153
,2.7639582
,3.2539725
,0
,1.9812442
,2.778035
,5.7822266
,10.33668
,1.0424268
,0
,4.032529
,8.828908
,0
,0
,2.596054
,6.715071
,5.119204
,10.930554
,3.2044435
,4.889634
,4.6707144
,5.457026
,3.788904
,3.3886817
,13.382236
,6.3987713
,0
,8.832808
,3.954132
,0
,3.4091878
,2.2522523
,8.587377
,6.242197
,4.320121
,6.7725363
,0.70651406
,8.364701
,0
,0.7410701
,3.3163097
,6.183746
,1.3689255
,0.8595496
,8.600301
,6.543185
,0
,3.8165026
,3.0967424
,1.3651876
,4.8188124
,5.759705
,0
,2.5081515
,3.8729665
,0
,2.4003842
,5.282969
,0
,4.6554933
,0
,0
,2.5329282
,6.2674093
,0
,4.0032024
,0
,7.227871
,0
,3.1147797
,4.588208
,0.7506944
,7.398882
,5.7250624
,4.0225263
,1.0441684
,6.082314
,4.863222
,1.2626263
,1.9173617
,6.633699
,0.5097619
,6.266891
,2.8931
,3.3395064
,3.4013605
,15.593673
,0
,9.180207
,0
,6.1241674
,1.376273
,1.5203345
,0
,1.5035334
,0.8039232
,0.7169487
,9.144251
,0
,8.552491
,5.004379
,0
,2.465078
,1.435544
,6.919458
,3.3145509
,11.719894
,9.50721
,0
,2.5542784
,48
,0
,7.4515643
,1.318044
,0
,0
,8.668925
,8.609556
,3.4397357
,59.701492
,6.501481
,0
,1.2879958
,0
,0
,4.6699214
,1.9928259
,7.6946754
,0
,1.3503478
,16.697277
,7.7249904
,3.9354587
,1.3419217
,1.0169836
,1.2581782
,7.347539
,10.179153
,1.5647004
,0
,4.095004
,4.249593
,0.9655306
,0.75108904
,4.6314163
,5.312367
,1.7792538
,1.3014055
,4.2368393
,4.797544
,1.6252235
,8.689984
,0
,3.7965071
,17.200602
,0
,4.5924225
,0
,2.8999517
,4.4588118
,5.4674687
,2.9873931
,2.008274
,6.9478903
,0.7020993
,1.6546247
,4.095423
,3.7778616
,4.0070524
,1.6228498
,6.1084247
,3.7147102
,5.2515492
,0
,0
,0
,9.873618
,3.9016776
,9.049774
,4.3773255
,6.8540096
,1.768503
,1.746725
,3.3293383
,0
,6.4365125
,3.3500838
,0
,3.8882768
,6.6551313
,4.566905
,7.774401
,6.2945867
,1.0131712
,0
,3.137255
,3.0125017
,1.470372
,3.0469227
,3.1908107
,2.5351756
,2.5774856
,1.2114604
,4.760998
,2.2403944
,4.625347
,0
,3.4464934
,0
,4.2826552
,2.8789406
,0
,5.430061
,15.015015
,0
,7.8907433
,5.0167227
,6.914673
,2.54842
,0.8267196
,1.011685
,4.7648544
,0
,8.826125
,2.8622131
,0
,1.9535066
,6.4864864
,4.479922
,18.963339
,4.8146367
,0.6906554
,8.472183
,1.3650014
,2.7493298
,8.646779
,2.5119317
,2.528658
,0
,0
,9.508717
,5.644251
,1.0837759
,4.8123193
,2.7364771
,2.577851
,4.8851976
,1.9892582
,6.518905
,1.3388673
,3.850597
,3.0736132
,4.819277
,2.2177868
,10.458883
,0
,0
,0
,6.485084
,0
,5.389867
,0
,3.2832634
,0.27371013
,0
,1.441961
,4.1800194
,2.0531774
,1.2178785
,1.5473888
,12.384491
,3.208213
,4.871448
,4.2176294
,0
,2.9455082
,4.05515
,8.896797
,5.620346
,1.9470406
,2.6549847
,1.284439
,4.103827
,16.949152
,3.7542236
,3.5139093
,57.581573
,4.9958367
,5.519373
,30.41825
,2.0273695
,0
,5.4282923
,0
,0
,0
,9.838646
,5.6012497
,5.5486197
,4.103406
,2.0815988
,3.1756113
,4.1058125
,1.0092854
,3.7551634
,3.5945365
,3.6273503
,4.7801147
,1.8745899
,9.998571
,0
,2.9302597
,7.2030544
,3.7850115
,6.560819
,0
,0
,8.648648
,3.8089433
,0.6769106
,0
,3.8740919
,3.279495
,2.6102846
,6.1087356
,0
,0
,5.0039315
,2.6195154
,4.5647216
,5.9813085
,6.414368
,0
,0
,9.024017
,2.646763
,3.4651747
,8.12442
,3.3500838
,3.759681
,3.7421649
,4.5581446
,7.1641793
,0
,0
,16.492579
,4.285802
,3.4969926
,0
,0
,0
,0
,3.79111
,0
,5.3775005
,2.0304568
,2.8530672
,2.1805494
,4.3162985
,0
,3.6260786
,3.744617
,0
,8.777704
,8.35847
,0
,0
,6.3131313
,2.0955575
,0.69847035
,2.8731503
,0.94723886
,6.4290967
,0
,7.206688
,4.790255
,4.9306626
,0.877116
,8.076892
,0
,0
,7.4744296
,7.399186
,1.9013816
,4.0342917
,3.771687
,0
,8.304268
,0.8823011
,4.5423574
,5.0135365
,4.1766734
,0
,2.792906
,7.3547435
,1.7551557
,6.6775484
,0
,0
,0
,3.5494032
,1.1378291
,5.9547443
,1.4402996
,3.0895188
,0
,0
,0
,5.1679587
,4.1376047
,1.2394645
,5.8548007
,0.3782148
,0
,0
,4.72195
,8.83826
,4.4940934
,4.216918
,1.5175658
,0
,0
,4.4225774
,0
,3.6477711
,0
,3.4457016
,8.310825
,2.7251668
,4.1891084
,4.565515
,2.2988505
,4.9126253
,4.5030556
,1.463272
,4.239983
,1.809791
,0
,1.0013016
,5.2896056
,1.4396776
,7.3370934
,1.6020507
,4.507889
,15.970516
,4.741334
,2.586175
,10.381906
,0
,7.007218
,5.822416
,4.8699718
,7.410152
,4.6842794
,1.3666804
,0
,2.3860655
,1.3453156
,0
,0
,2.203007
,5.8668227
,2.8311424
,0
,1.0942116
,2.8669724
,8.721564
,0
,4.785452
,1.7487103
,2.935708
,4.344363
,2.6320407
,0
,7.7184315
,2.1050098
,0
,9.9583
,2.884754
,3.756574
,0
,1.8574702
,0
,5.151836
,0
,4.6378603
,0
,0
,7.126568
,0
,3.0321405
,3.199488
,1.9023463
,1.6109545
,0
,8.324504
,0
,0
,33.869602
,5.183361
,0
,2.7831895
,2.9023364
,2.0661156
,3.8649833
,1.0228087
,0
,2.427921
,1.7618041
,4.5053744
,0
,7.9600554
,2.9444673
,2.4553938
,3.6023057
,3.8062096
,6.3588963
,0.93066543
,8.558712
,5.711747
,0.86843246
,3.5032406
,8.239018
,6.102345
,2.9757476
,0
,0
,0
,3.1117103
,3.7022345
,0
,3.4908075
,0
,4.3773255
,4.314762
,0
,2.1907403
,0
,0
,4.3535047
,9.5563135
,10.374981
,1.5725743
,4.272591
,11.42277
,4.6533275
,8.538089
,0
,8.2891245
,0
,0
,4.134367
,11.568867
,3.6014407
,7.3561864
,0.6097003
,4.9578586
,5.1880674
,4.424779
,0.95812976
,0.3217296
,3.4346557
,0
,5.2294416
,1.742464
,3.9865596
,0
,3.1887755
,2.1117094
,0
,1.42572
,6.149116
,7.1539288
,1.4295245
,3.8940809
,0
,1.0490978
,2.9299736
,3.2276285
,35.28893
,6.66489
,7.240474
,4.903403
,0
,3.6507008
,2.342469
,30.917212
,1.3204806
,5.6134725
,11.820331
,2.9717681
,0
,0
,2.479544
,17.34104
,11.734029
,4.4300714
,3.2826862
,5.239129
,4.2574935
,4.6490006
,0
,3.088962
,0.22347867
,4.9835544
,8.31428
,13.949434
,6.103409
,3.2339435
,3.396739
,4.6273446
,7.5992656
,3.4987054
,10.279605
,1.1147029
,4.263256
,8.005764
,6.389599
,2.3874896
,0
,0
,0.700133
,3.1571636
,0.62418073
,2.0092425
,3.671746
,0
,0
,0
,3.8058991
,2.617801
,0
,0
,2.6994195
,4.339336
,3.3877633
,6.921457
,4.1601663
,3.017957
,2.0343812
,0
,2.8574696
,3.8934314
,3.5714285
,6.042296
,0
,0
,2.939324
,0
,0.7665185
,12.372635
,1.7149717
,2.62317
,10.870475
,0
,6.3882456
,10.97624
,2.1568768
,1.5583606
,1.0458063
,0
,2.533313
,0
,0
,0
,3.5296192
,2.0092425
,0
,0
,1.4172335
,9.345212
,3.7983098
,7.0621467
,1.664397
,0.38839474
,1.4912019
,3.354579
,0
,6.45227
,1.2087513
,0
,0.5222205
,2.5087807
,6.811989
,6.213937
,7.537925
,0
,2.5940337
,0
,4.6601424
,2.4183798
,4.5394707
,0
,4.7687173
,0.8112274
,2.1849327
,3.1955688
,0
,2.7469509
,3.1813362
,5.625176
,5.2626038
,3.1662269
,2.755074
,4.639026
,1.9928259
,1.761287
,1.1527377
,0.84853625
,5.649718
,0
,2.8826752
,2.260325
,0
,5.658709
,2.7240534
,5.766181
,0
,6.489293
,0
,5.9671807
,4.3880644
,0
,1.3557483
,3.5940197
,8.449514
,1.186052
,3.2280378
,0.79484934
,6.252171
,3.8372986
,0
,4.2415566
,3.8571744
,7.073803
,2.9426188
,6.8079314
,0
,4.503828
,1.3317353
,6.3971343
,2.5505323
,4.862631
,3.236246
,7.6084204
,6.4566116
,4.942543
,0
,4.745709
,0
,4.346566
,5.8557034
,0
,6.5051227
,2.427479
,2.9822557
,4.5929017
,0
,0.8740495
,6.0126266
,3.8648837
,4.2337003
,4.713424
,2.4622455
,3.0472322
,4.0683484
,3.6376865
,0
,1.9278966
,5.452563
,5.3281517
,11.861315
,5.4188795
,1.3623978
,3.9254172
,5.458515
,0
,0
,0
,6.350819
,0.70606506
,4.598758
,5.8212867
,0
,3.570849
,0
,0
,1.510574
,0
,0
,1.5129738
,3.6743093
,4.092658
,2.3964293
,5.5524707
,4.769337
,0
,4.424289
,4.8804297
,7.420806
,16.129032
,0
,6.2610283
,0.79878587
,5.398475
,0
,5.055101
,1.287167
,3.6728697
,7.735448
,0
,5.055977
,5.4783263
,6.699963
,1.8266509
,6.705409
,3.752521
,3.1984649
,6.132618
,0.86580086
,3.111818
,0
,1.5040987
,0
,3.7914693
,0
,2.8985507
,4.447607
,0
,3.1598072
,5.3073864
,2.5702536
,2.004008
,5.994755
,4.366812
,2.6955996
,4.0591006
,0
,0
,1.523152
,0
,3.8878088
,0
,0
,6.1267
,1.2309208
,4.1692724
,5.973002
,20.66444
,1.4506769
,1.0764263
,0
,5.965062
,2.060298
,3.5457847
,5.15132
,3.373819
,6.780683
,0
,1.9133263
,22.624434
,1.5652392
,2.3165576
,3.239391
,2.1302278
,0
,1.4621308
,7.60225
,0
,5.8671675
,3.6184685
,0
,0
,3.7534719
,4.1288195
,10.381222
,4.4637876
,0
,0.8732862
,2.2651768
,0.4434983
,6.3131313
,0
,4.354452
,2.5057945
,3.0959754
,3.5429585
,0.28374428
,0
,0.6238303
,1.0454783
,0
,0
,0
,2.8579593
,1.8723086
,9.674299
,3.8282397
,2.4491794
,4.687573
,3.6473722
,5.1736403
,0.7338911
,6.2183104
,7.261285
,0
,0
,4.13679
,2.8770769
,0
,1.8590817
,3.571684
,0.700035
,0.92344624
,1.8869704
,1.038961
,4.758128
,2.1052632
,8.361204
,3.3145506
,0
,10.364842
,0
,0
,0
,2.2313461
,0
,3.2819166
,4.517732
,6.9593825
,9.376465
,0
,0
,3.705076
,0
,4.6437573
,0.66617817
,0.9506607
,1.57592
,0.9775171
,0.7108584
,0
,2.5877686
,0
,2.4663954
,1.5486269
,2.0487604
,4.053835
,5.484711
,0.6495615
,1.3260255
,3.9884336
,0
,1.0350896
,4.382944
,5.2714815
,4.7410216
,1.463272
,0
,0.55524707
,0.87263846
,0.29890898
,4.699248
,2.8912876
,1.9308747
,1.2909888
,0.59249896
,3.394721
,3.245173
,7.607134
,4.3271313
,0
,0
,6.2046285
,0
,0
,3.575046
,8.379108
,4.564473
,7.9554496
,0
,3.266373
,1.8479897
,6.1682158
,5.817596
,3.7435656
,0
,0
,7.0095506
,0
,0
,0
,0.9139097
,1.8721918
,9.043226
,2.897151
,7.5955772
,5.055977
,3.4977264
,2.3860655
,2.5306206
,9.130949
,2.3441162
,0.7357269
,0
,1.3633265
,0
,0.9354974
,4.295994
,13.291634
,5.5456967
,0
,45.977013
,1.788269
,8.624407
,2.3391812
,0
,5.987128
,7.3197513
,3.2390413
,0
,6.799021
,5.0039315
,4.9217978
,2.8587766
,2.5840747
,4.9246526
,0
,3.9059448
,3.4265015
,2.579813
,1.9126554
,0
,3.1591299
,4.4792833
,0
,0
,0
,0
,2.6843836
,3.089471
,7.6294274
,8.577104
,2.6423569
,53.12085
,0
,4.0535064
,1.2425448
,4.848877
,1.8061951
,0
,1.767409
,1.8645412
,2.2864983
,5.989369
,0
,4.3840423
,2.093145
,2.9394474
,5.6439776
,1.5243902
,0
,10.007698
,2.4772916
,6.4068336
,1.5351549
,4.931777
,0
,5.6920595
,0
,5.302227
,3.4223135
,0.80736315
,6.728652
,1.0713521
,6.8907027
,4.027386
,4.091653
,0
,0
,0
,4.0284677
,4.377645
,1.2186947
,4.145651
,4.9389687
,0
,3.1647573
,3.568455
,0.6618791
,1.8247066
,0
,4.274113
,8.516569
,4.657662
,0
,6.0368247
,4.209197
,1.5031567
,3.2499187
,2.1208909
,4.2643924
,0
,0
,3.2786884
,0
,0
,0
,4.489002
,0
,1.266464
,2.829388
,1.9083058
,0
,7.3943987
,3.4293554
,1.85031
,3.0854676
,5.758894
,3.487561
,0
,4.7054396
,0
,4.6146746
,0.5246039
,0
,0.961631
,15.337423
,1.8496255
,0
,3.8480778
,5.9031878
,4.9137635
,0
,0
,0.82549113
,2.7609055
,4.5149636
,0.92764384
,15.698587
,3.298153
,3.8572807
,1.9303777
,4.0460515
,0
,0
,2.1516945
,5.5184593
,0
,16.535233
,2.033347
,7.44562
,5.9171596
,45.24887
,4.3949604
,2.8240612
,3.4891837
,1.8215766
,1.5912166
,5.567929
,0
,4.196978
,2.499167
,1.9853086
,2.722323
,3.4627535
,5.426357
,2.5417266
,7.216743
,3.8288097
,3.736502
,0
,0
,9.247404
,0
,3.086229
,0.9821253
,2.253572
,4.6981444
,12.016342
,61.208874
,0
,5.755727
,38.61004
,2.342652
,0
,0
,0
,4.987983
,2.9418688
,2.6539278
,2.62169
,2.5701985
,0
,0.704523
,2.1225789
,0.49468213
,3.3302805
,1.0745755
,2.4353416
,7.1575556
,0
,3.3798056
,3.359312
,0
,0
,0
,1.4280614
,0
,0
,0
,3.0620837
,6.176017
,5.3740325
,3.0425963
,3.2475967
,0
,3.6220949
,5.8066387
,0
,0
,2.640264
,3.6927624
,0
,4.2780747
,0.77232003
,3.455425
,2.585761
,1.3421017
,3.9467194
,3.9601998
,0
,5.807201
,6.1932287
,9.318507
,3.2458048
,0
,4.902862
,3.2637076
,3.335928
,0
,8.782716
,2.4991252
,9.49367
,4.2616663
,1.370614
,8.5470085
,1.3776635
,7.612005
,4.1419873
,4.1363826
,4.0899796
,0
,10.873111
,2.0069575
,2.5188916
,0
,5.5040097
,14.231499
,1.4338974
,3.5349567
,2.1994135
,0
,0
,1.7826902
,2.4943185
,1.354035
,5.5711856
,4.9885263
,3.5416138
,0.98135424
,1.6922622
,0
,1.1795235
,0
,4.1603107
,2.2106287
,3.9181113
,0
,7.795305
,1.6265453
,6.7886567
,8.174387
,2.4689324
,1.6561775
,0
,25.157234
,10.086028
,2.0404296
,0
,0
,1.8998765
,6.56168
,3.4209087
,0.52812254
,1.1223345
,4.453847
,9.630303
,4.5192065
,0
,5.327245
,5.4495916
,1.957905
,0
,91.84845
,4.743083
,0
,0.6551792
,11.75779
,7.0646415
,1.8871485
,0
,0.54785514
,4.9594975
,9.046135
,3.4991543
,2.4128363
,0
,0
,7.7073994
,4.2740264
,8.306338
,4.2123
,3.7608123
,3.9796243
,1.6765865
,2.0808406
,1.8751173
,1.7301039
,0
,0
,1.0179154
,0
,4.5408106
,4.865504
,2.0464544
,0
,0
,4.065371
,8.687517
,0
,3.150433
,0
,7.826888
,11.958544
,2.1228719
,4.7614512
,2.6780932
,6.6948195
,6.9090137
,2.3337224
,1.8304961
,0
,3.2076986
,106.22155
,5.3134966
,1.1586143
,1.6313214
,4.3911653
,2.531325
,2.3221612
,2.1920211
,0
,62.65664
,1.0001
,5.5401664
,4.5277553
,0
,3.1424801
,14.064698
,1.3526309
,0
,0
,2.3583052
,0
,6.047046
,3.8716815
,2.145923
,1.7361112
,8.017493
,7.1202526
,2.8528636
,0
,1.8441112
,7.677964
,3.725569
,0
,0
,2.6511135
,4.4078255
,1.7962997
,1.7190992
,2.993564
,7.001575
,0
,7.153076
,1.2729934
,6.9178953
,2.315887
,0
,8.326395
,10.863125
,6.9637885
,8.865248
,3.0321405
,9.84252
,0
,5.8731403
,0.2362056
,1.8966335
,4.221636
,2.7712345
,3.7271712
,0
,3.1354516
,5.025631
,3.919417
,4.5523524
,0.8046347
,4.2165627
,3.3452275
,0
,11.282437
,0
,6.7929654
,11.013216
,1.9656019
,3.2509754
,0
,0
,3.099814
,13.395847
,3.662467
,2.7404768
,9.397025
,3.5408676
,0
,0
,3.1538634
,2.5599453
,9.670244
,5.3734555
,5.764104
,8.114413
,17.752136
,5.4535537
,0
,0
,1.9930245
,0
,2.9048657
,4.0084753
,6.9869
,0
,3.04414
,2.4670038
,7.550589
,1.6454134
,0
,0
,3.2574618
,0
,2.2827923
,2.857347
,3.7436357
,8.1994095
,10.368066
,5.6735287
,0
,1.9740738
,0
,2.4834437
,5.0947623
,2.8218694
,4.8620934
,0.9710623
,0
,7.637961
,2.8757324
,4.7824006
,1.956054
,9.771987
,0
,1.2462612
,5.5734706
,2.2316446
,4.002241
,0
,2.4700506
,1.7077475
,0
,8.2065525
,3.271716
,8.031698
,5.7770076
,10.303613
,4.4787817
,0
,10.933306
,1.0450413
,5.0312657
,5.262367
,4.759962
,3.0807147
,3.3180704
,4.7911077
,1.59109
,1.0570452
,3.328064
,4.292306
,4.8718104
,15.408319
,3.3411293
,0
,11.862396
,0.27880782
,3.3328888
,7.7684984
,5.1903114
,4.6040516
,0
,0
,4.679457
,3.2815576
,4.571637
,0
,0
,2.6052976
,1.4288776
,0
,0
,4.556995
,3.309432
,0.7115412
,4.818348
,0
,1.7916331
,5.6449337
,6.390457
,0
,27.19855
,2.6276605
,5.114376
,4.5678325
,3.44086
,16.18123
,2.8388927
,4.628099
,3.502934
,2.5113008
,0.9287984
,2.646728
,0
,4.809344
,1.4106363
,1.6880486
,4.573258
,2.9832935
,6.111224
,2.4273317
,4.060089
,0
,2.705994
,2.2784233
,0
,0.6589786
,4.219409
,4.4510384
,4.1931653
,3.5072951
,6.955917
,0
,2.8597984
,3.626254
,1.3890818
,1.4055802
,0
,3.7636433
,3.4383955
,0
,0
,8.004434
,1.0463535
,5.27179
,2.9495625
,3.4251268
,0
,2.886836
,0.60437566
,1.867065
,4.384469
,11.144545
,4.577078
,4.941322
,2.36267
,6.1690316
,5.104471
,3.2713337
,0
,2.335721
,0.80083287
,3.6403348
,0
,2.5169897
,3.3512063
,2.3034399
,5.034683
,3.105349
,4.8520136
,13.371537
,15.915119
,0
,2.0923128
,7.069489
,13.404825
,7.807163
,0
,7.146017
,1.3384492
,2.0183673
,5.6758294
,2.9486346
,0
,0
,2.609467
,1.5503876
,2.6922731
,12.797075
,2.2419012
,6.073489
,9.850599
,0
,0.5178127
,3.5208166
,0
,6.4028683
,3.6281836
,4.7592983
,4.320899
,1.7271158
,3.3532495
,4.5755315
,6.1334643
,7.3877068
,0
,4.636069
,10.560777
,7.8636956
,6.6050196
,1.9164431
,4.3975377
,2.5037556
,4.1761127
,1.1829419
,5.57241
,4.4301696
,0
,1.9291984
,0
,2.3748739
,3.403676
,2.8226662
,3.2985156
,1.1195701
,2.03749
,3.6390102
,0
,11.09878
,5.5187635
,0
,2.0077095
,4.1376457
,4.6527085
,6.545573
,0
,3.6486363
,0
,2.894356
,11.487651
,7.7722726
,3.1956174
,0
,3.5676062
,3.0051463
,0
,0.39858106
,1.8941188
,6.8813653
,0
,4.6490006
,4.6889653
,4.9885263
,0
,5.510943
,3.1152647
,6.040015
,0
,3.866976
,0
,1.7746229
,0
,1.6759964
,0
,2.691609
,0
,2.5003126
,9.229022
,3.3164356
,2.4050024
,4.4609666
,0
,0
,5.2083335
,7.583226
,2.9593678
,12.475741
,5.431388
,5.0929465
,4.375304
,3.5393534
,0
,2.3564065
,0
,5.409548
,2.0114653
,2.9342723
,0.90735865
,5.788991
,7.7715173
,0
,4.0563836
,0
,5.4347825
,1.4554982
,0
,1.2172854
,4.5194335
,3.0342107
,1.3388673
,29.67359
,1.2063211
,1.8165305
,2.2815423
,0
,0.551116
,6.1067004
,0
,4.321148
,7.6966133
,4.949515
,2.0389438
,3.1246092
,0
,0.7466587
,3.9096098
,0.46809903
,3.0254135
,2.3980815
,7.2668552
,3.1502016
,0.95987713
,0
,2.9365125
,5.305392
,4.12444
,1.9162595
,5.437492
,0
,0.742611
,4.0993686
,3.0408077
,2.7615728
,0
,0
,1.0863662
,3.079766
,0
,1.1602274
,0
,3.9148138
,1.7860333
,3.2892933
,0
,6.914673
,5.276349
,5.679667
,0
,1.2786088
,2.6038275
,1.5878056
,0
,4.1813016
,0
,3.6646144
,0
,17.094017
,4.5612116
,1.4220706
,0
,3.5492458
,0
,0
,3.3969314
,0.6620325
,0
,2.4092515
,0
,6.3275123
,0.9811617
,4.3372917
,0.728226
,2.1021652
,6.716819
,2.6739755
,0.59484863
,9.110233
,2.3859231
,6.9168253
,4.1575103
,1.0459157
,4.2259474
,0
,7.7051497
,5.91441
,4.4987826
,4.46674
,2.51488
,1.2746973
,5.1301785
,2.8574927
,0
,0
,10.604454
,36.310818
,0
,11.4927845
,0
,0
,21.45539
,3.9510076
,5.785363
,0
,2.919221
,11.97996
,0.93580383
,2.0627062
,0
,0
,4.238725
,4.3369837
,2.3665838
,3.5748332
,1.6736401
,2.4732885
,0
,0.93729496
,1.4702855
,1.6215997
,2.2144716
,2.4956326
,5.518764
,3.094843
,0
,7.1932096
,7.550238
,3.49345
,3.4188035
,3.8030043
,1.1540681
,1.2731556
,2.5486367
,3.4822981
,0.8385041
,8.193668
,0
,4.8088484
,0
,2.026548
,3.0811894
,0.8958968
,0.4354073
,7.1946144
,4.3140635
,2.6150627
,1.3319126
,4.2744174
,2.9508972
,3.2206118
,0
,2.8488405
,6.263048
,6.5770245
,3.260363
,0
,4.1511
,0
,0
,2.0210185
,0.8954155
,3.5808067
,1.1017666
,15.596569
,1.6256199
,6.5121126
,1.6620269
,2.1260762
,4.493877
,3.2076986
,14.38849
,0
,6.5727696
,0
,0
,0.94446546
,1.8728347
,4.670278
,0
,0
,2.272314
,3.4740317
,3.4482758
,0
,0.98188424
,2.2413986
,6.22084
,0
,2.5744443
,6.6577897
,0
,7.7203045
,4.6863494
,1.6183848
,2.8256571
,5.811299
,0
,0
,8.227067
,0
,4.62606
,0
,8.140008
,6.811757
,0
,11.316057
,5.4662733
,3.7257824
,0
,3.4324157
,3.7942023
,3.41284
,2.5552573
,1.3296105
,4.4676514
,3.5953116
,4.357678
,5.195345
,0
,2.9804482
,7.095074
,5.727675
,3.9035814
,1.9081542
,0
,3.6314116
,0
,6.761978
,2.7395382
,1.3692065
,4.449982
,6.926407
,1.0837759
,5.7677517
,3.9884336
,1.0290712
,5.991213
,3.1181788
,11.651877
,0
,8.35771
,4.7709923
,5.2655334
,7.4468083
,4.397537
,6.8746243
,4.715869
,0
,4.756081
,4.9554014
,5.1644
,0
,2.5004864
,1.9817678
,4.7337275
,2.4781613
,2.0811656
,1.8470631
,4.5423574
,1.5643332
,4.822996
,4.0737348
,0
,5.144695
,10.973937
,2.145923
,5.4180965
,13.869625
,0.9379103
,3.642987
,1.2645422
,3.1655588
,4.874482
,2.753304
,0
,1.6409584
,0
,4.0206394
,4.418913
,2.1292
,0
,1.8838305
,3.9672701
,2.8820105
,0
,0
,0
,0
,2.2995553
,0
,7.232401
,4.5252285
,3.3478405
,5.891174
,4.0708327
,4.095004
,0
,6.8115253
,5.276581
,0
,3.914113
,4.9327908
,0
,12.4532995
,2.8171659
,0
,1.7000057
,0
,1.7871184
,0.6300403
,1.9438235
,4.7973137
,0
,5.296961
,4.304037
,1.3526309
,0
,2.5966158
,9.0647335
,0
,2.683363
,11.13135
,2.2492127
,2.1703744
,1.8375597
,2.0493903
,4.576921
,0.5678592
,1.938736
,3.171415
,4.5868053
,5.5370984
,5.057316
,0.931012
,8.930565
,1.7938828
,2.0638413
,0
,1.9197543
,2.7074592
,2.572182
,5.1255765
,2.7806742
,4.704301
,0.6676013
,4.6180844
,2.088991
,9.709681
,0.8093889
,3.6805298
,0
,0
,0
,3.7277267
,4.0467105
,6.374299
,0
,0
,0
,5.5154157
,6.020799
,3.1441598
,6.230287
,0
,1.7615973
,4.602992
,0
,8.756567
,0
,0
,0
,0
,6.136381
,0
,3.502934
,1.3128529
,1.9238168
,0
,0
,0
,2.3918676
,0
,5.136283
,0
,6.5495033
,16.056519
,5.375766
,4.4184246
,0.4703669
,4.8737693
,5.0926223
,16.18123
,11.337868
,6.655574
,3.1026995
,4.335573
,0
,0
,3.6081543
,19.230768
,5.4783797
,0
,4.5694346
,0
,4.2900043
,4.9840508
,4.226543
,0
,0
,0
,3.184105
,3.5038543
,3.7178178
,7.0555034
,6.075334
,5.4429173
,2.30787
,6.983728
,2.0652623
,6.955485
,1.8501388
,0
,0
,1.1090983
,1.5336246
,5.332385
,0
,2.2053149
,0
,4.0899796
,1.0559661
,1.6219848
,1.4772502
,2.5136154
,2.5003126
,2.7376635
,2.179504
,10.254658
,0
,3.5971224
,0.85440874
,0
,0
,0.72254336
,0
,3.7144344
,0
,2.9936535
,1.0239607
,7.89177
,4.445163
,0.95438063
,0
,0.4375314
,0
,6.281407
,6.2589417
,6.4631953
,1.4700478
,1.9507438
,3.5690386
,2.7625158
,3.2733226
,5.629046
,2.3877747
,2.8605754
,2.9277432
,0
,2.8896961
,7.80379
,2.284931
,65.5308
,0
,0
,1.1903344
,3.441551
,5.2613115
,5.4787016
,5.099439
,6.448008
,0
,0.6487188
,8.39067
,0
,0
,4.912932
,0
,0
,0.760225
,2.7318673
,3.325021
,4.070667
,0
,1.1515431
,1.6110842
,0
,2.6975992
,3.2806246
,0
,1.5885624
,11.571842
,2.5053236
,3.4562213
,4.2548256
,0
,2.1161783
,0
,0
,0
,3.3107884
,4.2348957
,3.9764593
,4.4130626
,2.2386389
,7.7493634
,2.3611357
,3.2099295
,13.35262
,2.720595
,0
,0.8793528
,0
,5.611672
,0
,2.5947068
,0
,2.4869435
,2.3846428
,4.5990224
,6.919458
,0.4247908
,4.0816326
,81.053696
,2.159361
,2.9686806
,0.966931
,6.2405744
,1.8439978
,3.8182511
,5.1324825
,2.067611
,0
,8.066685
,0.6779661
,5.099439
,0
,0.9219139
,8.003557
,0
,2.6199348
,0
,0
,17.785683
,5.651713
,3.2299743
,0
,0
,1.0275029
,3.0974138
,3.6474164
,2.4145842
,2.858543
,3.611412
,0.7859164
,0
,5.858917
,2.7141953
,4.312824
,0
,0
,3.554292
,0
,8.183307
,2.9748626
,1.5417824
,2.5103552
,1.8746779
,0
,4.431151
,3.1730924
,3.2840722
,4.2776175
,3.9610236
,5.438724
,8.41928
,5.675011
,6.2131095
,0
,2.6946914
,4.449718
,1.1649581
,2.2532673
,5.2735662
,5.268704
,4.7991223
,1.1280316
,0.6170554
,3.2005122
,3.7626991
,0
,1.9202459
,4.414145
,0
,5.0970764
,6.3047285
,0.66396654
,11.087704
,3.1470575
,2.0576131
,5.1236067
,4.648568
,13.705547
,0.59584105
,1.8086452
,3.6621985
,1.7432232
,4.733728
,2.623123
,3.4270048
,0
,1.7170329
,12.378426
,0.44609004
,2.2102704
,2.6164312
,4.5502114
,2.0667562
,0.49474335
,0
,0
,1.0511379
,0
,1.2865046
,0
,3.9118528
,3.976143
,0
,3.2579925
,0
,5.138086
,0
,2.1922615
,0
,3.8809116
,0
,1.9888624
,11.721803
,1.4723204
,1.6620959
,0
,0
,5.8349442
,1.330141
,5.593288
,5.1975055
,1.4035088
,1.8142236
,17.211704
,0
,7.8042254
,4.5446796
,9.774534
,7.7519383
,1.1657729
,0
,4.4352455
,4.7305927
,0
,3.622251
,1.8876829
,0
,4.2429814
,2.3963575
,0
,5.379681
,1.6896174
,4.5758214
,3.6868625
,0
,1.9098549
,0
,3.4186573
,2.3027325
,0.78363764
,2.1862702
,3.1679657
,0
,2.751284
,0
,2.1571481
,0
,0.95721257
,0
,3.4225478
,9.29368
,0
,4.0753117
,9.597637
,2.266289
,0
,1.0782834
,3.739516
,2.4525836
,6.032576
,1.6149871
,0
,0.54936
,0
,3.5276477
,0
,6.2444005
,2.321083
,0.7379529
,0
,7.927071
,0
,2.9154518
,0
,24.542616
,2.9976017
,0
,3.062631
,1.1515431
,2.1454623
,2.1968365
,1.8733608
,5.442671
,0
,0
,4.805382
,0
,3.655238
,5.2526026
,6.9741955
,2.9632556
,28.510334
,0
,1.8672392
,0
,1.8856235
,0
,0
,0
,4.7365303
,5.109209
,2.2722108
,3.4867504
,4.795588
,4.110152
,6.4666324
,0
,2.249719
,2.50614
,1.7340039
,0
,4.9838023
,0
,6.7330523
,0
,0
,3.4876623
,1.6837445
,3.4953833
,0
,9.600384
,0
,6.113217
,0
,6.586747
,1.2599219
,1.51183
,0.9775171
,0
,1.8204988
,3.2492852
,2.0417538
,4.109139
,3.2046144
,2.9565387
,4.478615
,3.3557048
,0.8732099
,0
,8.28386
,1.8037517
,5.9435363
,0
,4.053741
,0
,1.340842
,0
,2.0489702
,1.0659087
,2.1405025
,3.320053
,5.3128543
,1.7765145
,0
,1.2186205
,0
,2.99985
,9.501598
,0
,4.859874
,2.145528
,1.5015014
,0
,3.312904
,7.5268817
,0
,5.570686
,2.669942
,7.320644
,4.525501
,2.593361
,4.2647963
,7.3583517
,4.401408
,4.0661426
,0
,0
,5.0056314
,22.040302
,0
,0.8138352
,2.1684918
,7.5390415
,10.791367
,11.261262
,2.652168
,2.4912806
,0
,4.8100047
,3.72093
,2.7831895
,1.6661112
,2.535497
,4.587945
,0
,1.9497927
,0
,4.1450777
,2.5809782
,2.7940767
,0
,2.5893319
,0
,3.5771778
,3.3296866
,58.6378
,4.625347
,1.0216852
,10.333247
,6.380716
,0
,0.59988
,4.106578
,1.9103413
,4.6935134
,4.9368787
,3.7296731
,0
,0
,2.2698383
,4.0016007
,0
,2.4283633
,4.352452
,1.9781089
,11.862396
,5.832604
,0
,0
,1.6335865
,4.792332
,3.498644
,3.2469642
,2.3340855
,0
,0
,3.7404153
,4.0609136
,6.2722144
,0.9071118
,5.5484657
,2.5508578
,5.8368597
,1.1895794
,4.405529
,0
,2.2779043
,4.679457
,4.584212
,6.628702
,1.4126289
,7.851759
,3.4145715
,0
,0
,5.245978
,4.095843
,5.495512
,3.3497095
,5.103017
,2.177226
,14.314929
,4.8867893
,8.100036
,0
,4.7386947
,3.1979532
,4.938678
,0
,8.613264
,4.9829154
,0
,3.0425963
,0
,0
,0.54019016
,4.6791835
,1.2834499
,0.5864415
,1.8434879
,6.870491
,5.9411287
,4.1572633
,2.5442057
,5.2250504
,3.8175225
,0
,4.637604
,0
,2.5274863
,0
,1.0912266
,6.8712783
,0
,0
,0
,4.054915
,3.2630687
,3.4770515
,3.2446463
,6.5606036
,2.4586134
,5.0948925
,4.6598325
,7.9865828
,0
,1.7476407
,10.073477
,0.54564303
,2.1037867
,5.1882596
,10.680649
,11.097753
,0
,0
,2.6966639
,3.0582378
,2.791152
,4.37418
,3.78756
,8.645844
,6.6693344
,0
,1.0932547
,5.479023
,6.829268
,0
,3.1046257
,5.9823947
,8.95328
,2.246686
,0
,0
,0
,1.5696124
,19.745502
,3.9460185
,9.188361
,0
,4.4695234
,4.3891735
,2.1145
,12.072087
,3.194633
,0
,0
,0
,6.4004726
,0.70586574
,2.2740195
,9.471939
,4.2363906
,3.0828516
,5.6569085
,5.78369
,1.8724838
,5.7696004
,0
,4.3520837
,1.6311439
,9.577233
,0
,0
,0.68073523
,3.0864198
,5.0175614
,2.3326335
,0.9086779
,32.258064
,4.48086
,2.7182355
,8.084074
,7.033338
,2.7948575
,0.69300073
,3.1785476
,1.3248543
,0
,0
,3.4359539
,6.948787
,6.3441715
,5.8207216
,2.4046168
,1.2255403
,4.302309
,10.371292
,0
,7.854578
,8.504305
,7.4266615
,5.360493
,6.807352
,0
,0.6516356
,9.219422
,4.509147
,6.663335
,0
,4.6921434
,0
,2.6308866
,0
,4.7947836
,4.6857224
,8.547821
,15.948962
,0
,2.3853066
,3.1410325
,5.2572284
,9.436633
,6.4329367
,4.1105742
,3.3065658
,8.516437
,0
,7.205909
,0
,9.135996
,0
,2.8522532
,0
,9.380863
,2.9063432
,0
,0
,1.3719302
,7.549449
,0
,3.8229225
,0
,7.3093476
,0.64499485
,4.4696736
,2.2084806
,0
,2.935349
,30.832478
,6.9097886
,2.5678885
,5.0684237
,4.746084
,0
,0
,0.8059316
,6.5025544
,6.7347627
,0.9079353
,0.7853608
,0
,5.558644
,2.7987685
,0
,2.834668
,4.3585644
,3.6111512
,2.3715415
,2.59538
,2.0368674
,3.1934597
,3.9858787
,1.9700551
,0
,0
,0
,4.9896646
,0
,0
,3.5762181
,4.1237116
,9.088155
,0
,4.5748267
,2.5222802
,0
,0
,3.5394053
,0
,2.0094445
,0
,2.9000218
,1.9992005
,6.0556016
,8.428319
,3.964059
,2.1326509
,4.9468217
,3.8816862
,4.9255886
,4.9640107
,3.895092
,0
,0
,1.696209
,5.036832
,3.855942
,0
,4.9186196
,1.5976355
,0
,3.6469731
,3.1860662
,1.8075011
,0.80567193
,5.424301
,1.9607843
,4.6191316
,4.019939
,0.5411841
,7.6425104
,2.8481913
,0
,4.4716053
,0
,1.6522553
,3.363983
,4.027224
,5.287808
,1.1954572
,0
,1.8603266
,0
,4.05954
,3.8328862
,5.4545455
,4.6450415
,2.4209168
,1.6982734
,0
,2.1536872
,1.3656539
,2.9616466
,4.762188
,2.9004004
,0.69319284
,7.197121
,0.60871685
,7.568113
,1.7900295
,0.9036689
,1.7335529
,0
,7.025996
,7.372819
,2.042275
,4.9771876
,0
,0
,8.1006975
,5.6519985
,2.4712715
,2.830656
,7.3903003
,0
,3.8639874
,0.34922296
,0
,3.7690809
,10.606329
,3.127199
,3.348401
,7.1250443
,3.8498554
,2.1968367
,3.5898051
,2.7485743
,3.800836
,3.575259
,3.1263678
,0
,2.9252596
,4.5440774
,2.103713
,1.3491635
,2.517148
,3.5688794
,8.183307
,2.9046547
,1.6360252
,8.850863
,4.071385
,6.6839952
,1.4232849
,0.6297626
,0
,3.0721965
,5.7896147
,9.892827
,3.0245748
,2.3441162
,6.623979
,0
,0
,0
,5.1258683
,0
,2.7039816
,3.3239155
,6.480387
,1.3331555
,5.54939
,3.8693702
,9.474183
,2.4900398
,3.97524
,7.3926644
,2.363228
,0
,6.752195
,2.484935
,0
,0
,2.7187047
,3.728329
,7.7006006
,3.8296568
,4.468475
,3.4972022
,2.0552871
,0
,7.238883
,9.082652
,6.062811
,3.3953295
,5.1993966
,2.905119
,0
,4.1986566
,0.6653139
,0
,3.8382804
,0
,4.3931904
,7.467246
,5.9508624
,2.0744019
,3.5798666
,0
,5.657175
,7.3430953
,1.5571473
,2.7107618
,0
,0
,0
,5.8090754
,0
,2.37023
,6.204573
,3.2338912
,0
,9.199633
,9.325459
,2.710615
,2.9797375
,0
,0
,0
,1.2537613
,10.003848
,0
,4.490346
,5.2273912
,4.1562757
,0
,8.53971
,2.2285364
,4.5514026
,6.6141944
,0.922084
,5.5808764
,2.146921
,0
,1.712622
,4.6546264
,6.3656836
,5.902414
,7.040901
,2.3006134
,4.4837303
,2.5109406
,0
,0
,0
,4.772966
,0.7573463
,8.011537
,0
,2.3208587
,3.8779733
,5.1759834
,0
,0
,0
,3.9146602
,1.5713388
,0
,10.516827
,1.7442875
,0.9450903
,0
,0.8694896
,6.232471
,2.1408691
,6.33232
,0.9155832
,2.8277879
,8.675177
,2.4224806
,0
,2.1794405
,2.5715756
,6.2396007
,1.9333011
,0
,4.5262523
,6.3331223
,0
,7.753274
,7.8436103
,9.121313
,4.691532
,3.650301
,6.36436
,0
,7.5384173
,0
,0
,6.7274175
,0
,0
,5.7007127
,0
,0
,7.0150824
,5.5348
,6.7468796
,1.885725
,9.141365
,6.454944
,10.670873
,2.7207184
,0
,2.2160666
,0
,0.60070884
,1.5794046
,2.6894114
,4.4127383
,4.761149
,3.9075854
,1.8674136
,6.932109
,6.393862
,38.75969
,2.751284
,0
,0.88323617
,0
,1.0011013
,8.925916
,7.1511574
,5.807201
,3.007368
,6.8959575
,4.139073
,9.690861
,1.4879845
,1.6440607
,0
,0
,5.1232424
,11.481056
,0.762137
,1.774938
,5.3603625
,0
,3.843567
,5.6827407
,2.8397796
,0
,1.4312294
,3.871467
,6.176652
,0
,0.8305648
,2.7982464
,0
,1.4265335
,0
,0
,0.69969213
,0
,3.5873723
,2.9329813
,5.045772
,8.6306095
,4.0902586
,6.359589
,0
,2.2372198
,0
,2.136524
,2.5608194
,3.8575287
,9.182736
,2.6776628
,0
,2.3174973
,2.2967386
,0
,0
,7.192766
,9.988347
,0
,0
,11.227926
,0
,0
,5.082334
,5.0035024
,0.41891834
,5.7438254
,4.674353
,0
,1.9486847
,3.0700746
,0
,6.0795555
,3.3842857
,5.511464
,0
,2.2411475
,10.55497
,1.8563209
,3.6795142
,7.7772593
,5.758258
,2.6518166
,0
,0
,7.2500544
,95.351616
,3.1623554
,9.795118
,6.914325
,0
,4.13845
,4.5045047
,9.784736
,2.97442
,0
,5.5043344
,3.4293551
,4.832919
,7.4170218
,0.359764
,4.989309
,2.6618752
,1.456028
,0
,0.9973073
,9.099181
,6.008412
,1.7099863
,0
,0
,2.7974637
,0
,10.4639
,0
,4.660194
,0
,2.3266637
,0
,10.054138
,2.1440823
,0
,0
,0
,1.3601742
,0
,5.7786765
,0
,2.2988508
,0
,0.85499316
,4.103069
,6.601386
,3.8671627
,0
,1.933862
,3.3322225
,2.186589
,2.401537
,5.1510186
,7.3053646
,5.5224648
,30.27436
,0
,2.8923469
,1.4085499
,2.8314574
,2.138237
,0
,0.7367568
,0.9578544
,1.447178
,0.9641342
,0.7369197
,0
,0
,0.63942707
,1.9990005
,0
,0.2690776
,3.0543678
,0
,0
,14.705881
,4.7607713
,2.7275207
,7.984943
,5.19084
,4.1007133
,4.8729973
,4.7424836
,2.9501429
,6.3496094
,4.402571
,2.355574
,3.3447053
,1.3825523
,2.008839
,2.4016526
,5.8167205
,5.400297
,6.993007
,0
,0
,0.48160276
,1.336809
,3.3813484
,4.4909506
,7.4694996
,3.799186
,19.047619
,7.083407
,4.5069404
,2.2634676
,0
,3.1918287
,0
,5.024494
,2.3665838
,3.5769644
,0
,5.561735
,2.1166263
,0
,14.117646
,0.9668998
,0.7688168
,4.8177295
,1.327845
,6.5679483
,2.5643218
,1.3428226
,0
,0
,4.8719096
,4.938678
,4.712042
,2.0486555
,0
,0
,8.033051
,0
,4.4039927
,1.7229497
,0
,3.0697446
,4.3177896
,4.456328
,0
,2.8175364
,0
,2.0777063
,1.1644833
,10.1971445
,0
,4.4174933
,0
,7.476636
,0
,1.1570057
,1.2827638
,7.076515
,0
,0
,4.6847186
,1.5961691
,1.7780939
,0.8487523
,0
,0
,0
,2.4803638
,0
,3.3211558
,0
,0
,5.417118
,0
,13.647643
,0.85726535
,16.008537
,2.5557473
,3.9447732
,6.779661
,0
,0
,4.2971735
,2.6251314
,7.5829387
,6.0199523
,3.632181
,3.576538
,3.8187373
,2.84549
,0
,3.7125432
,2.206726
,8.994963
,1.5733166
,5.393743
,3.137091
,5.7858195
,6.6807704
,1.9275252
,3.980892
,6.712638
,3.0630217
,3.3918014
,4.4395876
,4.2597213
,1.7362617
,4.9942923
,5.8244886
,0
,0
,0
,4.4135494
,13.717421
,0.84588057
,2.330761
,5.328524
,1.2141324
,4.357773
,1.0992031
,5.763689
,29.282576
,5.0594487
,6.4991336
,6.537169
,0
,27.410913
,0
,4.2955327
,2.2656898
,7.296607
,3.0366127
,0
,0
,0
,3.5868006
,0
,2.5034423
,6.3630576
,5.5906763
,1.1650938
,0.96006143
,3.7427485
,4.3706293
,6.0350027
,6.6137567
,3.031681
,1.5542431
,2.1266642
,1.380834
,0
,8.372205
,2.2075055
,0
,5.5688148
,5.418586
,4.097401
,4.233103
,5.5471506
,5.168493
,2.2196574
,7.062147
,2.0600717
,5.4637346
,2.890382
,0
,19.960081
,0
,0
,6.851997
,5.1533113
,8.440243
,5.146239
,7.1456923
,0
,3.4391837
,6.758279
,0
,1.9303155
,0
,4.899559
,2.5128787
,1.0847163
,8.759124
,0
,5.8275056
,6.013907
,0
,4.9285364
,0
,1.3948947
,0
,0
,8.115001
,2.9205606
,3.0830462
,1.0182263
,0
,1.3905628
,9.829431
,2.8490028
,0.7191916
,1.3881178
,0
,3.7098868
,0
,4.8374615
,4.511617
,1.7126219
,3.4873586
,3.1669624
,4.632489
,3.3395352
,0
,3.5771778
,4.6333833
,2.0789156
,9.547299
,5.144033
,0.7956715
,0
,2.5316455
,4.0588536
,1.282709
,0
,0
,0
,2.5387154
,2.5242963
,5.8190284
,1.3063357
,6.3852882
,9.792401
,0
,3.5082443
,2.4406118
,0
,4.0805225
,3.9603958
,0
,7.7288284
,0.74338394
,0.97570497
,2.201108
,0
,4.1305246
,0
,6.5364227
,3.5577059
,0
,0
,2.8083973
,0.762079
,3.77145
,16.618196
,5.0454087
,5.185527
,3.6917396
,6.097871
,0.25757262
,3.2470543
,3.2875812
,1.1672697
,0
,1.774308
,1.589404
,0
,2.2237048
,7.2276716
,5.692816
,7.153252
,8.46284
,0
,8.076892
,5.0977063
,3.1620553
,3.5269222
,0
,7.2800074
,2.800224
,2.3369946
,0
,0.60842055
,0
,0
,4.572474
,2.1045985
,0
,3.6370249
,2.0929258
,2.6684458
,0.9062075
,2.3327425
,6.081492
,3.3142762
,21.201414
,4.2380576
,2.5422652
,3.0081973
,0
,3.4150412
,1.6054801
,5.320092
,3.2794566
,2.3661172
,5.628766
,3.9069436
,1.330023
,3.7105753
,0.7412349
,3.6203775
,0
,2.7794077
,6.9076676
,4.9320474
,2.2674453
,6.898534
,9.442871
,2.1913807
,4.0014405
,6.32858
,0
,2.5166728
,0
,0
,3.645865
,5.08661
,0
,0.79063886
,4.110152
,0
,2.228164
,0.63011974
,3.7007666
,1.8114301
,3.2442954
,12.987013
,0
,2.140182
,12.744835
,2.7860327
,0
,5.846244
,6.4478908
,0.78774273
,2.38635
,0.7919538
,1.5503876
,6.3467264
,1.9274508
,0
,2.7467496
,1.9527436
,0
,2.952175
,0
,0.80160326
,0
,0
,2.1045544
,1.9493177
,7.254262
,0
,0
,5.396654
,0
,6.999125
,2.7743099
,6.2926064
,0
,11.970673
,0
,2.4105098
,4.382121
,4.5036354
,0.9620472
,4.0104275
,6.4419155
,4.2354937
,3.9926534
,5.308325
,0
,0.5827506
,4.247186
,0.795545
,0
,6.470099
,0
,2.2507315
,1.4473875
,1.9851116
,3.93056
,6.043209
,0
,0
,2.0078979
,0
,5.682222
,3.1359758
,0.81873256
,5.609311
,8.1614485
,0
,1.339495
,0
,2.1430612
,0
,6.6998467
,0
,5.8365755
,3.1451485
,2.3696682
,0
,7.002801
,10.64315
,4.8617115
,0.96730506
,0
,0
,2.1041558
,0
,2.5113008
,4.476276
,0
,1.8807597
,7.0729694
,4.2316103
,4.415847
,9.235505
,0
,9.080402
,5.0952816
,11.207622
,3.6453776
,1.0779347
,0.7971303
,3.1843753
,7.3625655
,0
,0
,4.2710347
,0
,0
,9.165903
,1.5505079
,4.1094766
,0.63111395
,5.4232388
,0
,1.5421389
,2.9955068
,2.088264
,1.1763322
,12.180268
,1.3126805
,0
,2.2906885
,5.374177
,0
,1.4468639
,1.605523
,0
,0
,8.807985
,0
,0
,0
,0.82812303
,6.354855
,0
,3.5612535
,1.3232764
,3.0612872
,3.2995136
,0
,5.4176517
,4.3656206
,0
,1.4199167
,4.4138417
,4.408641
,0
,3.2925425
,0.6526137
,5.828638
,12.423763
,12.860083
,3.9502273
,3.3330557
,0
,0
,2.545177
,1.8248175
,4.396307
,0
,3.7235627
,7.4957414
,0
,5.378203
,3.4847252
,0
,2.8054426
,0
,0
,0
,0
,3.3405714
,0.8863284
,8.123477
,2.4187696
,0
,2.4793386
,3.0609121
,2.4375975
,7.836991
,1.1981788
,2.560426
,3.6491911
,4.5833015
,7.520537
,5.878463
,4.3290043
,0
,5.0170584
,9.02527
,3.049943
,6.4918203
,4.639833
,3.8817365
,2.4293466
,2.4129333
,1.2529758
,4.336827
,0
,0
,1.0115315
,1.4119308
,0
,0
,0.9847366
,0
,5.44119
,19.865526
,0
,4.5305243
,7.0363545
,4.926991
,8.03177
,4.8967233
,0
,0
,6.059958
,1.8894662
,0
,1.3898541
,5.73548
,0
,5.6032066
,5.9676046
,3.861501
,5.1321526
,3.5615072
,0
,1.9102196
,3.2087276
,0
,0
,0
,2.2019157
,4.4025154
,0
,0
,3.2701113
,4.847897
,0.9502994
,4.6392946
,0.47056612
,0
,3.3407571
,1.1704121
,0
,2.4687295
,2.4493794
,8.129137
,0
,0
,3.4755135
,0
,4.003603
,0
,5.784108
,0
,7.3994346
,5.765018
,3.0532486
,4.417379
,0
,6.126378
,66.37168
,3.4786065
,2.398465
,3.1142945
,12.300123
,6.7670445
,3.8595138
,2.904685
,6.4625573
,3.1584172
,1.601794
,4.734288
,0
,5.318442
,0.921574
,0.93127215
,2.7342324
,8.171418
,3.4391837
,0.9567547
,4.799616
,0
,4.3850036
,9.6859
,0
,2.4455857
,2.5943701
,5.971338
,10.22124
,2.9439905
,5.7816
,5.896226
,5.74465
,4.0102663
,4.003603
,16.760948
,0
,4.9071727
,2.15154
,5.8207216
,2.1931427
,3.5976768
,1.753002
,4.607941
,1.0078613
,13.927576
,5.9820538
,0
,8.7266655
,0
,0.26211634
,1.6496207
,4.4140368
,0
,0
,0
,5.5258794
,2.34553
,0
,2.8748024
,0
,1.5650922
,6.02971
,2.7697763
,7.278777
,17.921148
,3.923877
,2.779322
,5.6989336
,4.218519
,55.679287
,0
,0
,1.213445
,0
,3.6730945
,0
,5.4159446
,0
,1.5851209
,3.756221
,2.0158582
,2.954646
,0
,1.6886188
,0
,0
,3.10559
,3.9485965
,4.36872
,1.5027425
,5.138746
,2.8970392
,4.796355
,0
,5.6306305
,4.8680754
,7.3051357
,0
,4.200975
,0
,11.188463
,2.0936928
,3.3458242
,3.221442
,5.411743
,9.940358
,0
,0
,2.932953
,0
,2.7596357
,5.935305
,0
,0
,0
,0
,0
,2.7160997
,1.5988063
,12.771392
,5.525734
,3.6662266
,0
,2.8546958
,5.608875
,0
,8.792926
,7.408975
,2.2240014
,19.157087
,0
,0
,0
,0
,4.485646
,8.842444
,1.2478942
,0
,5.0138717
,0.6886104
,1.191682
,0
,1.68336
,0
,4.8563337
,0
,0
,0.8504125
,8.47757
,6.32265
,10.7112255
,5.6962204
,0.4149033
,5.7799754
,5.303834
,5.6123023
,3.3898304
,3.960004
,7.5815015
,0
,0
,8.910303
,5.7238646
,0
,0
,2.361461
,4.1896515
,6.594329
,2.5312185
,13.69863
,0
,8.109067
,10.259041
,2.1252856
,1.3368983
,3.213626
,3.1166518
,4.6296296
,2.2993793
,6.150061
,0
,8.640457
,1.2231668
,5.47179
,5.3985963
,0
,50.90909
,0
,0
,10.374577
,0
,8.226144
,0
,6.666667
,6.0091
,3.5492458
,2.0158582
,3.248863
,2.0418162
,2.1350186
,0.97361505
,4.0086584
,2.6469033
,4.280822
,4.660701
,0
,2.870882
,2.3427434
,9.253547
,0
,7.29173
,1.7799928
,2.7831893
,3.4913154
,2.6657782
,3.6968577
,1.9465351
,0
,0
,5.128957
,5.244231
,1.6381357
,0
,3.7478018
,3.246929
,3.122073
,3.0785017
,4.219409
,0.95301634
,53.361794
,5.729252
,3.789314
,0
,32.08556
,0
,4.110876
,0
,0
,0
,0
,3.391411
,0
,1.8258171
,0
,6.5607314
,3.4928396
,0
,6.0758615
,15.009381
,0
,1.4499058
,0
,5.0948925
,0
,0
,0
,8.09613
,1.4808233
,5.990176
,6.8127627
,0
,0
,9.885765
,2.7056277
,0
,0.5814968
,4.7675805
,8.813808
,3.9112155
,0
,5.9648075
,0
,2.1030493
,0
,0
,3.8647344
,1.1504833
,0
,0
,0
,0.69691265
,6.354586
,3.682902
,5.019576
,3.455425
,0
,0.8714977
,3.4150672
,1.7887487
,5.30504
,2.124646
,0
,1.3774104
,1.3374349
,4.05943
,11.281906
,1.277792
,0
,0.4123541
,0
,3.2758245
,5.8132777
,13.287271
,0.6506604
,10.003572
,4.0992007
,2.6346989
,0
,4.079043
,0.8985533
,5.6802044
,0.8088324
,0
,0
,0.99532205
,2.3651845
,5.2310376
,5.9934077
,3.99936
,0.78474456
,8.279288
,4.885198
,5.0668826
,0
,4.7672706
,4.3451815
,1.821162
,5.4192533
,8.557573
,1.1568718
,2.7762356
,0
,11.07573
,0.5032966
,1.6621419
,0
,3.3523297
,3.1461382
,0
,0
,0
,2.6497085
,2.7752082
,4.247186
,10.482181
,0
,8.904719
,1.1353315
,6.9308076
,0
,6.699719
,0
,0
,7.4515643
,0
,4.713276
,0
,0
,6.6609573
,0.7389891
,0.544514
,5.6363435
,1.9561051
,0
,0
,2.7956388
,1.9403158
,2.2954206
,1.9745286
,3.249127
,5.0357537
,3.7202382
,8.181871
,0
,0
,5.221932
,2.0973155
,0
,2.3892007
,1.7528484
,11.111111
,4.0053406
,1.6507099
,4.120313
,3.846154
,0.2723534
,4.167535
,1.1556685
,4.6237426
,2.1215656
,1.7761989
,9.037778
,3.0885985
,2.289028
,0.6270772
,2.8344672
,2.417269
,6.067961
,7.3266783
,0
,0
,6.9140925
,0
,15.576324
,3.2097578
,0
,0
,4.0810776
,1.514922
,0.6540222
,3.9516766
,4.399472
,0.87214375
,5.782575
,5.496166
,2.3094687
,4.5820518
,1.0042177
,1.7985612
,1.1235955
,5.2906055
,4.2753315
,0
,1.5253203
,1.2436265
,0
,3.6703982
,3.9972591
,2.4779053
,8.244023
,8.996539
,6.541173
,2.4256146
,4.898359
,1.9349846
,0
,0.7622532
,2.0976453
,4.969191
,3.7840564
,6.805293
,6.081903
,8.091924
,0
,0
,8.9817
,9.606987
,2.2558086
,0
,14.760148
,6.632521
,1.8168604
,10.293361
,2.7337344
,5.8266573
,1.5627441
,1.7301037
,0
,4.261018
,2.931262
,0.91182643
,1.7639794
,0
,3.0899165
,4.7758026
,4.563293
,10.424184
,1.8817035
,0.7097232
,7.5063806
,0
,2.0718234
,1.7566974
,7.0765843
,0
,2.4943876
,4
,0
,4.333024
,3.4521446
,2.247191
,3.5549235
,0
,6.6912007
,6.354754
,3.327787
,4.474273
,5.4259357
,0
,0
,1.3908206
,3.8095236
,0
,1.3982103
,0
,8.042279
,0
,0
,0
,3.6756985
,3.6729598
,5.5335236
,25.13826
,0
,4.2571306
,2.7766209
,0
,0.58795863
,7.167888
,10.539259
,6.584517
,1.7332524
,1.7031424
,3.8929439
,3.7166433
,0
,4.0088196
,1.2100677
,4.723108
,3.526342
,0
,4.4772778
,3.4908075
,5.4620557
,0
,0
,3.7693176
,7.560801
,0
,11.28923
,4.0651507
,5.5422134
,8.933647
,0.708115
,0
,2.0671122
,13.615863
,0
,10.446344
,3.6687152
,0
,0
,7.327081
,1.2033695
,0
,0
,5.231722
,5.4244647
,1.9775547
,5.8927517
,8.698678
,4.328692
,5.1124744
,3.2214766
,2.1619284
,0
,2.2823234
,7.297617
,0
,4.183623
,6.302963
,1.9974034
,3.7544584
,14.314343
,0
,4.4847074
,2.3774145
,1.203804
,0
,2.9733145
,7.045325
,0.9645992
,2.674941
,2.8318584
,4.0190234
,2.2385387
,1.9301294
,1.3051423
,4.3863497
,6.1040745
,0
,2.2408335
,0
,4.643963
,4.272591
,2.120666
,0
,2.7320538
,3.2365077
,6.7485495
,0
,6.1359105
,1.1595547
,3.833621
,6.2252407
,0
,0
,10.247334
,3.2084703
,0
,7.001984
,5.7444854
,1.5417031
,7.7305355
,0
,0
,0
,4.613078
,4.569862
,6.952721
,0
,0.8331945
,2.7027028
,0.9607994
,3.7512894
,1.174605
,3.534818
,9.132421
,0
,4.820671
,2.7462468
,2.356129
,2.9429076
,0
,1.0560777
,2.7190537
,4.9886794
,2.8328614
,3.1628053
,1.1357183
,7.128854
,4.557193
,3.1306255
,4.377006
,4.458315
,0
,0
,4.0462894
,0
,5.5258794
,4.902647
,0
,1.7236922
,0
,1.0542407
,4.2447076
,0.7364855
,0
,17.394863
,9.429111
,0
,5.643076
,1.7377201
,0
,5.9600673
,2.3362665
,0
,1.3486782
,3.4716196
,1.2584949
,0
,3.6460233
,0
,0
,0
,2.2696323
,3.8455622
,4.5149636
,0
,3.1051078
,4.072905
,1.5440042
,0
,1.934423
,4.493709
,0
,2.0104544
,3.8866818
,1.5802782
,3.4905756
,1.2581782
,6.1458616
,7.584787
,1.4164307
,0
,2.3487043
,2.8785262
,0
,1.0114292
,5.4362597
,0
,0
,0
,0
,3.0309155
,0.7705941
,5.760369
,1.8545994
,0
,3.6687152
,5.8356986
,5.7663474
,3.0393288
,0
,2.2639802
,0
,4.1696067
,2.8600845
,5.2640815
,7.3585386
,2.7905679
,1.790831
,0
,4.9468217
,1.988467
,0
,1.9813751
,1.5362163
,1.5603058
,4.0997047
,1.2281995
,3.6574774
,0
,2.6090927
,0
,0
,5.3750596
,0
,3.0193236
,3.5050824
,3.65604
,3.1515915
,0
,0
,3.8876472
,0
,5.0320797
,4.299226
,3.5595632
,0.8128759
,2.7081923
,2.6759434
,0
,1.44453
,1.6916658
,0
,3.5615704
,5.3944707
,0.665779
,9.225092
,0
,3.841475
,3.7397158
,5.8377113
,0
,0
,0
,0
,4.641807
,6.6915207
,0
,14.144272
,3.5408676
,5.0768785
,5.1759834
,8.322929
,2.4600246
,6.6746764
,0.4429679
,1.0729039
,5.8105755
,0
,0.9114939
,3.7654653
,4.612972
,4.557539
,4.1382165
,11.503869
,0
,6.543646
,1.6712626
,0
,0
,5.163955
,4.432624
,12.138377
,1.9085791
,0.53795254
,1.6515278
,0.3976934
,2.5292125
,10.626993
,2.4594195
,0
,22.24694
,0
,5.457026
,5.0632915
,2.5081515
,0
,3.0778701
,4.485646
,0
,6.322445
,6.263048
,5.116834
,0
,9.537434
,3.303237
,2.3583794
,8.075913
,3.6545892
,3.4811668
,7.4883933
,1.0388532
,0
,3.892565
,3.3627574
,4.9592633
,1.3937283
,2.221893
,0
,3.3251314
,0
,0
,0
,2.8934138
,0.43738794
,0
,0
,0
,5.182882
,4.0693417
,3.4005895
,6.3918185
,3.1496062
,56.074764
,9.018759
,1.69549
,6.3909435
,2.8419855
,0
,5.850397
,2.3700895
,7.4665866
,4.310964
,1.9488113
,0
,3.6993191
,28.449503
,6.5470734
,4.5653167
,13.404825
,0
,1.812415
,1.634521
,5.621587
,0
,4.34707
,3.2378178
,0.68474394
,3.0633233
,2.2468545
,1.9928259
,0
,7.1880393
,0
,1.78747
,5.995204
,2.1654396
,1.8258171
,2.8176951
,4.756117
,3.8921325
,0.7386615
,0
,2.5634453
,5.842487
,2.0880458
,0.96084553
,1.596509
,7.252588
,2.9764857
,0
,10.813561
,1.5784822
,6.2400994
,4.7225504
,5.19076
,0
,3.9698296
,16.092693
,1.9891261
,0
,0
,4.180602
,0
,3.5663338
,5.107489
,0
,7.57461
,3.2770767
,0
,3.4705007
,0
,0
,0
,3.0175014
,3.8019202
,9.14338
,4.244482
,3.7156765
,2.342469
,4.378284
,1.1043622
,7.365578
,3.595829
,3.2864707
,2.3533103
,9.303112
,0
,4.5727725
,0
,3.7869225
,2.5092528
,4.106214
,0.9536525
,1.9273392
,6.237191
,0
,0.9166744
,0
,2.2760897
,15.552099
,1.436988
,3.546938
,0
,0
,6.100661
,0
,0
,2.5533001
,6.400683
,8.077544
,3.8978755
,2.3949227
,0
,0
,9.134923
,2.1611106
,7.5221906
,0.67902493
,1.9992005
,1.4619883
,3.9098136
,2.7122324
,0
,6.130373
,5.087579
,2.013693
,6.5184326
,0
,0
,5.4512415
,3.3051782
,0
,2.6434047
,0
,1.659751
,7.226739
,0
,2.6392188
,4.804997
,1.4906462
,5.9559264
,2.6172872
,12.634852
,6.985679
,1.601281
,1.0340726
,7.9126444
,0
,3.8443794
,1.450116
,0
,2.3391812
,7.83208
,3.0131826
,10.549636
,2.0426226
,5.353319
,9.272138
,4.269399
,0
,8.804367
,5.410377
,4.085444
,6.302786
,3.254149
,5.9834175
,1.896094
,3.611412
,0.7961149
,4.632847
,6.3878713
,5.883342
,5.1590714
,0
,6.3171196
,0
,3.7882376
,2.5920165
,0.44828978
,4.162331
,0
,0.30107787
,1.1668612
,1.2192148
,0
,2.4265954
,0
,9.137288
,1.7289072
,2.2019157
,0
,2.9201343
,2.0665426
,2.5953803
,7.376963
,4.082188
,0.70761395
,2.790373
,0.88683933
,0
,2.4061596
,0
,1.8083184
,3.684327
,0
,2.611989
,6.028939
,2.353495
,4.9554014
,3.001561
,3.7987735
,3.601873
,1.4340001
,17.398869
,3.57313
,2.1884232
,5.912262
,0
,0
,5.8953576
,1.0860122
,4.4488935
,0
,0
,13.935484
,8.128279
,1.3071896
,0
,2.3571935
,30.816639
,5.2673163
,6.9204154
,0
,4.8451567
,0.7650524
,0
,7.394809
,3.6456435
,0
,2.7081516
,1.8097091
,0
,8.519841
,0
,5.6664357
,4.5095043
,0
,6.1908555
,4.6641793
,3.8621967
,7.070707
,3.8568344
,2.3001285
,6.9120445
,0
,4.5544252
,3.7811472
,0.766636
,0
,1.919828
,4.7750936
,0
,0
,1.814882
,5.2374306
,6.6350713
,0.24858308
,0
,2.3893719
,0
,2.918217
,9.017132
,2.220865
,6.2558646
,0
,2.5350149
,2.7454927
,4.67891
,1.7860333
,0
,0
,2.4174051
,0.84659666
,4.116243
,0
,8.901837
,9.100837
,4.0943336
,6.6406574
,0
,1.8149918
,3.7634661
,0.8481045
,5.794658
,3.3041468
,7.3664827
,0
,4.123711
,0
,3.9876382
,0
,0
,9.282179
,4.803074
,2.4937656
,5.9136605
,20.59308
,5.278902
,2.4200184
,2.7548208
,3.4825006
,0
,6.246486
,3.4822981
,6.8735275
,2.7617636
,3.2061558
,89.76661
,5.3319116
,3.194888
,0
,3.2661948
,7.4142723
,0
,8.582558
,7.4953647
,1.8129079
,10.548524
,6.0450354
,8.00757
,7.281049
,0.9470145
,3.6918533
,0
,3.1010957
,0
,6.852668
,4.1692724
,1.3653741
,0
,6.4634275
,0
,4.0687623
,5.079752
,0
,0
,0
,0
,2.710578
,1.6990911
,0
,1.5317845
,0
,2.4591172
,3.1344688
,3.3938572
,3.6176178
,4.9560156
,0
,0
,0
,1.9299432
,4.2412677
,2.3455825
,5.437738
,0
,1.8256505
,9.614229
,0
,3.5083616
,1.4445648
,6.5435143
,5.1487412
,6.6937203
,2.060581
,1.8971733
,5.8109126
,3.3757174
,5.8897767
,2.6191723
,5.8806233
,1.7263703
,5.1209836
,0
,2.3327696
,0
,2.4583313
,7.5683856
,1.7361112
,0
,3.3420227
,3.8376667
,0
,9.244423
,2.3937762
,3.8073483
,3.4205577
,7.028641
,2.551997
,2.4230676
,0
,0
,3.933468
,6.142506
,0
,0
,4.7678647
,0
,1.4032134
,0
,1.1227125
,0
,2.4866343
,0
,5.9503574
,0
,0
,1.8075556
,9.472388
,3.0637255
,0.9410879
,4.0799675
,13.469828
,0
,6.419074
,3.7755795
,6.8888
,1.5921032
,2.2304358
,2.9385836
,0
,4.2291245
,0
,2.0269585
,0
,2.7880003
,0
,8.610174
,0.8353056
,4.123428
,3.8097656
,6.116208
,0
,3.2258065
,0
,2.9332395
,1.2583892
,7.4294205
,1.4187416
,3.3075619
,4.9659157
,0
,4.102985
,0
,4.919444
,0
,3.133323
,2.8304558
,2.6595745
,5.5419207
,0
,2.517201
,0
,2.8111603
,1.8317628
,12.80662
,0
,11.352456
,2.1863658
,1.5592111
,1.3592497
,7.585198
,2.1573422
,5.4264264
,0
,2.3193784
,2.894775
,5.720824
,0
,4.359198
,2.1997359
,5.7509036
,4.4123325
,1.4160295
,3.3158698
,6.2150407
,7.8593183
,3.2320619
,3.64786
,1.2152145
,0.7994883
,3.5984168
,5.0921683
,3.005485
,0
,4.1811013
,1.7210224
,3.8644853
,5.172894
,1.3478905
,1.9956096
,5.396654
,9.345795
,5.588153
,1.010101
,3.7732291
,0
,5.6661234
,1.1218308
,3.1813362
,5.767844
,2.7354794
,1.5205656
,0.37564328
,3.2613125
,11.611705
,4.324948
,3.1778314
,3.204101
,4.784689
,4.072214
,0
,5.6646523
,2.2896917
,0
,4.1943793
,5.158894
,2.3254461
,1.0473672
,1.8284879
,2.8165047
,4.8204384
,4.4085236
,0.7361602
,1.5447594
,0
,5.2835503
,0
,2.5768769
,3.2350247
,2.3866348
,2.8982708
,0
,0
,8.304268
,0.44929686
,6.7681894
,0
,1.271941
,14.7929
,0
,0
,8.288438
,13.140605
,7.1869197
,5.5841293
,7.7288284
,0
,4.771372
,0
,2.8269882
,0
,0
,0
,6.257822
,12.738853
,1.6729869
,0
,10.987669
,0
,6.5485506
,3.1791446
,0.6944123
,6.13267
,3.7212448
,0.969462
,0
,3.8176265
,0
,10.358401
,0
,1.9825535
,3.353829
,6.122199
,1.0003
,2.4777007
,23.584906
,0.9500285
,11.971269
,0
,7.1859727
,1.2223445
,6.475716
,0
,4.193224
,7.747734
,2.2720387
,4.110997
,2.13047
,4.140444
,6.219458
,7.2358904
,0
,4.624812
,3.8546257
,9.046797
,6.33212
,2.1972227
,4.067245
,7.449714
,2.667378
,6.134342
,2.9406
,4.2171216
,2.3157527
,7.651695
,2.1819768
,0
,5.27037
,3.763171
,14.21801
,5.0020843
,7.162298
,3.613696
,4.8768597
,5.8962264
,0.96332157
,1.7966224
,4.8666534
,6.1026354
,1.7900295
,4.6342783
,0
,12.007685
,0.8899964
,1.5013888
,1.6239039
,0.9136593
,1.7483282
,1.4887599
,1.8027762
,0
,3.5916314
,5.0393066
,1.603335
,0.8002561
,14.104372
,7.231405
,8.372405
,4.3927956
,4.054602
,5.0155168
,8.327656
,1.8608112
,0
,0
,3.2750647
,5.2362876
,0
,0.6680473
,3.5972838
,1.6156133
,0
,4.2992263
,5.5013065
,4.1240516
,5.795422
,2.212634
,2.1973596
,2.9815147
,3.2170892
,2.3007016
,0
,5.8377113
,2.8317382
,1.7311021
,4.6723514
,3.3917468
,3.0353618
,0.8562377
,14.492754
,5.3492284
,0
,3.3932815
,1.7945266
,1.6740605
,0
,5.2857614
,11.301031
,0
,5.6168504
,2.418477
,0
,0
,2.7243502
,0
,1.1056443
,1.0768899
,0
,3.465804
,8.343266
,7.207381
,3.3866735
,0
,2.2284122
,3.4325924
,1.7807852
,3.3772376
,1.0696331
,3.4141345
,2.6352777
,0.8536065
,6.8712783
,3.168568
,7.7390823
,0
,2.3963575
,0
,4.199916
,0.6884208
,1.3319126
,2.8225996
,0
,2.874573
,0
,0.5789215
,1.8094636
,0
,2.2065313
,6.249442
,0
,0
,0
,0
,0
,12.562814
,0
,1.4529252
,3.3961623
,0.97866505
,11.019283
,1.8862586
,15.035334
,2.7886224
,0
,0
,0
,3.8464496
,2.2050717
,6.1932287
,0
,5.055896
,0.99631363
,6.1686087
,4.882018
,0
,2.342469
,0
,3.888214
,0
,2.5947068
,3.8027632
,2.3557127
,0
,0.7159734
,2.3295543
,0
,0
,0
,5.826657
,4.46799
,7.338911
,0.75219077
,3.2391286
,1.7918738
,4.4541225
,1.7272649
,6.2908907
,5.820722
,4.635352
,2.5261457
,1.7266188
,1.6918565
,0
,5.2151237
,1.4525032
,13.018008
,3.5564406
,0
,0
,1.2348728
,5.1483364
,7.9407096
,5.432814
,2.4638634
,3.1234381
,0
,10.245902
,15.873015
,4.935834
,2.3932989
,8.435259
,0.8830802
,1.594642
,0
,6.487714
,5.359964
,2.6234095
,1.8756447
,1.2534469
,2.1960526
,2.579314
,3.816794
,3.2157788
,6.2735257
,0
,1.5817779
,0
,0
,1.5073862
,3.3426185
,0.9875568
,0
,0.6942034
,0.5699629
,0
,2.6462026
,3.3768096
,13.45895
,1.2145258
,3.6774845
,0
,4.1714463
,2.1486895
,6.2784495
,1.6549441
,3.0088763
,1.8422991
,3.7311444
,5.8260913
,3.2289312
,1.6930023
,4.14823
,2.8300552
,3.6621985
,1.936671
,0
,6.7328734
,1.1434453
,3.6479232
,0
,3.3579583
,0
,4.583852
,2.1654396
,4.636264
,2.6373045
,3.2247663
,0
,1.5487069
,2.3347032
,0
,1.42572
,0.8366101
,3.9277298
,8.036431
,7.3653197
,2.822467
,2.5917926
,6.6412086
,1.6233766
,5.4454365
,3.0078204
,8.2702465
,3.1423483
,0
,1.2248148
,2.3180344
,2.6380005
,0
,1.2898233
,113.25029
,0
,0
,0
,7.729303
,0
,0.76045626
,2.5755494
,1.8372221
,0
,0
,0
,1.9116803
,3.9072676
,4.469274
,3.9923346
,1.3690192
,0
,0
,0
,8.695652
,8.148631
,1.6695883
,0
,2.7570996
,3.6806805
,2.974774
,2.0631318
,1.903674
,4.5437336
,6.143135
,5.6266704
,4.796163
,3.8229952
,2.1379702
,10.840528
,0
,4.1362195
,0.48504838
,9.390223
,16.147263
,0
,6.1183467
,5.726721
,6.41525
,2.6576896
,1.5054573
,0.7305669
,3.8600104
,1.5926102
,0
,2.420526
,2.3472342
,1.8789929
,3.678161
,2.5238185
,0
,1.4473875
,0
,1.0376673
,0
,10.057602
,8.656135
,0
,0
,0
,0
,3.1748552
,0.54150647
,34.56221
,2.1328783
,5.8465285
,2.4301336
,0
,0.7246902
,2.4697456
,1.979904
,0
,5.9146595
,0
,2.4734108
,6.552221
,6.094988
,0
,2.7559597
,2.250225
,0
,6.758279
,0
,15.618028
,2.9980512
,5.5747013
,5.2504463
,4.4128194
,0
,1.1918951
,0.969368
,1.3500743
,0
,0
,1.5357444
,3.4789064
,0
,2.2782936
,0.8577801
,4.748338
,4.1069446
,4.7413588
,8.516569
,0
,0.58462435
,4.084133
,0
,10.79797
,0
,1.8806183
,3.0532022
,4.475131
,2.9711797
,0
,3.4293554
,6.8981376
,82.64463
,2.4971907
,6.5127726
,1.9493177
,4.784035
,0
,0.6706908
,0.87473756
,4.515692
,4.140501
,0
,5.4764514
,4.054328
,3.015227
,2.082032
,7.790184
,1.6815201
,1.6207455
,8.591768
,4.185268
,3.4515488
,2.4754517
,0
,1.633809
,4.649541
,0.83682007
,0.2986858
,0
,0
,2.1721816
,3.0458622
,1.2848517
,0
,0
,2.1730864
,0
,0
,3.2953
,5.3071513
,0
,0
,0
,0
,0
,7.3161807
,6.148549
,2.3006487
,0
,0
,3.3573947
,9.262691
,4.4543433
,0
,3.7897928
,1.284769
,94.043884
,3.2017076
,0
,0.9718645
,2.0341742
,3.9756162
,0.2745518
,2.639451
,0.71505183
,1.6940539
,2.6508791
,0
,1.8542554
,4.3361373
,2.9404845
,8.718396
,6.5445027
,0
,0
,0
,5.2083335
,0
,1.3419217
,3.5530288
,67.024124
,3.629764
,4.6104198
,7.6563163
,0.81920207
,2.2142265
,8.112274
,2.7783566
,3.9672043
,0
,3.5893755
,4.525033
,5.1834955
,0
,5.1537538
,0
,1.7310022
,0
,1.1752262
,0
,0.8275405
,2.1859515
,4.7382135
,6.7884474
,3.8364153
,0
,6.5366597
,1.2756729
,5.57569
,0
,3.1880496
,5.826707
,7.328155
,2.596054
,0.8045052
,0.93205327
,3.7338512
,0.7094211
,0.47386625
,3.8224473
,4.0154595
,1.651255
,6.3125625
,0
,2.4987507
,1.120009
,7.4314904
,0
,5.3640394
,12.508935
,6.244536
,0.8345156
,0
,3.6916714
,2.171081
,4.8169556
,0.9159606
,19.493177
,9.169136
,3.9758272
,0
,3.1094527
,8.950949
,7.1868587
,4.0778284
,2.0311785
,5.4601707
,2.9910269
,0
,5.003574
,1.6444664
,0
,0
,3.0520372
,0
,0
,0
,1.6302576
,5.7096634
,8.299904
,3.2516801
,0
,2.6841006
,0
,5.1508465
,0
,0
,9.23361
,1.450186
,0.81625986
,0
,0
,0
,2.562882
,6.139866
,8.893105
,1.0484378
,1.6871942
,0.33837512
,2.488697
,0.9120759
,1.2359412
,6.5098114
,7.561845
,4.758021
,5.516396
,3.0838025
,0.97143966
,1.1332729
,4.73216
,0
,2.900232
,8.604618
,6.150692
,3.8043709
,0
,2.4826217
,2.3548803
,1.3266119
,1.7516203
,4.902495
,2.5603824
,7.3643727
,0
,5.5653467
,3.1555693
,19.20123
,7.156915
,5.9637403
,3.2338912
,0
,2.5606554
,7.1180005
,0
,0
,0.6327913
,4.087114
,3.2678552
,0
,13.662899
,1.1943864
,8.232712
,5.3443274
,4.4143615
,2.4567006
,3.249919
,4.034427
,2.0823789
,5.7931137
,0
,2.1862702
,0
,0
,0
,0
,3.0211482
,3.0129557
,0
,2.1984062
,2.8905911
,0
,4.356214
,0.86994344
,1.0566357
,0
,1.7325393
,0
,0
,0
,4.0062866
,4.7214355
,2.9973774
,4.475274
,7.625342
,3.626442
,0
,4.4464207
,0
,0
,3.7792895
,1.2625465
,0
,1.5158405
,5.0820756
,4.121445
,5.050505
,0
,0.79107666
,12.098401
,27.586206
,3.348775
,0.9971084
,13.858642
,0
,1.3968431
,5.585032
,0
,0
,0
,1.7943658
,0
,0
,3.0915997
,0
,3.7105753
,6.0586476
,4.9291434
,0
,0
,14.044944
,1.5375942
,3.6013324
,0
,3.444976
,4.496403
,5.366639
,5.1493306
,10.915044
,3.5351303
,7.492741
,0
,8.309098
,0.79936045
,0
,3.2950482
,1.5150368
,5.244755
,1.0270104
,1.91957
,1.0208248
,5.172414
,5.9162264
,3.346313
,0
,0
,0
,0
,0
,3.7956426
,3.194888
,2.8403711
,0
,2.392726
,1.5960418
,1.5194875
,2.8095808
,0
,5.008138
,8.117542
,7.422903
,1.9682715
,0
,0.93127215
,7.0182476
,4.3871193
,5.03937
,8.298755
,5.368407
,2.0774903
,3.0618494
,0
,0
,1.3157895
,1.4082524
,0
,0
,0.651763
,7.311723
,2.047083
,8.104666
,3.1226304
,3.6585367
,3.771687
,3.7812681
,1.8399264
,4.200357
,5.7587104
,3.019506
,0
,2.1141648
,2.667378
,8.019493
,6.355764
,2.0314193
,8.615738
,4.9191847
,9.218714
,1.4400921
,0
,0
,2.7631943
,8.067769
,7.350739
,3.392418
,4.1036863
,1.312336
,6.9270067
,2.5987525
,1.1100627
,0.8430281
,0
,6.029285
,10.214504
,0
,0
,5.1278768
,2.7095866
,8.741259
,2.434472
,6.85777
,6.242587
,2.822865
,4.083299
,7.776839
,0
,3.1730921
,6.2917814
,1.027116
,2.5427501
,3.543377
,36.563072
,3.377694
,0
,2.4806714
,25.706942
,0
,3.1486144
,1.5745552
,2.0993702
,3.1215858
,4.7558656
,9.79569
,1.1041183
,0
,3.0773964
,7.620983
,1.5336246
,3.278569
,7.6804914
,0
,0
,5.1727705
,3.172287
,0
,3.1142945
,0.675265
,0
,3.5577059
,5.7603683
,9.297136
,0
,4.6354547
,2.9992204
,5.113782
,0
,5.0449314
,0.9670244
,2.8324027
,1.885488
,0
,9.372071
,0
,10.869565
,0
,0
,4.8822827
,0.5777675
,1.4009036
,0
,3.8424592
,5.8146296
,4.4603033
,0
,2.3571935
,8.962358
,0
,0
,5.101669
,4.152824
,0.8931761
,3.5048368
,0.83236223
,0
,3.7995982
,4.6493607
,6.9094853
,0
,5.5000463
,0
,0
,2.8719127
,1.7589376
,0
,0
,0
,9.3947115
,1.7579328
,0.9599693
,0
,0
,3.3894475
,4.69842
,5.3156934
,1.9697964
,3.5276477
,2.615975
,0
,0
,2.0826101
,1.8063585
,3.2237267
,4.4702725
,0
,1.7571603
,6.0231895
,3.3283408
,0
,2.6130128
,10.827533
,2.868343
,0
,0
,0
,0
,11.299435
,0
,2.7314942
,1.4985764
,2.380008
,3.542833
,7.0625305
,0
,7.243377
,1.0380443
,0
,4.862631
,0
,0
,1.308558
,3.0674846
,4.2431955
,1.5741835
,3.7216225
,0
,1.1642799
,5.833625
,1.170275
,3.199854
,7.451565
,4.474273
,13.32978
,1.8998765
,8.033973
,9.608988
,2.6659558
,2.4449878
,2.3857808
,3.3984706
,5.8702674
,0.8036647
,3.4891837
,0
,9.840098
,5.755727
,0
,5.989345
,0.9700262
,4.344992
,0
,0.524109
,4.948862
,0
,6.8870525
,7.7243934
,0
,3.793339
,0
,0.7607455
,0
,8.277251
,10.052777
,2.593361
,0
,2.6422405
,2.2832787
,3.3217072
,85.197014
,5.0871167
,4.909869
,0
,9.004142
,4.010829
,3.3596504
,0
,3.7878788
,2.1264532
,5.140067
,0.38866648
,7.836991
,49.70179
,0
,0
,3.6083715
,0.7928957
,0
,3.9797034
,4.865504
,3.4632034
,3.822265
,0.69983906
,2.462852
,5.863727
,10.323913
,0
,0.71911407
,1.235712
,12.141816
,4.2548666
,0
,0
,1.7528484
,0
,6.7469378
,4.535735
,0
,3.9862473
,6.938341
,4.73759
,2.9577048
,0
,2.7492669
,0
,5.8021464
,3.4713182
,7.2546377
,4.1177683
,0.87919813
,0
,0
,5.223224
,0
,3.2869508
,0
,1.4957521
,2.2517452
,5.341222
,0
,0
,0
,4.1883063
,4.111504
,6.729475
,4.579104
,4.120313
,0
,1.8077735
,10.405827
,0
,4.742933
,3.0522368
,0
,0.6681812
,3.759222
,0
,0
,2.1729681
,3.00012
,3.4935718
,2.145309
,1.4064368
,1.1673152
,2.245845
,3.067171
,8.033742
,2.9135406
,1.1197581
,2.0879734
,4.413063
,4.376128
,4.188189
,2.112081
,1.5037594
,6.0777955
,3.0578368
,24.096386
,8.890326
,4.455137
,4.040132
,3.550716
,1.013582
,12.42236
,0.87420225
,4.9578586
,2.1765153
,4.356756
,1.0860122
,5.2078815
,7.826257
,0
,0
,1.4705882
,2.7289596
,7.1932096
,0
,0
,6.2358274
,8.138904
,4.734528
,1.3290803
,0
,0
,2.4818003
,5.6401577
,3.8895373
,5.181884
,7.4657254
,0.7401925
,3.7049043
,7.7760496
,3.1897926
,5.018065
,5.092298
,2.9217796
,5.6154537
,7.66645
,0
,0.7627765
,0
,7.79844
,4.3449926
,4.194471
,4.192286
,0
,0
,7.69823
,5.679398
,0
,2.878112
,9.811937
,3.6616626
,0
,2.0102522
,2.5670645
,4.629094
,3.9974015
,0
,0.4658964
,14.728817
,5.621135
,3.954132
,5.6669264
,4.2678304
,1.1109877
,0
,3.1749392
,2.0991864
,7.3652496
,1.1873665
,9.402031
,0.65061814
,0.8488244
,7.3691964
,4.885198
,0
,2.0372822
,5.336496
,0
,1.114765
,0
,0
,0
,3.7999697
,2.731494
,4.549886
,6.895601
,3.633941
,0
,0
,6.4712954
,4.9424553
,2.847583
,3.6812077
,1.214624
,0
,3.8605068
,0
,3.59118
,2.1741493
,11.853668
,4.0559726
,3.0515716
,2.9444964
,0.9711566
,5.719039
,8.765736
,4.8361745
,2.4555948
,3.5381532
,6.963519
,2.2891152
,4.0518637
,2.2577186
,5.1396265
,2.9302597
,6.1585107
,0
,5.303633
,4.516129
,2.0282605
,0
,8.109478
,5.0290565
,0
,7.2174106
,2.5651548
,2.446558
,0
,0
,0
,3.558719
,3.863689
,4.163775
,0
,2.1055586
,7.38189
,5.952381
,3.709985
,0
,0
,0
,0
,2.9987257
,5.7820177
,3.5081563
,0
,2.020202
,0
,1.674621
,0
,4.941932
,0
,8.817565
,4.5232496
,3.0283148
,8.301051
,0
,6.866953
,7.830854
,4.1041274
,0.55395526
,0
,0
,3.231134
,2.6121352
,1.8577002
,1.6419014
,10.075363
,4.279906
,5.8533325
,6.007552
,4.3506637
,0
,3.9290802
,4.2076917
,7.183048
,0.7831467
,0
,0
,1.8860807
,6.0004363
,15.060241
,1.676165
,3.2404406
,2.4818003
,7.2222223
,2.3203652
,2.2844088
,1.475035
,1.8497111
,2.9670653
,2.4987504
,5.0194507
,5.3840632
,1.8502243
,0
,3.5132287
,0
,4.7801147
,0
,3.9096437
,4.982561
,4.2949176
,0
,0
,3.4293551
,5.3304906
,2.071251
,0
,4.278258
,0
,6.9704075
,0
,2.8386912
,0
,2.993228
,7.969821
,4.75097
,3.2010243
,4.469939
,0
,4.8971596
,0
,7.205188
,7.7851305
,3.297718
,0
,2.1211157
,0
,3.8749676
,5.130634
,2.1925018
,5.092761
,2.2092123
,1.7284093
,2.4013448
,4.950005
,0
,0.9874593
,2.094241
,2.0187745
,2.1880243
,0.70626456
,4.4481516
,5.4588876
,12.835032
,9.13381
,0
,2.8725314
,2.1077037
,3.210479
,0
,6.0624433
,5.1282053
,1.309672
,6.1109753
,0
,5.9547443
,7.9653068
,3.1181788
,5.433011
,2.137323
,1.7950099
,8.972969
,4.1718817
,5.0668826
,6.105006
,2.3982253
,6.110602
,3.502627
,5.806826
,5.4200544
,5.755396
,6.49652
,5.1303096
,2.1301522
,0
,10.690287
,5.8993187
,4.8804293
,19.57905
,2.7034335
,0
,1.0399334
,0
,0
,0
,9.0266285
,0
,1.129433
,5.0374665
,1.3679891
,6.2499995
,1.3777901
,15.432099
,6.4283876
,1.9188334
,5.5693383
,5.2882075
,9.860961
,7.0506945
,0
,1.3183916
,14.38849
,0
,0
,0.85258764
,5.295208
,5.2988553
,3.4203627
,7.9323106
,5.995204
,1.5489466
,0
,0
,2.853067
,6.091525
,6.0670404
,0
,0.65027964
,2.9866028
,0
,4.785261
,3.7335722
,1.9892014
,0
,1.2468828
,114.22638
,1.6889038
,5.382131
,4.048583
,1.8935807
,10.635065
,5.8525167
,2.919708
,8.685942
,0.7707129
,0
,6.834336
,0.61304563
,1.2473105
,1.1538683
,4.912074
,0.9574876
,1.2843566
,14.930325
,3.8709679
,0
,3.3636057
,2.7590775
,0
,7.563025
,0.7872776
,8.904719
,4.6075873
,5.394713
,5.11869
,2.8630736
,1.7653809
,0
,3.9672043
,3.7815764
,5.0562506
,14.141194
,3.6359506
,1.9894558
,0.82712984
,2.5117214
,2.0962896
,4.1925206
,1.3235216
,7.733952
,4.859677
,3.211859
,4.5853157
,6.670002
,8.467401
,5.626406
,1.2029351
,4.3459363
,0
,1.2218963
,4.828174
,4.8673644
,0
,0
,0.84659666
,2.157032
,5.8013053
,8.212878
,5.5722723
,1.1496897
,1.3848497
,3.714316
,4.2918453
,1.7106445
,1.3331555
,0
,4.9879456
,0
,5.6803837
,5.6931396
,1.1469204
,13.736263
,5.6936803
,1.9212296
,0.8248103
,0
,3.4984605
,6.8473053
,6.6366787
,5.5401664
,0
,7.701368
,13.049151
,1.3115184
,0
,0
,2.3529413
,5.753409
,8.474576
,0.5131363
,0
,9.527439
,2.5405214
,7.6045623
,6.6356997
,4.297379
,0.7825339
,5.586592
,4.881025
,0
,2.57566
,0
,7.8678207
,8.3131275
,1.9399897
,4.846429
,6.1846747
,8.039878
,3.0545545
,4.0879736
,0
,0.8655011
,5.364807
,5.590496
,1.3048017
,7.5514445
,2.8080685
,2.860412
,0
,3.4815307
,0
,2.1727324
,1.0481081
,0.40115532
,0
,0.728863
,5.2879276
,1.6172507
,0.8938548
,1.8957347
,2.726876
,14.984078
,1.5275339
,0
,5.087505
,3.1541762
,4.798004
,3.9341683
,3.303237
,5.1691036
,4.638434
,0
,0
,4.203175
,4.678144
,0
,4.4014087
,0.7561437
,4.758506
,5.929
,8.554319
,0
,3.1854742
,4.1305246
,4.4031315
,4.767707
,1.1226494
,1.4042971
,0
,1.885014
,13.177835
,3.0557678
,4.245563
,4.032258
,112.10763
,2.1376657
,4.8929663
,4.1866026
,19.910402
,4.626952
,0.84745765
,5.2659297
,0
,0
,4.957858
,4.64756
,0
,0
,2.33909
,0
,1.43287
,5.448107
,1.6195643
,2.2976182
,4.1271152
,8.223684
,0
,0
,0
,5.141388
,4.0102262
,2.145923
,2.908104
,4.896132
,3.365417
,4.166088
,0
,0.9441087
,5.644137
,4.8200517
,0
,1.4336917
,0
,0
,0
,0.6780121
,0
,0.7754944
,0.8971828
,5.792624
,0.61462814
,0
,30.18868
,0.3697883
,5.547679
,6.3315187
,10.65814
,4.274287
,5.969259
,4.065867
,0
,2.7036772
,6.530825
,0
,2.3114262
,2.3395462
,2.6917899
,0
,0
,2.1754897
,2.838087
,2.1492667
,0
,0
,2.361461
,2.8288543
,1.7456577
,0.7357269
,3.2821321
,6.858711
,0
,1.4138272
,4.7359695
,3.2378178
,1.8333488
,0
,0
,1.0147134
,2.873013
,2.8789783
,4.3572984
,0
,4.8638134
,2.6250165
,0
,2.8673835
,0
,2.8116212
,1.4086491
,4.227615
,5.7077627
,3.148945
,2.5430732
,0
,5.502201
,0
,5.396654
,0
,2.476167
,4.018754
,0
,7.7707953
,3.2400908
,3.3105276
,6.2917814
,0
,1.1660448
,2.14892
,0
,1.3348758
,0
,5.09684
,0
,0
,0
,5.369608
,2.3852117
,1.0287007
,0.5180542
,2.5542784
,4.815409
,17.482517
,4.8756704
,11.055832
,3.5056968
,1.7565432
,4.2115903
,4.9509034
,0
,0
,8.804755
,1.9054878
,6.7907104
,0
,0
,0.48150998
,0
,1.32626
,4.842615
,0
,2.2987185
,4.2663937
,4.094166
,5.0143266
,3.4570177
,4.1933994
,0
,3.7192004
,0
,5.982813
,1.4436263
,4.6140666
,10.696228
,0.8788891
,4.324324
,0
,14.635932
,5.2613773
,8.605852
,4.0535064
,0.6784721
,0
,0.9767056
,0
,3.9517882
,3.7814329
,3.2552085
,0.871232
,5.1572976
,4.866575
,4.246886
,0
,5.3329268
,0
,4.9327908
,4.725154
,2.4570024
,0
,0
,7.7963767
,0
,0.81182015
,1.6728562
,0
,4.7406845
,0
,7.2049575
,3.3551419
,3.301692
,1.9743336
,1.0726161
,5.7703404
,3.500175
,2.670851
,1.7728139
,5.681011
,4.3817368
,0.57850283
,5.0942435
,0
,9.165903
,4.085271
,0
,0
,5.4166
,3.586286
,11.491382
,8.557248
,7.2474275
,0
,1.3875399
,2.234637
,0
,2.2328906
,3.4879663
,2.8481915
,3.0140152
,0.907194
,2.2754164
,5.877743
,5.3684936
,4.36324
,3.653135
,3.8058991
,10.00125
,4.3271313
,0
,2.7159154
,0
,0
,4.548211
,3.5258858
,6.95507
,3.0046573
,3.8938053
,0
,2.0990765
,4.4829645
,15.2207
,16.891891
,1.8625443
,2.6519337
,0.66762364
,4.90918
,2.9702237
,1.7934002
,0.481742
,0.93993795
,3.7071362
,2.7214587
,0
,2.2844958
,7.320644
,0
,0.885975
,5.1894135
,7.2315297
,3.0147724
,6.363752
,2.0026033
,5.1104836
,2.9063008
,3.3503082
,1.2773839
,1.8436579
,3.928832
,8.441194
,5.983724
,3.9064195
,0
,0.2572215
,1.2929083
,0.78932834
,1.8066847
,3.870183
,4.8693395
,0
,2.2925265
,1.4374012
,0
,10.723861
,0
,3.7037036
,1.8965735
,4.3061686
,4.760205
,7.949126
,0.67358214
,0
,2.1018338
,6.2899165
,5.0571156
,0
,0
,0
,6.1533055
,3.6402023
,0
,2.800336
,1.1298159
,0
,4.134794
,0
,2.8340654
,3.4977264
,5.1242633
,4.3649063
,2.0502307
,0
,3.2956169
,3.536425
,2.8544245
,1.489869
,0.6248829
,3.2151756
,114.15525
,0
,2.241315
,4.731488
,3.6071784
,2.7366018
,7.480231
,0
,0
,7.0106564
,3.6664572
,0
,4.2404323
,5.0655994
,0
,5.0342326
,1.4724288
,3.5256786
,4.3927083
,6.093103
,0
,0
,0
,1.8891094
,2.2609088
,0
,0
,1.9830778
,3.7634408
,3.7296424
,0.9527439
,3.079766
,1.9791529
,11.321258
,2.9913251
,7.140944
,3.6509674
,0
,3.4476814
,2.7955272
,3.1820784
,25.806452
,3.06035
,0
,3.2428925
,1.4427933
,0
,1.6782043
,2.5813115
,0
,4.0223465
,10.026068
,6.5818343
,0
,2.6598575
,0.32434887
,0
,2.5128787
,0
,0
,4.0119214
,9.333644
,2.3876605
,16.977928
,5.8858156
,6.7742333
,6.7394524
,7.069636
,0
,0
,4.0655913
,0.8726765
,0
,1.7396348
,4.204154
,3.4958925
,0
,5.560962
,3.7861576
,10.369142
,1.7884289
,4.732981
,3.8426068
,0
,0
,0
,1.9205838
,0
,0
,3.5714285
,4.228777
,0
,3.748126
,6.891799
,1.5688736
,2.5502615
,4.988953
,0
,0
,1.0405827
,2.0358307
,3.3088477
,4.907574
,2.7590013
,2.5298042
,4.8123198
,0
,0
,0
,6.2836
,0
,2.0489702
,3.5167928
,1.6743407
,3.5473573
,0
,3.2438278
,0
,2.539602
,3.0501752
,0
,2.6729033
,0.99309796
,1.3128529
,0
,0
,0
,11.106175
,0
,0
,4.545868
,0
,4.5002475
,8.939456
,1.9333011
,2.4098709
,0
,10.720028
,3.1558185
,3.2310176
,4.9807
,5.2751174
,0
,4.989522
,0.29299736
,3.055612
,2.9325514
,2.1799552
,3.1813362
,0.98667985
,5.3350406
,4.2713137
,5.728921
,9.014811
,0
,2.5333557
,1.0979359
,11.335012
,3.3369484
,9.657529
,3.9687788
,3.6002305
,0
,2.4445608
,0
,1.3751376
,5.6509457
,0
,0
,4.0741496
,5.7842474
,0
,0
,0
,1.827374
,13.071896
,2.4501796
,7.4746394
,2.1508846
,0
,2.0585663
,3.8336596
,0
,5.7464657
,0
,0
,4.881729
,4.3965707
,0
,1.14461
,0
,5.1575933
,4.0303373
,3.6919103
,0
,10.859073
,4.8186965
,6.4427056
,1.639882
,0.25779176
,0
,0
,5.971932
,13.755157
,3.216727
,0
,3.0605998
,0
,1.7754631
,4.5782304
,12.780914
,5.5164804
,0
,0
,0
,5.2863436
,0
,7.555406
,5.239093
,0.9643202
,4.033478
,4.5558085
,0
,6.112469
,0
,0
,2.6374786
,2.4436436
,4.7641735
,7.02302
,5.592059
,0
,0
,2.137026
,3.082614
,0
,0
,6.075334
,4.553043
,7.078254
,0.8949147
,0
,1.0555204
,5.133659
,0.67367285
,0
,12.910167
,10.26694
,4.4559307
,2.7687025
,0
,6.640841
,0.90041417
,4.2253523
,0
,5.586592
,5.107252
,3.030303
,3.6286116
,1.8848364
,0
,0
,0
,3.1308703
,5.2531037
,0
,0.96543735
,6.4825616
,5.363499
,7.087172
,3.4261658
,1.9142419
,10.893247
,4.7241116
,0
,0
,3.1847134
,1.8938795
,7.891622
,6.2521043
,1.3296105
,0
,4.7650247
,2.092707
,1.2688745
,9.838646
,0
,0
,12.990387
,0
,0
,6.219458
,2.512142
,11.741683
,0
,0
,1.6837851
,9.143903
,5.380394
,7.3529406
,0.73383725
,0
,5.0566344
,1.5559359
,4.358723
,2.459823
,0
,8.181074
,0.800064
,0.9035056
,3.8509676
,7.183908
,0
,3.2535138
,1.9369835
,8.679049
,8.20597
,5.316994
,2.8815122
,3.3627574
,0
,3.5072339
,5.697645
,6.8889503
,0
,9.49367
,3.0986614
,0
,0
,3.7293553
,15.4978695
,0
,1.2562814
,3.0321405
,5.5010543
,2.1654396
,5.4049883
,6.228977
,0
,5.4392166
,0
,2.3934896
,4.919531
,4.3936734
,1.7118158
,6.4925485
,0
,3.5780735
,2.090301
,5.5668955
,0
,0.9433073
,5.9093895
,0
,2.1074815
,4.280822
,7.8540883
,0
,12.43094
,6.4331956
,1.4625229
,3.9304316
,4.875195
,2.0313997
,3.379901
,0
,2.9256876
,0
,1.9341112
,0
,1.4700117
,4.5703835
,5.7086935
,2.219756
,3.781076
,3.0634127
,5.7172556
,2.0887291
,4.7169814
,5.8651023
,0
,3.2695003
,2.1582735
,1.5994883
,1.0520779
,0
,1.7878428
,0
,2.9898345
,10.368066
,2.4533856
,6.4469914
,5.097785
,3.7557275
,0
,3.1118717
,2.2867596
,1.1845534
,1.3570362
,6.4341784
,1.3203063
,5.535055
,1.0694044
,8.751459
,2.8045247
,3.7766726
,7.355946
,6.487714
,0.7789982
,0
,1.6964967
,2.4044242
,0.8009451
,0.55900276
,5.1572976
,6.4557776
,5.361669
,0.877732
,4.852484
,4.9176297
,4.1753654
,1.4383316
,2.655161
,6.3259106
,1.9819642
,6.164468
,3.4069614
,2.9280863
,0
,1.009693
,0
,0
,3.0681121
,1.2730745
,1.1938874
,0
,0.64168376
,9.064423
,0.82122034
,1.6231791
,0
,0
,3.8265307
,2.8138893
,1.4580803
,3.914405
,16.298712
,5.122951
,0
,6.094907
,0.73877066
,13.393487
,6.776904
,2.8248587
,7.027407
,1.6714023
,3.3070972
,3.1245117
,0
,1.9664395
,3.8520799
,4.2708273
,6.197067
,11.555836
,5.627814
,4.225471
,0.969462
,2.7999442
,2.1052632
,2.5761576
,0
,0
,5.4614964
,0
,0
,3.1426775
,2.6204305
,2.5320728
,1.9011406
,0
,0
,4.694206
,1.5470297
,1.0363768
,19.379845
,0
,3.7815354
,0.6945409
,17.992966
,4.3339505
,1.9914368
,2.9398794
,4.0821085
,3.3836367
,4.718094
,4.1286297
,4.7582793
,0
,0
,0
,4.546488
,0
,4.863813
,6.7488804
,0
,2.5061088
,5.361212
,2.1140757
,0
,0
,3.7787182
,0
,4.213779
,8.988765
,0
,4.8234615
,4.266472
,0
,5.9689612
,0
,3.447325
,5.3855567
,1.8190087
,0
,0.62227756
,5.609574
,5.103603
,2.5022938
,3.4429333
,6.1643834
,4.8947625
,4.5922117
,1.4361625
,2.5138261
,1.7038678
,0
,5.159293
,0
,4.480956
,3.529293
,0
,1.5304561
,2.9242973
,1.5195259
,1.2677485
,8.724735
,0
,0
,5.9368324
,1.2743725
,5.818182
,3.437903
,0
,3.06772
,3.6991367
,3.9987206
,9.221446
,1.0751532
,7.1873503
,2.9986806
,8.746356
,2.3768024
,2.1005461
,0
,1.7666805
,2.8665614
,0
,0
,0
,0
,0.88487744
,1.4098407
,0
,3.1407034
,3.2677958
,9.397865
,1.7009696
,0
,3.8976226
,0
,1.8390241
,6.3155236
,1.0778959
,0
,4.419035
,0
,6.676682
,0.84918475
,1.59821
,6.5980473
,2.6880817
,7.1117435
,9.263548
,4.6511626
,4.2577353
,0
,2.060581
,8.640242
,2.9742727
,5.3630805
,3.106555
,0
,1.4940983
,0
,3.6044695
,8.918333
,1.097213
,0
,9.380863
,3.5637918
,6.430868
,4.933399
,5.503577
,2.541942
,0.78277886
,3.2598066
,0
,2.7886224
,12.537613
,0
,0
,12.094823
,4.4104676
,4.639833
,0
,0
,0
,0.9178523
,2.470966
,4.174494
,5.780904
,4.803843
,0
,2.8818443
,2.6643577
,10.351297
,7.7369437
,6.2334423
,2.013612
,10.282777
,0
,3.0330603
,3.3424695
,0.71581966
,4.5757284
,0.7961149
,1.3959656
,3.2552083
,4.2390842
,0.87070096
,4.8204384
,0
,3.1523366
,6.69507
,0
,17.539463
,2.3926306
,4.88878
,4.903334
,4.2625747
,0.9778039
,7.527544
,4.641233
,4.2547154
,6.4791317
,1.5470297
,6.266155
,3.4898477
,0
,1.489869
,9.210648
,7.917656
,11.754334
,4.4918585
,2.1315901
,4.2863264
,0
,2.7095375
,5.3304906
,2.1019442
,0
,5.5500054
,3.9174206
,7.7086143
,1.4056789
,1.908397
,0
,3.2024593
,3.8903778
,3.52092
,0
,9.717315
,2.4113817
,0
,0
,0.6435006
,1.5721416
,1.7777778
,4.904365
,6.4649596
,2.2939286
,1.1818935
,3.3585222
,0
,1.340303
,4.390201
,1.4232849
,1.894059
,0
,2.6369762
,0
,0
,0
,2.5389304
,0
,0
,0
,1.5566624
,0
,1.7958695
,2.422334
,4.8567266
,3.447325
,2.7566435
,0.856311
,0
,0
,2.7741175
,4.7165365
,6.0869565
,1.0928961
,4.029618
,0
,1.9302534
,4.6537604
,8.457635
,8.058018
,1.0370218
,1.343454
,0
,1.3381506
,5.455934
,0
,6.514658
,6.6949344
,0
,6.133088
,3.2718945
,7.1693153
,0
,0.8222332
,2.3803854
,0.5850006
,2.4501796
,7.69897
,3.6727574
,4.106776
,2.3700054
,0
,0.7665185
,5.219207
,1.1588829
,9.689069
,1.5221859
,2.3542337
,7.7272286
,0
,2.174701
,0
,0
,8.192693
,0.36960378
,4.3792424
,2.538071
,15.986227
,2.308758
,4.3250895
,0
,6.1626954
,0.700035
,3.115653
,6.9040337
,0
,1.2821335
,3.6579416
,4.2283297
,0.7994883
,0
,0.9903932
,4.9838023
,1.4180374
,0
,0
,0
,6.2972293
,0.9221689
,0.8894423
,3.7015102
,0
,5.8038306
,2.1667533
,0.75448924
,3.2739654
,4.1641607
,0
,4.010829
,0
,3.6630037
,6.181743
,5.583918
,3.6258156
,4.455583
,5.773672
,4.5651674
,3.4776561
,7.8678207
,0
,5.7300024
,1.0403662
,0
,5.308795
,1.6291288
,3.5069263
,0
,1.3885996
,2.26027
,6.4550834
,5.0385084
,5.7971015
,0
,4.269855
,4.741319
,0
,1.4856634
,0
,3.7192004
,5.5152855
,2.1708455
,0
,16.084558
,4.90136
,0
,2.4860163
,4.0870543
,0
,4.043263
,2.4557955
,2.090738
,0
,0
,0
,4.392065
,2.8850513
,0
,2.2976182
,1.6082342
,2.859185
,2.4467826
,0
,3.4349506
,3.0873725
,0.9815469
,0
,0
,1.9316206
,0
,3.2017562
,5.5507092
,3.2743943
,1.4821402
,1.2874155
,5.192108
,0
,2.873288
,8.185742
,2.3331778
,8.380609
,5.8927517
,37.453182
,2.7382255
,3.2990236
,3.1911497
,2.5753286
,3.7224538
,3.4775696
,4.783163
,1.7730496
,3.6989088
,0
,3.9180567
,1.69549
,0
,0
,2.5608196
,6.139489
,0
,4.744583
,4.2819676
,1.1021713
,0
,1.6540773
,1.0997471
,0.5800464
,3.265306
,2.1303792
,0
,2.1582735
,2.6420078
,2.6311173
,10.882709
,1.9968051
,0
,1.8125793
,8.436276
,0.73681104
,1.798076
,4.46495
,0.37078235
,2.6585138
,4.7348485
,1.6228498
,3.8214612
,0
,1.4285715
,5.7211876
,4.7267914
,6.597394
,4.1820006
,1.5102699
,0
,0
,8.476144
,0
,1.9442015
,3.5927281
,1.3203063
,4.785452
,0
,2.982997
,6.68859
,4.4336066
,4.0773535
,5.0234427
,3.037052
,0
,1.0912266
,5.221153
,0
,3.7467215
,0
,5.6236644
,8.2678795
,3.5339851
,0
,2.5869205
,4.7409096
,4.0084176
,0
,0
,5.4151626
,3.736083
,1.4710209
,4.4432926
,7.838307
,5.2083335
,2.4241586
,4.652245
,2.6619933
,2.1054108
,9.213759
,4.5207953
,0
,0
,3.3786638
,3.096565
,9.433963
,2.9605508
,0
,0
,4.176063
,5.399568
,5.488474
,3.4025178
,3.976143
,4.2796006
,8.573878
,0
,6.4394264
,5.5701437
,2.9167275
,0
,2.1791239
,1.317176
,5.964215
,1.4699397
,4.0399957
,8.363045
,3.539823
,1.1546011
,9.033423
,0
,6.0227356
,0
,0
,0
,0.8966197
,6.1117225
,12.182493
,0
,6.738166
,3.5842292
,2.7072759
,2.3685458
,6.3154097
,1.8759966
,3.2817013
,4.8875856
,0.83416754
,3.7966383
,3.1234381
,4.713646
,0
,2.706177
,0
,6.8965516
,0
,7.2877445
,6.5181966
,6.8053665
,4.767012
,2.0901554
,6.090505
,0
,1.8508235
,4.312469
,97.44215
,5.685048
,0
,2.17789
,0.97866505
,6.4350066
,0.6900835
,0
,3.3644545
,3.6666975
,3.4523573
,2.5975375
,0
,1.3891783
,2.745141
,4.2903724
,4.441812
,3.3470004
,4.0883074
,5.7979417
,0.8911862
,7.6660986
,0.76045626
,0
,2.6553373
,7.136231
,0
,2.6820438
,3.911139
,3.7216225
,4.8011527
,2.4685264
,5.321665
,3.0835648
,2.8821766
,0
,7.5357947
,3.7782695
,2.536912
,2.5097253
,3.7157452
,3.5880876
,13.862634
,14.335983
,1.0629251
,4.286939
,6.873598
,0
,5.6233935
,0
,0
,2.4125452
,6.2679086
,12.732096
,0
,1.7468776
,0
,3.2265873
,1.8716077
,3.7254355
,7.8343043
,6.3918185
,0
,3.689583
,0
,1.9139978
,0
,0.972668
,4.560558
,1.58303
,2.5796466
,6.7815003
,0
,0.7275373
,1.6448722
,12.965964
,2.077059
,1.7633575
,2.548049
,2.3406413
,0.84588057
,0
,5.073934
,10.3005905
,7.3734226
,1.8995157
,0
,2.8735633
,4.8846016
,5.298949
,3.267974
,0
,3.4925957
,1.225941
,0
,5.668642
,1.9920318
,3.5526502
,2.415313
,0
,7.904002
,2.0504408
,6.25421
,6.8965516
,15.455951
,6.7033114
,8.156607
,9.612023
,4.1509433
,3.906686
,4.2702193
,2.869852
,1.9894558
,4.220745
,0
,0.7053678
,0
,1.4274158
,1.7473353
,3.6223135
,2.4673083
,6.4694467
,4.1369324
,4.195335
,2.0112631
,0
,4.8682528
,2.4315124
,4.689552
,5.000625
,4.38579
,2.625361
,2.9222677
,4.021717
,5.1525145
,8.795075
,0
,2.6723678
,3.0349014
,7.308161
,4.7709923
,5.898756
,1.1793149
,4.410338
,0
,0
,148.0263
,3.3656435
,4.304006
,0.27797082
,0
,0
,2.4529843
,4.474273
,8.468052
,5.6598153
,0
,3.4689097
,4.939247
,7.777394
,3.7006884
,2.8280544
,1.5864203
,3.2840722
,0
,3.889537
,5.4347825
,0.65099925
,4.4146214
,0.85411686
,2.1097045
,2.9076107
,4.2014604
,0
,1.0648493
,2.8972912
,10.550997
,5.5111604
,0
,8.732535
,0.9609841
,3.5104141
,4.1572633
,0
,5.1899524
,0.69959426
,4.301692
,2.5191033
,5.6049323
,0.81011015
,0
,3.0606778
,0
,1.5708451
,6.167763
,0
,1.1909015
,0
,7.9575596
,0
,0.83549166
,10.819756
,0
,0
,0
,3.5625222
,0.716435
,0
,3.4650035
,1.0001
,5.2603893
,1.4669926
,0
,11.074197
,5.5267906
,0
,8.857788
,9.487666
,2.657219
,8.290624
,1.4869888
,8.121497
,1.6249593
,4.809344
,0
,1.621797
,5.001786
,22.747953
,7.693491
,15.847859
,0
,0
,5.6878777
,5.2791343
,2.9123387
,3.1397173
,15.649452
,0.763417
,1.787523
,3.7759004
,2.9304888
,2.1477664
,6.727966
,2.9463758
,0
,0
,0
,6.6295414
,11.172224
,4.1379313
,9.635599
,4.0879493
,0
,0
,0
,2.0036795
,0
,2.8715003
,0
,0
,0.969462
,7.0702605
,5.532163
,5.1961546
,1.1956003
,2.5775852
,0
,3.8041224
,2.8500178
,5.382131
,3.701236
,7.0214853
,1.8601191
,3.3984709
,0
,3.4364262
,12.060908
,1.1458691
,0
,0
,0.36531013
,0
,4.280089
,3.391555
,0
,5.9794307
,6.9532967
,6.9348125
,4.361099
,8.496177
,4.3628287
,0
,0.89469445
,2.2701476
,6.1830173
,3.5260932
,0
,2.9792051
,4.097881
,3.432887
,0
,0
,3.191829
,0
,0
,3.0342875
,4.725228
,13.47709
,6.9224114
,3.2509754
,0
,2.5371695
,4.774409
,0
,3.4995625
,0
,3.9606202
,4.8318515
,13.048017
,0
,0
,5.5944057
,5.533597
,2.1579628
,2.9505053
,2.6279137
,0
,0
,0
,0
,5.143655
,8.11928
,0
,3.7983098
,1.2631845
,5.126703
,8.581682
,5.8377113
,15.197568
,0
,1.027538
,6.698821
,4.709365
,0
,1.463272
,0.8228421
,7.4897738
,0
,0
,3.5417035
,2.0310755
,3.8147552
,3.0686827
,1.543329
,1.0629251
,3.905106
,2.052124
,2.322341
,4.280211
,3.3559299
,6.8875794
,1.0781671
,0
,0
,2.737851
,3.9520483
,2.2109919
,1.1625204
,2.37897
,0
,43.882294
,1.2903227
,0
,0
,2.0766275
,3.295436
,0
,2.1156185
,0
,7.0349402
,2.934875
,3.8976226
,3.13646
,2.3853066
,3.091668
,8.3901415
,2.5531917
,6.3351283
,1.460227
,4.974382
,0.62644863
,0
,0
,0
,6.581112
,0
,2.3727608
,2.5829782
,0
,0
,3.393775
,8.638376
,0
,0
,0
,8.351229
,0
,0
,9.02527
,8.370146
,0
,4.915762
,3.4019392
,1.0555204
,10.994381
,6.4875593
,2.8254972
,5.00344
,0
,3.0251083
,0.5633168
,4.9986844
,8.984726
,9.750153
,0.5542623
,2.9651594
,5.731024
,1.8877423
,4.6105967
,10.098096
,2.8742514
,4.185414
,3.9013734
,0
,6.430093
,5.8927517
,3.4665744
,1.2475051
,1.5083715
,3.2757351
,0
,5.149861
,1.5933715
,2.771875
,4.102144
,4.7247815
,0
,4.009891
,3.6169634
,0
,3.9502273
,3.1428752
,4.669842
,1.061008
,3.7816715
,3.8501027
,0
,14.287569
,2.2803717
,3.6514118
,3.219575
,6.8693113
,5.2846503
,0
,3.3385267
,4.766444
,4.111842
,1.7370158
,1.3733748
,3.219427
,4.2659516
,1.4155618
,7.8819146
,1.3468013
,0
,7.198128
,3.4032898
,7.758353
,5.0778604
,38.41229
,0
,4.6364985
,3.1118717
,2.5205848
,5.562177
,28.653296
,5.1431513
,0
,1.4576197
,5.083238
,3.8708677
,2.4824457
,5.159959
,2.2039378
,1.6870044
,0.5435669
,5.902142
,3.0497103
,2.187067
,0
,0.927902
,0
,3.4974818
,0
,5.381552
,2.4980016
,0.78351486
,0
,3.113083
,0
,4.182642
,0.8313013
,11.719583
,1.7599437
,0
,0
,1.7548476
,19.30502
,3.6849377
,5.513799
,0.99201435
,3.4776561
,26.560425
,0
,5.032554
,0.9305788
,6.8499017
,7.380268
,1.8508235
,3.465604
,5.293806
,7.111252
,1.2214487
,4.22833
,0
,1.0185374
,1.5836985
,7.0938754
,0
,5.4662733
,2.9262583
,2.4858308
,1.0817828
,7.2077265
,2.610114
,0
,6.633255
,2.3183925
,0
,0
,0
,9.2531395
,4.705052
,2.436944
,6.735303
,5.0772696
,0
,0
,1.168668
,5.870267
,0
,1.3259083
,0
,5.7979417
,6.5556574
,2.1032705
,6.587615
,4.605465
,5.141388
,2.896242
,2.4964633
,5.96557
,4.7354894
,2.6427062
,6.0298047
,2.6642983
,3.9831114
,10.515247
,4.846135
,4.2429814
,2.3276384
,5.948334
,12.029436
,0
,6.2554736
,0
,0
,3.261224
,0
,7.5757575
,2.4094934
,7.171029
,29.325514
,0
,5.5029716
,11.609907
,7.1994243
,15.276677
,2.2601426
,1.8323407
,5.479452
,7.2276716
,2.9931157
,0
,6.1811857
,0
,3.5707908
,0.7830854
,4.989605
,3.1831927
,9.284476
,4.416094
,2.9295444
,3.2006826
,5.0890584
,9.726444
,9.410289
,5.041593
,7.1530757
,5.7674875
,4.645491
,6.401676
,0
,0
,7.1123757
,0
,6.4267354
,2.556564
,7.628493
,7.6365023
,0
,11.660448
,2.8023765
,7.6343164
,0.7373544
,0
,1.742464
,12.894907
,0
,1.2510947
,10.26255
,8.411018
,0
,2.763958
,3.0435224
,0
,10.194774
,1.8759966
,2.848597
,0
,0
,1.6964967
,9.439899
,2.9638412
,3.1993175
,2.0824656
,8.274293
,0
,6.0990486
,12.578617
,8.287751
,0
,4.782401
,2.0266163
,3.1279323
,4.1766734
,0
,5.4428115
,0
,0
,1.1508805
,3.056702
,1.9882692
,0
,0
,0.4872582
,0
,2.954584
,0.6726306
,0
,7.577398
,0
,0
,7.565727
,4.3626842
,0
,17.684507
,0.36775523
,3.4895892
,8.004574
,1.6648169
,0
,4.319188
,4.126142
,1.0008006
,4.5947967
,0
,0
,0
,3.8003547
,2.520373
,1.8879799
,1.600683
,0
,3.8651493
,26.455027
,3.5203831
,1.6559032
,8.282208
,0
,1.6239038
,4.597399
,4.052959
,3.3244681
,0
,0
,34.9406
,0
,6.8688574
,6.1230736
,0
,1.5968063
,5.1983156
,0
,8.229485
,0
,7.352266
,2.980404
,1.8337408
,3.489427
,4.326897
,2.4457567
,6.87162
,1.4912019
,0.9862905
,0
,1.3128529
,3.2109601
,2.9829376
,1.8931507
,3.752144
,8.206138
,6.381039
,1.376652
,2.794662
,2.3100023
,3.2145483
,2.360857
,0
,0
,4.6882324
,0
,5.684054
,6.747259
,4.755677
,0
,2.6164312
,3.331945
,0
,0
,0
,0
,0.9426848
,4.878313
,2.5316458
,4.0183697
,8.56898
,0
,1.5308075
,3.9501672
,0
,0
,0.45506257
,0
,3.5761116
,5.1682925
,0
,0
,0
,0
,2.1572645
,0
,0
,0
,3.2493908
,2.2213995
,4.8222985
,3.082614
,1.1204482
,2.7802877
,1.306421
,13.141324
,5.13347
,1.4562399
,71.73601
,32.154343
,3.8221428
,3.4006376
,4.7362757
,0
,11.418533
,4.3010755
,1.5117159
,5.9347177
,5.30504
,7.2780204
,3.106555
,1.3727463
,17.421604
,1.6325197
,0
,6.975712
,10.824854
,2.792672
,10.370913
,1.4133277
,0
,1.0520779
,3.0457625
,4.88663
,7.332274
,0
,4.055479
,5.9007764
,0
,1.6466327
,0.6687957
,6.219458
,3.5677652
,5.552691
,0
,7.891881
,7.242004
,3.6730196
,5.383097
,4.0342913
,0
,0
,3.6971993
,0
,8.857396
,6.183814
,8.25007
,9.763241
,2.689136
,3.6961744
,8.401243
,5.09632
,4.471872
,7.564869
,6.245387
,0.574531
,1.9402406
,0
,2.7089257
,1.4868783
,5.244624
,17.667845
,5.158749
,6.6291018
,6.8843427
,10.37452
,4.8618426
,2.594258
,13.97624
,5.4005404
,2.4726465
,0
,1.3562387
,5.322924
,2.717576
,2.9040222
,2.8823428
,0
,63.920456
,6.790403
,2.4471245
,1.2875537
,4.710069
,0
,2.4319065
,1.6698672
,0
,2.8677948
,4.63392
,3.9474986
,8.72886
,9.782125
,2.9010732
,14.021968
,1.4401958
,5.3565965
,8.93655
,5.642633
,3.5848718
,0
,1.7286086
,3.1458082
,0
,5.491488
,4.2494426
,4.601933
,0
,0
,7.970509
,2.1982853
,0
,0
,0
,0
,0
,5.8768797
,4.6582046
,0
,5.3973823
,2.282063
,3.8250668
,7.620015
,0.8840951
,2.944424
,2.1973193
,0
,0.7143878
,1.8467221
,2.5619128
,6.837139
,0
,2.2868905
,0
,4.042971
,8.683786
,6.7727733
,1.6228498
,0
,10.775863
,3.901243
,1.330554
,0
,1.54202
,1.1752262
,0
,2.8517654
,3.868846
,2.033347
,7.2780204
,9.380863
,7.0947146
,3.3171897
,2.3840742
,2.3346758
,3.071253
,1.4275517
,5.6996293
,2.0874648
,3.4506555
,0.3646441
,1.9702492
,9.568615
,4.8963604
,1.6963528
,2.9384756
,4.7680902
,0
,5.145356
,0
,0
,0.9937395
,2.531005
,2.0790884
,3.4742327
,2.6075618
,0.62305295
,1.948052
,3.2990236
,3.8613021
,3.443131
,6.037606
,2.6513476
,2.253098
,1.7648096
,4.14823
,2.681684
,1.3406622
,5.01972
,5.0845304
,0
,4.8473096
,2.6975992
,4.3985047
,2.8155794
,0
,0
,5.9426537
,2.6656716
,0
,0
,7.4708347
,5.2854123
,0
,4.466501
,2.1088147
,3.388299
,2.5096202
,7.2364717
,6.187162
,2.1203287
,0
,0.9062075
,3.4781096
,7.5337305
,4.833253
,0
,0
,5.399082
,2.0644095
,4.9368787
,0
,4.9005194
,0.47338402
,3.9560091
,0
,1.939112
,11.618619
,11.603375
,1.2459894
,0
,0
,3.5704083
,2.3432007
,6.8911204
,0
,4.7885075
,4.7633224
,1.5610365
,0.9011445
,0
,4.3628116
,0
,5.4188795
,1.5805278
,23.43609
,0
,6.175381
,0
,7.8725853
,0
,2.080624
,1.6122532
,5.5994177
,0
,0
,4.2083116
,6.518601
,3.5387495
,0
,3.216764
,9.082652
,5.9946046
,3.32988
,5.7782216
,3.320683
,4.9455986
,0
,1.084834
,10.01001
,2.152389
,3.789314
,3.0198708
,3.1742673
,3.4083164
,1.7066789
,0
,0
,0
,0.8586639
,3.7421649
,4.334634
,0
,3.062787
,5.239717
,10.183299
,0.79088897
,7.546652
,4.8508368
,2.1440823
,6.002401
,2.0938022
,0
,1.5862944
,2.7920704
,0.6878999
,10.38961
,0
,0
,5.412929
,0
,0
,7.9886384
,0
,2.0293238
,6.9987173
,15.791552
,1.1108643
,0
,5.8695784
,2.6704051
,5.352296
,4.401086
,0
,3.7053049
,0
,1.0624734
,1.442273
,4.96771
,2.8074114
,0
,0
,3.9423294
,0
,0
,0
,5.427703
,6.0227356
,8.596973
,4.3917437
,3.331945
,0
,0
,3.8944602
,3.2215343
,8.5371065
,8.53971
,1.7733641
,5.3847075
,3.1456435
,3.011232
,4.4416246
,1.3791677
,0
,2.4791338
,1.7502407
,0
,3.791709
,2.6932402
,5.074339
,4.798794
,5.4075975
,2.9134133
,0.68469703
,9.167195
,1.1008366
,0
,2.0852158
,0
,1.0633773
,1.264116
,6.047168
,2.747756
,3.2393909
,4.945249
,22.805017
,0
,1.0566357
,2.2876751
,0
,0
,16.474464
,0
,2.7312455
,5.0761423
,3.309067
,8.397313
,7.774538
,6.9484653
,8.726004
,5.3520913
,0
,5.2579308
,0
,3.086658
,0
,0
,0
,5.432814
,7.018529
,6.213937
,0.57303303
,1.8354012
,8.851795
,8.241475
,0
,0
,10.948405
,3.274394
,10.548921
,1.0945709
,7.300602
,0
,1.755464
,13.068299
,0.570874
,3.844084
,0
,3.808218
,19.157087
,7.8529925
,1.6462712
,0.80128205
,1.9552891
,4.196391
,2.188503
,1.2271445
,0
,5.8714156
,0
,5.750431
,0
,4.3021855
,2.9181743
,13.0358095
,3.6619308
,0
,1.8258171
,1.1066232
,0
,10.3222475
,4.832085
,2.9784064
,3.9613373
,2.5731747
,2.7768135
,0
,0
,5.141388
,2.2864983
,0
,0.9085953
,4.029009
,9.720353
,0
,0
,1.6638935
,1.0809642
,4.4140368
,9.982033
,3.3919
,0
,0.9806805
,0
,7.7712154
,10.121457
,6.0118732
,2.887503
,0
,0.89166296
,6.8767195
,6.9396253
,7.169487
,4.875522
,0
,0
,1.2543117
,2.924404
,11.77478
,3.396739
,8.244023
,0
,5.1817946
,0
,2.8103044
,0
,9.397693
,0
,16.383371
,4.305149
,10.661855
,0
,2.773925
,1.1120996
,2.1591277
,3.4293551
,1.3808722
,7.2080727
,1.4394703
,5.3329268
,7.4460163
,0.99492586
,3.4334764
,9.948726
,0.60240966
,2.944294
,16.977928
,4.52054
,0
,5.9131613
,5.3119283
,1.5846605
,0.75884044
,0.675904
,1.5745552
,0
,0
,8.07211
,1.688191
,3.3585222
,6.1766524
,8.717014
,4.3400893
,2.946376
,4.036055
,2.3356845
,2.127207
,7.456426
,7.194245
,5.722788
,3.8172796
,7.7150574
,4.4464207
,4.5061283
,7.926024
,8.920607
,15.015015
,1.0085728
,2.2888534
,0
,2.582378
,1.1941724
,2.0692153
,4.6831093
,2.5945385
,3.63954
,2.9911015
,3.320053
,5.1683693
,4.654565
,0
,8.7378645
,0.8935752
,2.194065
,3.3655868
,2.6270852
,0
,2.3478312
,5.191659
,0
,0
,0
,0
,10.158013
,2.013693
,4.976539
,3.1423483
,3.453635
,1.6295934
,3.987468
,0
,3.349211
,0
,2.534533
,134.61539
,2.2539444
,2.2205775
,4.4503784
,3.2567987
,7.4309983
,0
,2.7605245
,0
,2.955301
,0
,3.4447122
,3.9056396
,10.266941
,0
,0
,3.4217281
,6.7094793
,3.1944346
,1.3978194
,2.50292
,0
,1.6118633
,3.9521787
,0
,3.011504
,0
,4.792715
,0
,0.869603
,0
,2.4549918
,5.5840397
,0
,2.8016438
,3.1390605
,4.567183
,0
,0
,7.261285
,2.5863853
,134.35701
,4.7829723
,4.8181157
,3.7088547
,0
,0
,4.4787817
,5.643341
,8.937828
,0.99890125
,2.6446865
,9.698146
,4.6133976
,0
,4.780572
,8.2542305
,0.47001317
,0
,4.095675
,2.8787334
,0
,1.5019526
,1.7614938
,3.0388978
,0
,5.6929927
,2.749897
,1.9703139
,1.5835313
,0
,6.295247
,1.6615436
,0
,2.287806
,2.6908243
,2.4127781
,4.014824
,0
,4.645221
,0
,0
,4.6072335
,5.1975055
,6.1563716
,1.9936203
,3.2760034
,3.1456432
,1.7085254
,0
,3.3189514
,5.7903876
,9.383798
,48.134777
,4.2094183
,7.486898
,0
,0
,2.0433183
,5.9988003
,6.5695176
,5.7774844
,0
,11.686793
,0
,0
,1.2058363
,0
,0
,1.6246953
,4.9372964
,2.9585798
,3.7987735
,3.815095
,0.34814093
,2.3933463
,10.22719
,0
,0
,1.8959142
,0.8811349
,6.0468636
,1.7398869
,3.4032125
,3.923492
,0
,2.2568269
,12.886598
,9.878634
,4.347406
,14.467592
,10.373444
,0.77357465
,11.313817
,1.0996262
,0
,0.49679565
,0.38276047
,0
,0
,5.407354
,0
,0
,0
,4.713424
,0
,6.2073245
,0
,9.111617
,3.7972279
,0.7824726
,0
,6.833713
,6.3445067
,5.497022
,1.9549068
,5.538377
,1.9607843
,9.424578
,5.3006654
,3.2161236
,0
,16.873365
,0
,0.599916
,0
,0
,2.9514694
,6.4445963
,2.3992324
,3.889033
,14.81795
,0
,8.317839
,0.5839075
,2.5986176
,5.289806
,2.7510316
,0
,7.636179
,1.6024356
,0
,0
,8.517572
,0
,0
,2.1520803
,8.695652
,9.875568
,0
,0.9581756
,4.204154
,0
,0
,3.9096098
,4.7101135
,0
,0
,0.8434548
,12.007422
,6.048692
,5.9326053
,0
,5.19442
,5.857659
,0
,1.5725743
,5.277973
,1.3508949
,0
,4.89656
,1.8532245
,4.8335867
,0
,3.3911235
,1.1832919
,1.7777778
,0
,1.961746
,2.360346
,2.6087523
,0
,0
,5.125051
,3.0330603
,6.044383
,0
,4.3963776
,6.401862
,3.844084
,0
,4.120879
,2.4252224
,6.901311
,3.5006652
,10.095182
,6.5802794
,0
,4.1846843
,5.103198
,3.2463317
,0
,3.526093
,6.341154
,7.225434
,2.120666
,0
,2.4420025
,7.544582
,0
,3.533569
,5.058169
,0
,3.7636433
,7.1041074
,4.9640107
,6.4317875
,0.32559502
,5.4112554
,0
,3.5050824
,10.081661
,2.4653096
,3.4052987
,8.577195
,0
,5.6866646
,8.44289
,10.442501
,6.824386
,0
,4.6290174
,5.365526
,5.378568
,10.369533
,0
,10.221962
,3.6735444
,2.8522532
,5.412354
,6.524277
,1.634254
,10.686874
,7.907222
,0
,1.6747613
,1.0851283
,8.272581
,17.31102
,5.077615
,1.098901
,0
,3.2432432
,4.923198
,0
,5.4274087
,4.65947
,0.49935085
,4.51992
,0
,0
,4.5568466
,5.0985723
,88.183426
,0
,0
,7.799704
,0
,0.6148549
,3.366578
,3.7080984
,0
,4.2426815
,2.624475
,8.909252
,0
,2.6096034
,0
,4.534736
,0
,1.6652789
,2.425183
,0
,0
,7.5713873
,1.2765687
,0
,1.676446
,2.5612566
,0
,19.850023
,0
,9.464576
,0
,17.18213
,5.295845
,5.1177073
,0
,0
,5.7875953
,10.732904
,3.9510076
,3.9370077
,3.7740595
,2.7763896
,6.5032187
,4.2541876
,4.1562757
,0
,1.8021265
,1.6864829
,0
,0
,6.90417
,0
,8.205369
,4.110856
,4.5787544
,1.191753
,7.7586207
,3.8471403
,0.9270418
,0
,0
,6.844627
,4.474273
,0
,3.949135
,4.0899796
,1.9063355
,4.789272
,2.9036005
,0.5866135
,3.240178
,0
,0.5523946
,0
,14.134276
,4.0933275
,3.5739815
,7.7184315
,2.018367
,1.654123
,7.857143
,0.9774215
,0.92310536
,8.2021
,3.0783439
,5.095356
,10.643251
,8.645533
,4.671806
,6.8440413
,5.4312773
,0
,0
,1.4288435
,0
,3.4166617
,2.3491411
,5.053536
,5.4340444
,1.938548
,1.2846866
,4.656216
,5.5151114
,2.4842663
,12.543118
,3.4602077
,0
,0.925155
,2.306539
,0
,15.2846775
,1.1830119
,2.608582
,2.931405
,0
,12.029123
,0
,3.7620702
,0
,0
,6.2255425
,3.8431973
,7.303713
,0
,4.5067883
,6.4453754
,19.48052
,0
,4.17676
,0
,1.637197
,29.99143
,0
,102.04081
,1.4310246
,0
,2.7737327
,5.1723022
,0.81526166
,1.2161012
,1.7087202
,6.085369
,5.7156854
,2.0431097
,2.7072759
,0
,0
,4.976362
,5.245672
,2.1958718
,1.9894558
,2.7044082
,0
,0
,1.8918493
,0.97304666
,0
,0
,7.2422953
,0
,8.278146
,0
,0
,0
,3.8314176
,4.8019204
,2.8567932
,0
,1.0162085
,0
,3.1717503
,3.3814247
,1.3024225
,0.773156
,7.176347
,2.6785235
,0
,11.322891
,3.3681374
,0
,3.505492
,3.9442544
,7.0756383
,0
,0
,1.4380213
,0
,0.74490666
,3.7586918
,1.2400794
,8.665511
,11.612904
,0
,0.99108034
,5.3418803
,1.4124293
,7.635045
,9.113693
,0
,0
,3.555064
,0
,1.1361054
,3.1836994
,9.013649
,4.438808
,5.3864803
,1.2382367
,5.5364175
,8.113042
,0
,0
,5.4525623
,0
,1.6186469
,1.9451468
,0.9172629
,3.5075412
,0
,5.466472
,7.987221
,0.7018036
,2.6642983
,0
,4.5012603
,3.3898306
,1.5741835
,2.9870808
,0.40008
,0
,1.108156
,1.9261637
,1.5760441
,3.9756162
,3.3526108
,0
,3.784534
,6.4884505
,0
,2.4424498
,3.4044
,10.377584
,5.466472
,0
,5.0371976
,6.877215
,3.6537566
,6.40615
,3.4040623
,0
,3.4281795
,2.788104
,1.3401233
,0
,8.767657
,1.9261328
,3.5040996
,6.97026
,4.3917437
,5.7683434
,0
,4.6935134
,0
,2.1668472
,0
,3.1660597
,0
,13.687916
,3.348962
,7.032349
,5.3140097
,7.669888
,3.678161
,0
,14.858841
,3.6786683
,4.8406057
,0
,2.8647823
,0.59601855
,3.0530357
,3.1453135
,4.2855396
,0
,2.6861863
,6.747638
,0
,0
,7.822977
,4.0109634
,12.304159
,2.993295
,3.681072
,5.595971
,9.502692
,3.1675642
,0.75597215
,3.4928398
,5.986488
,0
,6.0725675
,4.270556
,10.240656
,3.7405553
,4.46495
,4.830918
,3.0090272
,3.5594788
,4.622971
,4.9701786
,5.6749086
,1.5355086
,2.945508
,0
,2.586957
,6.5556574
,1.2668384
,1.9646366
,0.7766387
,3.4742901
,40.369087
,0
,2.4288056
,3.5338812
,0
,0
,5.911118
,3.0127287
,0.9942334
,3.207184
,1.4677105
,3.792188
,2.5910091
,0.96006143
,6.2234206
,0.9297136
,4.649927
,9.659502
,17.052721
,1.3367198
,5.0078454
,4.7299213
,1.2216874
,8.07624
,6.872065
,4.3610992
,4.2929506
,4.6948357
,5.397625
,0
,0.8331945
,3.0940595
,6.935775
,0
,0
,3.101737
,2.3934898
,4.7587323
,3.1682332
,0.9059886
,6.95825
,4.7296977
,10.188487
,3.3806627
,1.3310263
,0
,4.8154793
,2.0691082
,4.8137097
,5.668934
,3.6817346
,3.97976
,4.465083
,5.5213757
,3.2764423
,1.7813668
,5.199962
,0.65793806
,4.6351137
,1.6696349
,2.4307244
,0
,0
,7.8039646
,2.525731
,0.7300336
,0.2599766
,0
,0
,2.402691
,4.445432
,2.8262959
,1.813401
,0
,4.4669447
,6.251954
,3.365417
,6.3443723
,1.0845987
,2.9832935
,2.3796775
,1.6384041
,3.603789
,6.223882
,0.7525587
,0
,4.048583
,4.3763676
,5.544945
,3.2169857
,2.0957038
,4.3641443
,4.4338036
,2.7063599
,1.4229811
,1.7611836
,0
,0
,4.636785
,1.9440124
,1.9275249
,2.845274
,1.9491277
,3.7769103
,4.4857802
,4.1655097
,0
,0
,3.0537848
,7.4441686
,2.7851274
,6.8487935
,0
,0
,2.3173628
,6.678911
,1.5760442
,0
,2.5562372
,4.351989
,3.031957
,0
,0
,1.3691127
,1.0526316
,0
,5.7372346
,2.8651652
,2.069965
,3.3437827
,6.2024245
,0
,1.0109179
,2.426792
,2.4341264
,0.5623348
,1.5885624
,0
,0.8953353
,2.6288118
,0
,0
,0
,3.954523
,0
,3.6426556
,0
,3.0289774
,3.7160904
,0
,0
,2.8634832
,3.4714186
,3.1935277
,0
,0
,0
,3.1914895
,11.298017
,1.5896987
,4.0055346
,3.5842295
,0.82209796
,8.198961
,2.0433183
,1.3748068
,0
,0
,0
,3.3318527
,1.9204916
,7.3215375
,0.7560293
,0
,4.895961
,2.5045917
,0
,2.8579593
,2.2716947
,6.1087356
,7.1787505
,9.879126
,3.0020194
,3.635042
,1.1309658
,3.3726814
,9.742369
,4.5381413
,0
,4.010025
,3.521127
,1.8995157
,0
,6.9791784
,0
,2.8011205
,4.112084
,3.4981344
,0
,1.6179922
,7.1963153
,0.6802258
,8.359207
,3.5176587
,2.491591
,0
,1.0343401
,1.7921146
,1.2382367
,1.5865462
,2.46169
,6.443299
,3.549876
,0
,5.567929
,3.2605152
,8.580929
,0
,0.38580248
,0
,0.76470137
,0
,1.6182538
,1.8764366
,8.429334
,3.8340616
,3.620565
,7.805273
,6.1631556
,5.4659743
,1.9898517
,2.2207417
,5.002046
,4.3922257
,0
,7.2780204
,0.55321974
,3.5774975
,1.5116016
,2.0557098
,3.5635803
,2.4830701
,6.409846
,2.2837133
,4.0655913
,1.0816658
,1.6309223
,3.5950532
,1.473188
,3.4270048
,1.556057
,2.8046556
,4.944987
,1.4553922
,1.0484012
,11.502185
,2.611307
,2.1148355
,0
,0
,2.947534
,7.3434916
,4.740085
,16.423359
,1.4376079
,1.4973049
,1.3900473
,3.539823
,0
,1.4552864
,2.9832935
,4.943154
,5.723689
,2.376087
,0
,4.418262
,0
,2.5546048
,5.3951983
,0
,3.0757875
,3.9878767
,7.8585463
,63.87921
,1.6493485
,10.46244
,2.9821072
,1.7594792
,3.6423237
,4.6739893
,0.6444545
,0.7574036
,3.9609191
,0
,0
,2.5562372
,3.1458411
,4.223369
,0
,3.541578
,5.814799
,8.687154
,7.147963
,2.9112082
,0
,0.6265272
,6.1919503
,1.2217472
,7.8431373
,5.0838842
,2.9818108
,0
,8.437176
,1.0147134
,2.2978997
,1.4629508
,0
,1.3083868
,0
,0
,17.921148
,4.404898
,1.4356471
,11.815676
,3.0327773
,0
,3.7347276
,7.9921856
,2.1092596
,2.3030863
,2.9347644
,4.663454
,7.7167935
,5.6357074
,3.7119524
,4.9302716
,3.9460704
,1.5948964
,2.5995407
,83.24661
,3.0838816
,2.7288108
,3.0529022
,0
,1.5445209
,4.665267
,1.1751572
,7.878447
,0.3249074
,6.037432
,0
,0
,2.692515
,7.846599
,0
,1.0976949
,5.8473835
,6.8937783
,4.745441
,2.5120893
,0
,0
,2.4626498
,0
,2.7861807
,0
,1.8031013
,6.0009604
,5.272871
,6.4095716
,5.437738
,0.7439646
,1.1007761
,30.812326
,5.492996
,3.4456027
,5.5401664
,3.3204942
,1.8813496
,3.7379687
,2.156412
,0
,2.4105098
,0
,1.9992669
,0
,0
,1.8531559
,3.5984166
,2.305316
,2.07168
,0
,6.080506
,1.1775789
,6.087662
,9.824937
,9.724474
,3.771213
,6.919458
,5.2854123
,4.595588
,0
,1.3061651
,3.642722
,0.9261832
,1.8197259
,3.5518932
,4.415011
,2.7390828
,0
,5.3254213
,3.1298904
,0
,2.1913006
,1.4017382
,0
,1.0231225
,3.6105428
,1.3724011
,11.058277
,5.482957
,0
,0
,1.3883103
,1.9027685
,3.3112583
,5.8211455
,3.2564802
,4.3679566
,7.015903
,6.485084
,4.0689
,0.98687464
,0
,2.5539522
,3.1449013
,7.4449077
,0.6269199
,0
,2.4453864
,1.7938025
,0
,3.2548552
,2.7147682
,0
,6.7331
,0
,2.4790828
,6.2127237
,4.3142705
,3.8987622
,4.852484
,1.0270104
,2.6205451
,0
,2.5591812
,7.869059
,0.99206346
,2.140182
,0
,2.8860028
,6.247397
,1.1024143
,2.667378
,5.9130774
,4.1708374
,2.995806
,3.6632721
,0
,0
,3.9831114
,4.2420816
,3.5130863
,4.482295
,4.2594624
,0
,6.858711
,7.3746314
,11.520738
,0.7466587
,2.442599
,3.4079292
,0
,4.9241676
,0
,17.064846
,2.8259232
,3.0163639
,0
,1.5817779
,3.621002
,1.8266509
,8.487655
,4.7505937
,2.7383194
,0
,0
,8.197966
,5.1398783
,2.023063
,1.0952903
,2.1500752
,0
,3.3753374
,6.377551
,6.616188
,2.6089225
,0
,0.86258954
,1.4396085
,3.9611807
,5.3634367
,0
,0
,1.822711
,4.47828
,0
,5.8470416
,5.935892
,3.5456803
,5.072709
,0
,4.392708
,2.5616066
,3.6716113
,4.3840423
,0
,3.1600568
,0
,0.8883361
,1.601794
,0
,3.8883274
,3.4776561
,0
,9.501187
,0
,1.1541125
,0
,3.3994334
,0
,0
,4.9218655
,4.7397447
,2.6267402
,0
,3.4588113
,2.71693
,0
,4.29461
,4.831585
,2.6894975
,1.5927371
,5.351273
,4.478949
,9.080296
,3.990954
,0
,7.319573
,9.154715
,61.61746
,8.445946
,0
,5.1428995
,4.215852
,0
,5.1609945
,27.297544
,5.803157
,4.5386467
,0
,0
,2.184201
,3.0757065
,2.5647602
,1.6204829
,3.1737394
,9.930487
,0
,0
,14.027034
,0.3509634
,0
,1.7974297
,5.882353
,4.354317
,5.167291
,1.245175
,0.64998376
,2.2575061
,0
,1.817521
,0
,2.3815193
,0
,0
,7.7332487
,1.6265452
,0
,3.362475
,0.42625746
,5.586592
,4.536999
,19.607843
,3.4189982
,10.102143
,0
,0
,2.6336582
,5.816997
,4.708098
,5.512071
,2.51004
,15.265057
,0
,2.8694403
,0.591786
,0
,4.838933
,2.5801694
,4.7984643
,4.085635
,0
,71.42857
,6.2231627
,0
,3.2427523
,7.61035
,29.87304
,1.9936203
,0.76149863
,2.8236623
,0
,2.9826262
,0
,4.778116
,0
,3.2022543
,0
,4.2063937
,6.4299493
,6.323777
,2.8306847
,3.245173
,3.8248231
,2.3224757
,3.7605295
,6.8417006
,2.0445716
,2.9826262
,0.74465704
,3.5379446
,2.9571216
,2.6968718
,1.7619593
,2.6963868
,6.6647625
,0
,0
,2.1408691
,3.914277
,1.2153622
,3.6155157
,2.1477664
,3.7573805
,2.986858
,1.4245014
,1.634254
,4.3324876
,5.015548
,0
,0
,3.1522539
,7.1530757
,5.287648
,4.8784814
,7.430694
,5.658776
,3.8265307
,4.866518
,3.7023325
,3.9779887
,2.9236915
,0
,1.0646226
,4.9504952
,8.481765
,1.1591516
,6.7258544
,0
,6.8763967
,3.381806
,6.4850845
,0
,0
,6.6484942
,0
,0
,2.4600246
,5.6888704
,1.5948963
,5.178999
,0
,0
,3.8935757
,6.2189054
,2.4557955
,7.4283166
,9.816753
,1.0742292
,2.8798525
,4.584212
,3.6125162
,5.24895
,3.062412
,0
,7.2289157
,1.6233766
,1.5892357
,6.8093386
,3.7491798
,0
,1.7209235
,0
,4.802415
,1.9665682
,0
,2.5588536
,6.179324
,9.914312
,26.109661
,0
,10.048007
,6.6581063
,0
,7.476635
,0
,1.0082678
,10.759919
,1.225941
,4.759355
,2.4406614
,0
,0
,0
,0
,3.9736602
,2.6140373
,2.5658572
,0
,5.1421094
,0
,4.4883304
,0
,4.8088484
,5.737646
,1.0204082
,0
,0.5417118
,4.278467
,3.5205956
,3.7433555
,6.7385445
,5.5710306
,3.578842
,7.083268
,0
,10.054138
,1.5259022
,2.8092847
,1.7571604
,15.408319
,5.988821
,0.38822892
,1.1789672
,0
,1.4511682
,0
,4.3539786
,0
,3.1424308
,0
,4.7873616
,0
,0
,3.57296
,6.5174885
,8.887309
,8.464534
,7.766387
,3.372454
,2.1088147
,0
,1.9191402
,6.443299
,3.1519225
,8.93522
,4.1169205
,2.835271
,1.9645079
,6.8762894
,0
,0
,2.0358307
,8.085709
,4.9900203
,6.394316
,4.167535
,8.093889
,0
,7.2316084
,1.5776188
,1.6546704
,12.622585
,3.085277
,2.353218
,8.601623
,3.8343558
,0
,1.6431153
,1.444878
,5.739116
,5.137162
,3.667994
,5.020997
,0.6713212
,5.0885406
,2.8574696
,3.5546708
,1.9023463
,10.803997
,0
,1.6742005
,8.131734
,3.8570945
,0
,3.663809
,1.7932931
,2.631579
,4.6063843
,5.5358725
,0
,0
,1.5878056
,3.1065547
,0
,0
,2.2831051
,3.2793336
,0
,4.477994
,0
,4.1179376
,8.131734
,0
,11.760094
,0
,5.628518
,0
,3.0307622
,5.080563
,0.72982043
,3.1791446
,6.890216
,5.878319
,2.0224493
,3.9215686
,2.3489342
,5.9988003
,3.6968577
,7.5682597
,0
,7.472166
,4.1316624
,2.9298878
,5.5574083
,15.297203
,0
,56.926
,7.904444
,6.9003587
,5.163765
,7.7579517
,2.191861
,0
,0
,1.5415447
,2.7970073
,8.899436
,0
,4.1330853
,2.4740229
,0
,2.3627627
,4.768068
,2.696508
,2.544853
,6.644518
,13.617794
,0
,2.4119632
,0
,0
,6.9783673
,2.5163565
,0
,9.545629
,2.860003
,1.3377926
,37.914692
,1.4184397
,0
,4.919444
,0
,3.474635
,6.169539
,0
,9.073038
,0
,1.9692793
,16.537125
,5.872304
,3.82464
,1.9513464
,0.97087383
,2.4384296
,3.4806824
,5.8490934
,1.5067049
,0
,2.205558
,1.3926606
,0
,1.4480163
,1.488649
,6.17157
,2.8405862
,0
,1.8913126
,4.599393
,2.0056963
,9.9167595
,4.849073
,10.546298
,1.1143303
,0
,1.2297097
,1.8695083
,4.409657
,5.256518
,1.1837822
,0.77821016
,8.794216
,2.7153623
,1.6330974
,6.95825
,2.2049096
,4.7192073
,3.1545742
,6.08365
,1.2159534
,3.0318344
,0
,0
,0
,3.893323
,3.9077766
,8.96861
,4.3358865
,4.5077534
,1.7917936
,3.330669
,0
,8.613264
,4.8740864
,0
,1.9088827
,8.9997425
,3.7554452
,7.26797
,3.4199727
,2.9533372
,0
,4.56621
,4.3122034
,3.6098475
,3.9404984
,2.5722811
,5.024494
,1.875469
,0
,3.7183936
,3.2708242
,2.3826542
,0
,1.6750419
,0
,2.0480611
,2.8070176
,0.80567193
,5.265375
,9.871668
,0
,6.498493
,2.4352627
,6.0536757
,2.4417043
,0
,1.952553
,5.9786606
,0
,8.130081
,4.417205
,1.2755916
,4.3778048
,3.6166363
,24.968788
,5.957109
,2.6553373
,8.144796
,0
,4.6738334
,8.507018
,4.8740864
,1.5994883
,0
,0
,0
,7.708912
,5.7540407
,1.0475593
,3.7671878
,2.672606
,2.4926467
,3.1590586
,1.9169941
,3.5813413
,2.6308866
,2.6733203
,1.5320975
,0
,9.269559
,3.7776577
,5.755212
,0
,0
,0
,15.323322
,0
,4.583113
,0
,1.8818722
,0.2668517
,0
,1.3925637
,8.05261
,2.0022025
,3.6275694
,0.75872535
,7.365126
,4.5634317
,7.392544
,4.0442166
,0
,1.9071232
,3.108164
,2.8240612
,4.958752
,1.8618506
,1.9209836
,1.2536042
,3.923107
,2.5786486
,0
,1.2057636
,5.6069527
,36.900368
,2.411188
,0.5400443
,14.503263
,2.899391
,0
,5.156234
,0
,0
,8.6981735
,4.8574204
,4.0442166
,6.3613234
,1.0188141
,7.62079
,4
,0.96292734
,2.7505271
,4.05562
,2.380244
,2.6063726
,0.88448614
,11.281111
,0
,3.806986
,11.227283
,4.925805
,5.072923
,0
,0
,4.191115
,4.341534
,3.1762164
,0
,0
,5.578282
,1.5876796
,4.9800797
,4.668534
,0
,3.3990483
,2.7921262
,0
,5.578974
,8.952231
,2.6438708
,0
,3.8124282
,0
,7.9914756
,1.5452765
,3.8106124
,5.642067
,5.6292725
,2.8663564
,4.5118213
,5.0220413
,3.4297473
,0
,0
,3.923107
,11.42074
,2.939793
,3.370635
,0
,0
,0
,0
,4.5595474
,0
,8.436149
,3.9131286
,1.8568377
,0
,3.334352
,0
,8.35771
,1.209336
,0
,8.528421
,0
,0
,4.13993
,0.67925555
,0.67540187
,4.1423593
,6.2399716
,6.072172
,0
,4.8705816
,4.633
,6.4569144
,0.8438819
,7.813111
,0
,0
,7.9524364
,7.1901064
,14.47178
,1.2125622
,4.268453
,12.02212
,22.222221
,3.223207
,2.559727
,6.718925
,3.8621223
,7.025996
,0
,3.9656312
,15.483563
,5.946819
,7.1515408
,0
,0
,1.6874789
,1.7085985
,0
,3.7657692
,2.7386005
,3.7374794
,0
,0
,0
,11.2683115
,5.164104
,2.4012487
,0
,0
,0
,0
,3.198408
,6.6218896
,4.663164
,0.8250144
,0.7319037
,0
,0.3547609
,4.7758026
,4.185268
,0
,1.6386279
,3.0385902
,1.9657952
,0
,2.2912133
,6.2780704
,1.1111112
,3.3688183
,3.0426579
,3.4904013
,8.182469
,4.3802013
,0
,3.8476336
,3.8037276
,1.3769363
,6.7138124
,1.484781
,3.8270187
,7.061316
,5.492311
,2.4866784
,6.5497417
,0
,6.786102
,3.6951501
,7.5329566
,7.147963
,4.4883304
,0
,0
,3.430924
,1.5299877
,0
,1.5858752
