Group,Subcolumn,Source_row,Value,Excluded
WT,1,1,2345.4766,
WT,1,2,1250.2106,
WT,1,3,1546.0527,
WT,1,4,909.3605,
WT,1,5,1000.7932,
WT,1,6,557.5428,
WT,1,7,569.7072,
WT,1,8,646.3883,
WT,1,9,752.6721,
WT,1,10,762.6512,
WT,1,11,576.2625,
WT,1,12,750.5604,
WT,1,13,1030.3365,
WT,1,14,990.8094,
WT,1,15,753.3252,
WT,1,16,813.0903,
WT,1,17,1105.2455,
WT,1,18,2056.1833,
WT,1,19,1044.6592,
WT,1,20,664.9878,
WT,1,21,1476.0554,
WT,1,22,1627.5082,
WT,1,23,936.573,
WT,1,24,1235.1594,
WT,1,25,736.2648,
WT,1,26,935.4213,
WT,1,27,1229.7393,
WT,1,28,1089.1768,
WT,1,29,609.7238,
WT,1,30,885.4129,
WT,1,31,687.3544,
WT,1,32,632.8567,
WT,1,33,1125.3771,
WT,1,34,1179.3971,
WT,1,35,1418.7316,
WT,1,36,918.3491,
WT,1,37,1199.2903,
WT,1,38,716.7735,
WT,1,39,890.4528,
WT,1,40,655.8523,
WT,1,41,1109.5629,
WT,1,42,935.5948,
WT,1,43,941.2075,
WT,1,44,852.8813,
WT,1,45,677.799,
WT,1,46,931.2769,
WT,1,47,984.3792,
WT,1,48,1366.5725,
WT,1,49,1368.4517,
WT,1,50,752.9988,
WT,1,51,3777.0078,
WT,1,52,1658.2604,
WT,1,53,687.3694,
WT,1,54,805.5082,
WT,1,55,3111.5449,
WT,1,56,1340.7288,
WT,1,57,1168.6995,
WT,1,58,2060.3411,
WT,1,59,1141.7017,
WT,1,60,935.2676,
WT,1,61,1005.4934,
WT,1,62,1227.3748,
WT,1,63,398.2093,
WT,1,64,863.3024,
WT,1,65,1033.4576,
WT,1,66,1946.8474,
WT,1,67,888.1232,
WT,1,68,675.6984,
WT,1,69,1556.1949,
WT,1,70,2491.6956,
WT,1,71,2259.0425,
WT,1,72,707.7275,
WT,1,73,590.6339,
WT,1,74,1618.0752,
WT,1,75,1022.8753,
WT,1,76,1046.1329,
WT,1,77,731.3784,
WT,1,78,946.6577,
WT,1,79,1055.4559,
WT,1,80,795.4174,
WT,1,81,904.4086,
WT,1,82,1336.6096,
WT,1,83,733.9631,
WT,1,84,1247.5242,
WT,1,85,1295.8593,
WT,1,86,680.9818,
WT,1,87,1566.9397,
WT,1,88,1357.5054,
WT,1,89,572.3784,
WT,1,90,1092.949,
WT,1,91,551.278,
WT,1,92,860.0173,
WT,1,93,886.1143,
WT,1,94,857.8367,
WT,1,95,656.6165,
WT,1,96,1416.8363,
WT,1,97,913.6458,
WT,1,98,922.8467,
WT,1,99,956.8567,
WT,1,100,793.5341,
WT,1,101,590.6119,
WT,1,102,1931.5714,
WT,1,103,679.0759,
WT,1,104,594.0378,
WT,1,105,672.2172,
WT,1,106,1111.5348,
WT,1,107,2320.7566,
WT,1,108,1075.2688,
WT,1,109,983.325,
WT,1,110,945.8583,
WT,1,111,1266.297,
WT,1,112,595.2444,
WT,1,113,1386.0978,
WT,1,114,871.3754,
WT,1,115,2004.9845,
WT,1,116,1543.0486,
WT,1,117,768.0386,
WT,1,118,1262.988,
WT,1,119,885.348,
WT,1,120,1310.6038,
WT,1,121,1147.9559,
WT,1,122,858.6536,
WT,1,123,1193.9978,
WT,1,124,999.5403,
WT,1,125,705.6008,
WT,1,126,1017.1485,
WT,1,127,972.1404,
WT,1,128,2092.4055,
WT,1,129,608.2487,
WT,1,130,4446.7886,
WT,1,131,1219.444,
WT,1,132,831.2112,
WT,1,133,622.2415,
WT,1,134,701.225,
WT,1,135,1047.0947,
WT,1,136,824.3439,
WT,1,137,1177.2828,
WT,1,138,702.8185,
WT,1,139,1223.9064,
WT,1,140,971.9287,
WT,1,141,1323.8087,
WT,1,142,2154.3354,
WT,1,143,741.2625,
WT,1,144,2668.8809,
WT,1,145,1014.7841,
WT,1,146,1254.1862,
WT,1,147,600.9645,
WT,1,148,1149.0182,
WT,1,149,3234.5242,
WT,1,150,935.1979,
WT,1,151,1448.2185,
WT,1,152,1322.9683,
WT,1,153,1536.0205,
WT,1,154,697.9961,
WT,1,155,1356.088,
WT,1,156,1253.8013,
WT,1,157,1688.084,
WT,1,158,805.5948,
WT,1,159,921.7325,
WT,1,160,1186.9243,
WT,1,161,568.8761,
WT,1,162,681.9529,
WT,1,163,756.3936,
WT,1,164,1700.653,
WT,1,165,1048.9519,
WT,1,166,2550.0969,
WT,1,167,715.3932,
WT,1,168,1188.5889,
WT,1,169,2708.3823,
WT,1,170,672.4559,
WT,1,171,1657.0881,
WT,1,172,834.369,
WT,1,173,1456.5547,
WT,1,174,889.2556,
WT,1,175,1424.8961,
WT,1,176,827.0745,
WT,1,177,968.7677,
WT,1,178,667.5132,
WT,1,179,1799.7421,
WT,1,180,1537.6376,
WT,1,181,1223.8771,
WT,1,182,1299.2238,
WT,1,183,1220.6415,
WT,1,184,680.3502,
WT,1,185,1268.8041,
WT,1,186,1892.5625,
WT,1,187,1668.7526,
WT,1,188,1249.9967,
WT,1,189,730.5217,
WT,1,190,1751.2695,
WT,1,191,720.4589,
WT,1,192,906.0288,
WT,1,193,2080.2473,
WT,1,194,1461.746,
WT,1,195,1291.3033,
WT,1,196,1050.7793,
WT,1,197,1171.7391,
WT,1,198,1435.6958,
WT,1,199,1880.8975,
WT,1,200,1803.1121,
WT,1,201,1535.6882,
WT,1,202,779.0129,
WT,1,203,1127.5341,
WT,1,204,665.6935,
WT,1,205,586.7722,
WT,1,206,1398.8623,
WT,1,207,1079.975,
WT,1,208,766.1655,
WT,1,209,2703.2061,
WT,1,210,2130.8794,
WT,1,211,1170.375,
WT,1,212,1326.8502,
WT,1,213,1092.9742,
WT,1,214,1649.8599,
WT,1,215,1826.875,
WT,1,216,1375,
WT,1,217,674.5811,
WT,1,218,693.356,
WT,1,219,743.3763,
WT,1,220,642.3979,
WT,1,221,1463.4862,
WT,1,222,1148.9578,
WT,1,223,1121.5038,
WT,1,224,1706.1101,
WT,1,225,1567.6437,
WT,1,226,2073.5564,
WT,1,227,1335.4812,
WT,1,228,1795.9705,
WT,1,229,1307.4802,
WT,1,230,1215.1915,
WT,1,231,808.3851,
WT,1,232,1416.8738,
WT,1,233,721.5897,
WT,1,234,1831.1045,
WT,1,235,858.7903,
WT,1,236,1505.0856,
WT,1,237,1572.3307,
WT,1,238,1248.7433,
WT,1,239,1240.8964,
WT,1,240,1832.9078,
WT,1,241,1273.9707,
WT,1,242,714.4128,
WT,1,243,5307.5088,
WT,1,244,1480.5425,
WT,1,245,602.7845,
WT,1,246,750.5838,
WT,1,247,3058.6768,
WT,1,248,1961.2665,
WT,1,249,730.9,
WT,1,250,972.9619,
WT,1,251,2114.0771,
WT,1,252,1235.3077,
WT,1,253,1462.1511,
WT,1,254,772.1882,
WT,1,255,814.6736,
WT,1,256,1145.6447,
WT,1,257,724.3474,
WT,1,258,1320.1617,
WT,1,259,678.1289,
WT,1,260,1170.313,
WT,1,261,1551.7222,
WT,1,262,1376.7079,
WT,1,263,693.8228,
WT,1,264,757.7651,
WT,1,265,1917.7512,
WT,1,266,1381.7483,
WT,1,267,674.0948,
WT,1,268,1573.8307,
WT,1,269,1479.5577,
WT,1,270,557.2244,
WT,1,271,1035.931,
WT,1,272,1448.5612,
WT,1,273,1462.9487,
WT,1,274,1370.7249,
WT,1,275,1108.3102,
WT,1,276,704.7976,
WT,1,277,1580.4675,
WT,1,278,734.7036,
WT,1,279,4355.8076,
WT,1,280,2215.1733,
WT,1,281,1073.7462,
WT,1,282,1095.1151,
WT,1,283,2815.4309,
WT,1,284,3824.8806,
WT,1,285,1513.6759,
WT,1,286,750.5461,
WT,1,287,2756.9832,
WT,1,288,738.3214,
WT,1,289,1342.2614,
WT,1,290,591.5489,
WT,1,291,2094.9197,
WT,1,292,1200.9266,
WT,1,293,766.3475,
WT,1,294,1431.9935,
WT,1,295,1201.7428,
WT,1,296,639.857,
WT,1,297,1157.306,
WT,1,298,4615.9619,
WT,1,299,1403.7435,
WT,1,300,1280.976,
WT,1,301,2589.4768,
WT,1,302,1295.6034,
WT,1,303,727.3062,
WT,1,304,667.152,
WT,1,305,3906.3511,
WT,1,306,1034.9417,
WT,1,307,1498.6289,
WT,1,308,1652.2391,
WT,1,309,1165.7197,
WT,1,310,1365.3108,
WT,1,311,758.9007,
WT,1,312,2005.9698,
WT,1,313,2184.3779,
WT,1,314,1768.4457,
WT,1,315,772.1989,
WT,1,316,1565.6741,
WT,1,317,843.1277,
WT,1,318,1119.7863,
WT,1,319,1294.2781,
WT,1,320,727.5392,
WT,1,321,1226.1505,
WT,1,322,1084.2693,
WT,1,323,1549.4364,
WT,1,324,614.7737,
WT,1,325,1986.0649,
WT,1,326,968.1605,
WT,1,327,2589.8662,
WT,1,328,583.7831,
WT,1,329,818.9691,
WT,1,330,2221.9976,
WT,1,331,1308.5641,
WT,1,332,1345.5848,
WT,1,333,1327.767,
WT,1,334,1115.3531,
WT,1,335,698.9982,
WT,1,336,10896.5947,
WT,1,337,613.7258,
WT,1,338,1384.2186,
WT,1,339,2482.5376,
WT,1,340,1072.0315,
WT,1,341,3386.1975,
WT,1,342,995.2519,
WT,1,343,739.4601,
WT,1,344,1762.4379,
WT,1,345,1765.5134,
WT,1,346,1136.4258,
WT,1,347,668.7659,
WT,1,348,7151.668,
WT,1,349,1088.3344,
WT,1,350,2057.4131,
WT,1,351,686.8807,
WT,1,352,674.2987,
WT,1,353,683.9393,
WT,1,354,849.6003,
WT,1,355,1356.4025,
WT,1,356,2939.9563,
WT,1,357,3185.6621,
WT,1,358,1939.8387,
WT,1,359,2925.7954,
WT,1,360,1074.7379,
WT,1,361,854.2737,
WT,1,362,1798.8524,
WT,1,363,803.5853,
WT,1,364,1368.6696,
WT,1,365,678.688,
WT,1,366,1829.0442,
WT,1,367,1388.8521,
WT,1,368,2650.5703,
WT,1,369,1016.8849,
WT,1,370,1227.448,
WT,1,371,2526.0605,
WT,1,372,1126.9329,
WT,1,373,2065.8074,
WT,1,374,1875.7958,
WT,1,375,1477.7178,
WT,1,376,1064.3364,
WT,1,377,1907.4877,
WT,1,378,761.7114,
WT,1,379,1162.4224,
WT,1,380,1339.4434,
WT,1,381,679.6545,
WT,1,382,2232.1582,
WT,1,383,2398.6809,
WT,1,384,1121.6381,
WT,1,385,1713.4751,
WT,1,386,1063.6058,
WT,1,387,6833.9038,
WT,1,388,1958.8639,
WT,1,389,2041.7551,
WT,1,390,1454.1675,
WT,1,391,1188.3018,
WT,1,392,2305.124,
WT,1,393,2862.1218,
WT,1,394,885.9423,
WT,1,395,1363.7946,
WT,1,396,1068.5195,
WT,1,397,658.7513,
WT,1,398,754.0976,
WT,1,399,474.8191,
WT,1,400,1048.9872,
WT,1,401,752.7426,
WT,1,402,1231.4958,
WT,1,403,685.679,
WT,1,404,1333.8308,
WT,1,405,1105.7947,
WT,1,406,989.2734,
WT,1,407,652.0645,
WT,1,408,774.7769,
WT,1,409,766.9019,
WT,1,410,5504.2983,
WT,1,411,1704.259,
WT,1,412,1428.1111,
WT,1,413,692.7194,
WT,1,414,981.8487,
WT,1,415,651.6543,
WT,1,416,717.6099,
WT,1,417,1108.6078,
WT,1,418,1812.3787,
WT,1,419,854.3768,
WT,1,420,753.184,
WT,1,421,1873.8944,
WT,1,422,2397.0376,
WT,1,423,8193.0166,
WT,1,424,1294.834,
WT,1,425,613.8171,
WT,1,426,1437.5848,
WT,1,427,656.3007,
WT,1,428,856.3868,
WT,1,429,1141.0504,
WT,1,430,957.639,
WT,1,431,1408.2606,
WT,1,432,1045.5322,
WT,1,433,1118.174,
WT,1,434,988.1406,
WT,1,435,728.0128,
WT,1,436,835.4622,
WT,1,437,14775.7803,
WT,1,438,1348.037,
WT,1,439,1379.4543,
WT,1,440,1842.7135,
WT,1,441,1820.7651,
WT,1,442,1137.3275,
WT,1,443,762.314,
WT,1,444,712.866,
WT,1,445,1551.0872,
WT,1,446,641.1994,
WT,1,447,898.9508,
WT,1,448,1064.9525,
WT,1,449,761.7707,
WT,1,450,8758.0391,
WT,1,451,692.0334,
WT,1,452,1562.1979,
WT,1,453,1119.5291,
WT,1,454,667.0825,
WT,1,455,3073.3584,
WT,1,456,1343.0454,
WT,1,457,2617.0266,
WT,1,458,966.7209,
WT,1,459,663.1251,
WT,1,460,1152.6545,
WT,1,461,1994.7826,
WT,1,462,1160.8955,
WT,1,463,1002.0612,
WT,1,464,2099.811,
WT,1,465,1151.3334,
WT,1,466,701.8784,
WT,1,467,1592.3889,
WT,1,468,1055.7877,
WT,1,469,923.8173,
WT,1,470,1171.0944,
WT,1,471,3066.4617,
WT,1,472,1084.2589,
WT,1,473,3238.7449,
WT,1,474,1031.6428,
WT,1,475,624.6395,
WT,1,476,653.8373,
WT,1,477,2374.0652,
WT,1,478,1127.0697,
WT,1,479,2873.8398,
WT,1,480,1881.516,
WT,1,481,750.0684,
WT,1,482,627.3571,
WT,1,483,9440.0723,
WT,1,484,1200.03,
WT,1,485,683.358,
WT,1,486,706.449,
WT,1,487,2030.1034,
WT,1,488,7940.5615,
WT,1,489,702.7702,
WT,1,490,1134.3253,
WT,1,491,1810.733,
WT,1,492,3678.7761,
WT,1,493,1108.827,
WT,1,494,1022.1034,
WT,1,495,1006.1708,
WT,1,496,1563.5454,
WT,1,497,672.8615,
WT,1,498,702.3507,
WT,1,499,1403.106,
WT,1,500,779.8469,
WT,1,501,1961.4832,
WT,1,502,870.5049,
WT,1,503,1523.0901,
WT,1,504,772.099,
WT,1,505,4140.1768,
WT,1,506,602.3544,
WT,1,507,700.5663,
WT,1,508,691.0118,
WT,1,509,1222.5079,
WT,1,510,1800.499,
WT,1,511,642.2741,
WT,1,512,799.2534,
WT,1,513,1392.8691,
WT,1,514,2005.1941,
WT,1,515,806.0175,
WT,1,516,11920.0264,
WT,1,517,1251.5645,
WT,1,518,655.1511,
WT,1,519,1321.8317,
WT,1,520,1533.6273,
WT,1,521,800.5027,
WT,1,522,791.5884,
WT,1,523,1400.156,
WT,1,524,672.6376,
WT,1,525,1016.0082,
WT,1,526,1202.0212,
WT,1,527,1299.9026,
WT,1,528,1474.7048,
WT,1,529,1496.6387,
WT,1,530,712.9893,
WT,1,531,839.7802,
WT,1,532,740.8816,
WT,1,533,1766.9913,
WT,1,534,641.0294,
WT,1,535,985.6448,
WT,1,536,2356.0649,
WT,1,537,680.6705,
WT,1,538,2402.2476,
WT,1,539,1187.1025,
WT,1,540,1718.2085,
WT,1,541,759.0308,
WT,1,542,1629.6674,
WT,1,543,666.1581,
WT,1,544,751.2017,
WT,1,545,8913.4873,
WT,1,546,1406.6768,
WT,1,547,5533.9707,
WT,1,548,4561.4175,
WT,1,549,1133.7861,
WT,1,550,1097.073,
WT,1,551,1021.3168,
WT,1,552,1115.1626,
WT,1,553,1298.512,
WT,1,554,1381.375,
WT,1,555,2934.5789,
WT,1,556,673.138,
WT,1,557,1472.2366,
WT,1,558,2391.531,
WT,1,559,764.1683,
WT,1,560,2341.3298,
WT,1,561,1291.0693,
WT,1,562,1066.7083,
WT,1,563,1643.9023,
WT,1,564,2901.1396,
WT,1,565,936.8535,
WT,1,566,649.8645,
WT,1,567,899.5446,
WT,1,568,739.1973,
WT,1,569,1212.8851,
WT,1,570,1357.9535,
WT,1,571,1129.9703,
WT,1,572,1354.9534,
WT,1,573,1028.4561,
WT,1,574,1794.6829,
WT,1,575,1607.0635,
WT,1,576,1429.5138,
WT,1,577,669.3149,
WT,1,578,1760.6847,
WT,1,579,1087.0829,
WT,1,580,1097.25,
WT,1,581,713.1895,
WT,1,582,1169.8341,
WT,1,583,1144.0448,
WT,1,584,1569.0452,
WT,1,585,1134.2102,
WT,1,586,1133.7583,
WT,1,587,728.3908,
WT,1,588,741.1175,
WT,1,589,3301.4021,
WT,1,590,912.8161,
WT,1,591,880.4257,
WT,1,592,422.0798,
WT,1,593,1092.4927,
WT,1,594,1092.0291,
WT,1,595,941.6224,
WT,1,596,1061.8986,
WT,1,597,764.3319,
WT,1,598,1063.8477,
WT,1,599,1104.5676,
WT,1,600,692.3569,
WT,1,601,762.4232,
WT,1,602,1798.3636,
WT,1,603,5290.417,
WT,1,604,1393.7947,
WT,1,605,531.8173,
WT,1,606,675.5388,
WT,1,607,756.8676,
WT,1,608,800.5515,
WT,1,609,883.8561,
WT,1,610,1183.734,
WT,1,611,727.7388,
WT,1,612,1238.8292,
WT,1,613,2100.8687,
WT,1,614,986.795,
WT,1,615,1028.6593,
WT,1,616,1340.4625,
WT,1,617,1017.1564,
WT,1,618,1346.1824,
WT,1,619,3558.4026,
WT,1,620,1413.7047,
WT,1,621,1283.2261,
WT,1,622,454.2914,
WT,1,623,2266.3262,
WT,1,624,1070.1367,
WT,1,625,892.1398,
WT,1,626,620.1537,
WT,1,627,861.509,
WT,1,628,848.324,
WT,1,629,931.4179,
WT,1,630,675.9169,
WT,1,631,723.5703,
WT,1,632,756.6497,
WT,1,633,931.7722,
WT,1,634,1230.9471,
WT,1,635,1564.2649,
WT,1,636,2013.1639,
WT,1,637,753.5482,
WT,1,638,896.5267,
WT,1,639,790.596,
WT,1,640,1420.0393,
WT,1,641,911.5506,
WT,1,642,1136.8679,
WT,1,643,710.9857,
WT,1,644,2055.9663,
WT,1,645,1084.1276,
WT,1,646,1055.3674,
WT,1,647,386.9539,
WT,1,648,595.9009,
WT,1,649,789.6183,
WT,1,650,1497.2068,
WT,1,651,1346.0723,
WT,1,652,722.6153,
WT,1,653,878.5337,
WT,1,654,704.3384,
WT,1,655,670.7869,
WT,1,656,833.7769,
WT,1,657,1138.5515,
WT,1,658,905.4754,
WT,1,659,514.6395,
WT,1,660,1046.4917,
WT,1,661,1383.9937,
WT,1,662,1123.8762,
WT,1,663,798.4747,
WT,1,664,678.2635,
WT,1,665,1799.4819,
WT,1,666,2682.571,
WT,1,667,1454.2106,
WT,1,668,1315.0719,
WT,1,669,1297.7883,
WT,1,670,2649.4895,
WT,1,671,473.9171,
WT,1,672,1900.5842,
WT,1,673,779.5146,
WT,1,674,761.54,
WT,1,675,844.0948,
WT,1,676,937.3298,
WT,1,677,384.3501,
WT,1,678,1212.026,
WT,1,679,1024.3481,
WT,1,680,1233.2369,
WT,1,681,617.343,
WT,1,682,518.8956,
WT,1,683,442.7194,
WT,1,684,709.6727,
WT,1,685,702.4015,
WT,1,686,891.8247,
WT,1,687,1221.8375,
WT,1,688,920.3483,
WT,1,689,1204.2953,
WT,1,690,1037.7523,
WT,1,691,852.749,
WT,1,692,636.472,
WT,1,693,937.9783,
WT,1,694,2034.8077,
WT,1,695,1468.7373,
WT,1,696,1548.3781,
WT,1,697,710.5958,
WT,1,698,661.198,
WT,1,699,1045.4147,
WT,1,700,546.5443,
WT,1,701,1066.6576,
WT,1,702,1266.5973,
WT,1,703,1737.323,
WT,1,704,3341.9143,
WT,1,705,926.9004,
WT,1,706,851.4503,
WT,1,707,1075.6328,
WT,1,708,919.6299,
WT,1,709,653.5682,
WT,1,710,955.4959,
WT,1,711,1118.636,
WT,1,712,620.4174,
WT,1,713,517.1335,
WT,1,714,2047.3274,
WT,1,715,1197.1254,
WT,1,716,965.7837,
WT,1,717,488.3103,
WT,1,718,1381.0975,
WT,1,719,1197.2786,
WT,1,720,941.7878,
WT,1,721,1193.5959,
WT,1,722,921.4395,
WT,1,723,990.6324,
WT,1,724,959.5719,
WT,1,725,2077.4619,
WT,1,726,575.3755,
WT,1,727,1118.8583,
WT,1,728,1823.2809,
WT,1,729,780.3594,
WT,1,730,829.6529,
WT,1,731,691.6328,
WT,1,732,3529.9805,
WT,1,733,1381.7819,
WT,1,734,1533.9164,
WT,1,735,980.5309,
WT,1,736,1265.9327,
WT,1,737,761.1164,
WT,1,738,1110.0336,
WT,1,739,367.7173,
WT,1,740,582.0928,
WT,1,741,853.252,
WT,1,742,1033.5635,
WT,1,743,860.3557,
WT,1,744,1030.9236,
WT,1,745,339.5924,
WT,1,746,1072.6396,
WT,1,747,815.1328,
WT,1,748,1029.0892,
WT,1,749,645.3768,
WT,1,750,624.1053,
WT,1,751,954.9073,
WT,1,752,836.7547,
WT,1,753,911.8542,
WT,1,754,772.7841,
WT,1,755,1605.2057,
WT,1,756,2468.6941,
WT,1,757,715.6659,
WT,1,758,635.375,
WT,1,759,772.4144,
WT,1,760,680.7079,
WT,1,761,1239.8729,
WT,1,762,1570.9795,
WT,1,763,932.0927,
WT,1,764,696.5551,
WT,1,765,1015.7772,
WT,1,766,1372.14,
WT,1,767,916.3341,
WT,1,768,1285.8999,
WT,1,769,1002.264,
WT,1,770,586.1306,
WT,1,771,585.9742,
WT,1,772,675.6116,
WT,1,773,746.5414,
WT,1,774,911.3115,
WT,1,775,723.888,
WT,1,776,1050.6676,
WT,1,777,973.5648,
WT,1,778,571.0593,
WT,1,779,873.0812,
WT,1,780,1315.526,
WT,1,781,371.4251,
WT,1,782,937.9351,
WT,1,783,2189.3569,
WT,1,784,978.0562,
WT,1,785,570.1976,
WT,1,786,601.2556,
WT,1,787,1524.5302,
WT,1,788,694.4811,
WT,1,789,879.2775,
WT,1,790,1061.1884,
WT,1,791,1345.1298,
WT,1,792,620.741,
WT,1,793,1679.4946,
WT,1,794,1220.2751,
WT,1,795,2325.2866,
WT,1,796,791.0966,
WT,1,797,1139.5844,
WT,1,798,1539.7181,
WT,1,799,1045.8795,
WT,1,800,662.6589,
WT,1,801,979.0779,
WT,1,802,716.8251,
WT,1,803,1079.4883,
WT,1,804,838.799,
WT,1,805,874.9809,
WT,1,806,755.1783,
WT,1,807,670.3522,
WT,1,808,1046.902,
WT,1,809,872.9674,
WT,1,810,563.7963,
WT,1,811,705.875,
WT,1,812,947.2778,
WT,1,813,681.1087,
WT,1,814,781.4432,
WT,1,815,854.8394,
WT,1,816,530.4416,
WT,1,817,896.6967,
WT,1,818,623.361,
WT,1,819,912.3152,
WT,1,820,1097.9834,
WT,1,821,1151.2051,
WT,1,822,868.6493,
WT,1,823,698.7984,
WT,1,824,1289.025,
WT,1,825,671.8211,
WT,1,826,1145.7766,
WT,1,827,567.5379,
WT,1,828,613.8736,
WT,1,829,1063.7003,
WT,1,830,2027.3806,
WT,1,831,2155.6143,
WT,1,832,1533.1326,
WT,1,833,1013.7352,
WT,1,834,1726.1996,
WT,1,835,971.9819,
WT,1,836,891.0032,
WT,1,837,971.1124,
WT,1,838,1096.6489,
WT,1,839,1440.7598,
WT,1,840,573.0576,
WT,1,841,1447.1395,
WT,1,842,909.5222,
WT,1,843,1482.7872,
WT,1,844,333.6949,
WT,1,845,695.9515,
WT,1,846,1041.3334,
WT,1,847,1137.6403,
WT,1,848,1430.6755,
WT,1,849,788.5878,
WT,1,850,321.7657,
WT,1,851,828.3727,
WT,1,852,1668.3579,
WT,1,853,612.3394,
WT,1,854,907.3573,
WT,1,855,684.0823,
WT,1,856,1389.5414,
WT,1,857,586.9421,
WT,1,858,869.3401,
WT,1,859,845.4176,
WT,1,860,993.0351,
WT,1,861,1301.298,
WT,1,862,1241.7516,
WT,1,863,549.6046,
WT,1,864,616.8848,
WT,1,865,728.3936,
WT,1,866,868.0769,
WT,1,867,511.8078,
WT,1,868,704.0579,
WT,1,869,1823.3846,
WT,1,870,988.7666,
WT,1,871,986.246,
WT,1,872,1129.3861,
WT,1,873,985.1119,
WT,1,874,804.3195,
WT,1,875,1244.9758,
WT,1,876,1122.9937,
WT,1,877,1236.9611,
WT,1,878,658.2792,
WT,1,879,1244.2108,
WT,1,880,790.7308,
WT,1,881,1018.7729,
WT,1,882,1227.9828,
WT,1,883,1070.7642,
WT,1,884,755.3676,
WT,1,885,664.9241,
WT,1,886,569.1187,
WT,1,887,1319.1345,
WT,1,888,781.7426,
WT,1,889,704.0143,
WT,1,890,797.0969,
WT,1,891,742.0108,
WT,1,892,922.8309,
WT,1,893,670.8801,
WT,1,894,1493.3447,
WT,1,895,1028.7219,
WT,1,896,918.7571,
WT,1,897,580.5013,
WT,1,898,1022.7211,
WT,1,899,996.2969,
WT,1,900,972.1425,
WT,1,901,1096.4702,
WT,1,902,1190.0812,
WT,1,903,1635.3192,
WT,1,904,1043.3086,
WT,1,905,1408.8424,
WT,1,906,991.1067,
WT,1,907,1086.8704,
WT,1,908,589.4885,
WT,1,909,975.937,
WT,1,910,732.1183,
WT,1,911,290.7249,
WT,1,912,602.8929,
WT,1,913,951.2828,
WT,1,914,592.8102,
WT,1,915,1360.8979,
WT,1,916,557.8619,
WT,1,917,886.4417,
WT,1,918,297.0207,
WT,1,919,1301.6958,
WT,1,920,611.7384,
WT,1,921,1191.4005,
WT,1,922,511.2281,
WT,1,923,770.6025,
WT,1,924,1391.8243,
WT,1,925,848.2389,
WT,1,926,958.6964,
WT,1,927,690.1828,
WT,1,928,1475.454,
WT,1,929,637.4868,
WT,1,930,1582.0164,
WT,1,931,1046.9734,
WT,1,932,581.2987,
WT,1,933,695.29,
WT,1,934,709.8507,
WT,1,935,1094.9237,
WT,1,936,640.834,
WT,1,937,848.5233,
WT,1,938,749.8063,
WT,1,939,1168.75,
WT,1,940,561.8221,
WT,1,941,673.6182,
WT,1,942,856.4975,
WT,1,943,769.1867,
WT,1,944,1133.4785,
WT,1,945,944.2922,
WT,1,946,726.1829,
WT,1,947,803.7541,
WT,1,948,305.2074,
WT,1,949,601.7913,
WT,1,950,618.0784,
WT,1,951,666.4588,
WT,1,952,776.0432,
WT,1,953,766.4833,
WT,1,954,1328.2271,
WT,1,955,1814.1339,
WT,1,956,526.5769,
WT,1,957,1260.9602,
WT,1,958,858.7544,
WT,1,959,897.4283,
WT,1,960,1081.0522,
WT,1,961,572.1711,
WT,1,962,1146.6157,
WT,1,963,1137.3978,
WT,1,964,828.8139,
WT,1,965,868.2977,
WT,1,966,796.6682,
WT,1,967,1037.0903,
WT,1,968,985.4406,
WT,1,969,939.163,
WT,1,970,804.2982,
WT,1,971,700.6909,
WT,1,972,601.2673,
WT,1,973,544.0146,
WT,1,974,635.4037,
WT,1,975,802.9263,
WT,1,976,811.3322,
WT,1,977,823.7623,
WT,1,978,1948.6896,
WT,1,979,1024.3322,
WT,1,980,2154.4749,
WT,1,981,1306.2433,
WT,1,982,960.4163,
WT,1,983,673.8796,
WT,1,984,561.1991,
WT,1,985,764.5098,
WT,1,986,595.8699,
WT,1,987,583,
WT,1,988,784.6993,
WT,1,989,1896.2992,
WT,1,990,1699.6387,
WT,1,991,1747.9022,
WT,1,992,1108.4883,
WT,1,993,1048.5751,
WT,1,994,1963.0222,
WT,1,995,1876.2201,
WT,1,996,724.9274,
WT,1,997,597.3415,
WT,1,998,750.9152,
WT,1,999,757.6472,
WT,1,1000,760.547,
WT,1,1001,517.7843,
WT,1,1002,958.0602,
WT,1,1003,1632.0427,
WT,1,1004,462.3305,
WT,1,1005,588.0215,
WT,1,1006,1501.7057,
WT,1,1007,1455.3038,
WT,1,1008,485.3327,
WT,1,1009,601.3657,
WT,1,1010,1313.8551,
WT,1,1011,2078.3606,
WT,1,1012,625.8735,
WT,1,1013,1879.8376,
WT,1,1014,915.8665,
WT,1,1015,866.2429,
WT,1,1016,1367.3132,
WT,1,1017,2050.6697,
WT,1,1018,560.8885,
WT,1,1019,1555.5602,
WT,1,1020,1226.0995,
WT,1,1021,902.7407,
WT,1,1022,1365.1492,
WT,1,1023,502.0371,
WT,1,1024,1152.2809,
WT,1,1025,1491.6189,
WT,1,1026,714.67,
WT,1,1027,1318.9398,
WT,1,1028,1806.3549,
WT,1,1029,755.2573,
WT,1,1030,743.7924,
WT,1,1031,1281.0197,
WT,1,1032,590.5879,
WT,1,1033,591.7457,
WT,1,1034,2666.7314,
WT,1,1035,1399.8486,
WT,1,1036,1477.3586,
WT,1,1037,524.6788,
WT,1,1038,1264.0596,
WT,1,1039,516.2034,
WT,1,1040,626.9116,
WT,1,1041,1257.4326,
WT,1,1042,986.4168,
WT,1,1043,328.1527,
WT,1,1044,473.1842,
WT,1,1045,466.167,
WT,1,1046,748.3856,
WT,1,1047,1972.5398,
WT,1,1048,708.5796,
WT,1,1049,554.1379,
WT,1,1050,591.0177,
WT,1,1051,1327.4363,
WT,1,1052,529.4194,
WT,1,1053,1612.3585,
WT,1,1054,941.7563,
WT,1,1055,1465.4714,
WT,1,1056,715.8373,
WT,1,1057,1053.8362,
WT,1,1058,446.6785,
WT,1,1059,854.8994,
WT,1,1060,574.3192,
WT,1,1061,1075.2577,
WT,1,1062,1562.3086,
WT,1,1063,502.4927,
WT,1,1064,545.0656,
WT,1,1065,601.1066,
WT,1,1066,817.3885,
WT,1,1067,561.1787,
WT,1,1068,444.1932,
WT,1,1069,479.9015,
WT,1,1070,1098.0853,
WT,1,1071,1061.8086,
WT,1,1072,543.1,
WT,1,1073,1519.0447,
WT,1,1074,514.2404,
WT,1,1075,1892.9207,
WT,1,1076,540.3613,
WT,1,1077,604.7933,
WT,1,1078,471.7101,
WT,1,1079,2556.3716,
WT,1,1080,2345.2153,
WT,1,1081,1673.941,
WT,1,1082,993.6866,
WT,1,1083,973.8886,
WT,1,1084,2039.8228,
WT,1,1085,1218.87,
WT,1,1086,616.1064,
WT,1,1087,477.8745,
WT,1,1088,655.5184,
WT,1,1089,1662.269,
WT,1,1090,1990.6244,
WT,1,1091,762.6246,
WT,1,1092,1065.9624,
WT,1,1093,533.6878,
WT,1,1094,601.5935,
WT,1,1095,736.1165,
WT,1,1096,2043.7926,
WT,1,1097,1703.6713,
WT,1,1098,1816.0042,
WT,1,1099,802.2636,
WT,1,1100,983.9377,
WT,1,1101,1162.5531,
WT,1,1102,1199.9691,
WT,1,1103,586.128,
WT,1,1104,3237.248,
WT,1,1105,999.6752,
WT,1,1106,425.8215,
WT,1,1107,685.5157,
WT,1,1108,550.8276,
WT,1,1109,606.918,
WT,1,1110,1838.3278,
WT,1,1111,534.5568,
WT,1,1112,545.9092,
WT,1,1113,1384.868,
WT,1,1114,1879.1506,
WT,1,1115,512.9922,
WT,1,1116,854.8364,
WT,1,1117,1714.434,
WT,1,1118,1823.6444,
WT,1,1119,1235.9706,
WT,1,1120,817.1321,
WT,1,1121,462.3013,
WT,1,1122,3066.2168,
WT,1,1123,529.5924,
WT,1,1124,1937.093,
WT,1,1125,2330.2639,
WT,1,1126,2259.9714,
WT,1,1127,1223.1743,
WT,1,1128,2195.3276,
WT,1,1129,3084.415,
WT,1,1130,1279.6907,
WT,1,1131,668.3821,
WT,1,1132,574.9347,
WT,1,1133,1061.6095,
WT,1,1134,826.9437,
WT,1,1135,699.6353,
WT,1,1136,2549.2747,
WT,1,1137,649.7995,
WT,1,1138,636.543,
WT,1,1139,2629.7275,
WT,1,1140,555.2767,
WT,1,1141,1542.9556,
WT,1,1142,876.0386,
WT,1,1143,2635.9221,
WT,1,1144,1641.3799,
WT,1,1145,435.2637,
WT,1,1146,568.2233,
WT,1,1147,1247.5809,
WT,1,1148,474.2037,
WT,1,1149,348.7015,
WT,1,1150,757.4751,
WT,1,1151,829.373,
WT,1,1152,539.0062,
WT,1,1153,850.5298,
WT,1,1154,500.2845,
WT,1,1155,513.2202,
WT,1,1156,519.9288,
WT,1,1157,737.7742,
WT,1,1158,1585.4751,
WT,1,1159,516.2474,
WT,1,1160,839.6138,
WT,1,1161,589.3176,
WT,1,1162,1301.0592,
WT,1,1163,659.7628,
WT,1,1164,1819.3539,
WT,1,1165,922.3196,
WT,1,1166,1218.0128,
WT,1,1167,1312.4072,
WT,1,1168,630.0222,
WT,1,1169,1168.837,
WT,1,1170,461.4673,
WT,1,1171,562.0564,
WT,1,1172,3341.3774,
WT,1,1173,4121.0186,
WT,1,1174,756.1038,
WT,1,1175,604.0798,
WT,1,1176,1118.6656,
WT,1,1177,2625.5918,
WT,1,1178,1169.6605,
WT,1,1179,748.8276,
WT,1,1180,1457.2006,
WT,1,1181,930.0322,
WT,1,1182,469.0521,
WT,1,1183,551.9556,
WT,1,1184,859.1597,
WT,1,1185,507.6879,
WT,1,1186,771.4163,
WT,1,1187,1318.5322,
WT,1,1188,814.8384,
WT,1,1189,1031.8032,
WT,1,1190,604.1127,
WT,1,1191,1232.6519,
WT,1,1192,776.8221,
WT,1,1193,160.3184,
WT,1,1194,965.9352,
WT,1,1195,629.3992,
WT,1,1196,652.0899,
WT,1,1197,1236.0425,
WT,1,1198,2941.1721,
WT,1,1199,517.5464,
WT,1,1200,2021.5936,
WT,1,1201,594.3661,
WT,1,1202,3393.7524,
WT,1,1203,546.6981,
WT,1,1204,726.145,
WT,1,1205,575.2561,
WT,1,1206,1281.0461,
WT,1,1207,528.8788,
WT,1,1208,912.4921,
WT,1,1209,291.0569,
WT,1,1210,3686.7351,
WT,1,1211,594.7845,
WT,1,1212,592.8662,
WT,1,1213,725.4092,
WT,1,1214,498.5144,
WT,1,1215,873.8571,
WT,1,1216,1084.0884,
WT,1,1217,472.5551,
WT,1,1218,2463.0718,
WT,1,1219,976.5757,
WT,1,1220,583.6775,
WT,1,1221,819.894,
WT,1,1222,1006.2672,
WT,1,1223,1093.7021,
WT,1,1224,1258.6948,
WT,1,1225,3754.3184,
WT,1,1226,2194.1602,
WT,1,1227,1213.3588,
WT,1,1228,810.0861,
WT,1,1229,822.3648,
WT,1,1230,647.0991,
WT,1,1231,510.1651,
WT,1,1232,599.3495,
WT,1,1233,766.559,
WT,1,1234,605.9656,
WT,1,1235,536.9897,
WT,1,1236,529.6086,
WT,1,1237,963.2299,
WT,1,1238,1213.2603,
WT,1,1239,646.6188,
WT,1,1240,1632.6042,
WT,1,1241,1483.3762,
WT,1,1242,1135.4841,
WT,1,1243,2565.1628,
WT,1,1244,1145.4097,
WT,1,1245,970.786,
WT,1,1246,1095.8868,
WT,1,1247,1068.101,
WT,1,1248,5192.5928,
WT,1,1249,522.6082,
WT,1,1250,918.7102,
WT,1,1251,561.0039,
WT,1,1252,1031.9456,
WT,1,1253,518.6788,
WT,1,1254,522.2762,
WT,1,1255,521.8143,
WT,1,1256,474.4429,
WT,1,1257,1289.318,
WT,1,1258,547.2358,
WT,1,1259,2122.4316,
WT,1,1260,671.1896,
WT,1,1261,649.2513,
WT,1,1262,1975.2963,
WT,1,1263,639.4503,
WT,1,1264,603.2435,
WT,1,1265,997.2792,
WT,1,1266,2355.0647,
WT,1,1267,1251.8855,
WT,1,1268,951.6442,
WT,1,1269,549.4263,
WT,1,1270,544.2007,
WT,1,1271,1512.6531,
WT,1,1272,526.3307,
WT,1,1273,966.4257,
WT,1,1274,1256.1202,
WT,1,1275,1212.4556,
WT,1,1276,646.4884,
WT,1,1277,481.1781,
WT,1,1278,1641.7898,
WT,1,1279,581,
WT,1,1280,1095.4447,
WT,1,1281,1413.8539,
WT,1,1282,645.4429,
WT,1,1283,535.5682,
WT,1,1284,629.9786,
WT,1,1285,1473.4,
WT,1,1286,504.4398,
WT,1,1287,1231.7323,
WT,1,1288,1332.3774,
WT,1,1289,5952.75,
WT,1,1290,736.202,
WT,1,1291,890.2653,
WT,1,1292,889.1537,
WT,1,1293,1321.7179,
WT,1,1294,981.3234,
WT,1,1295,1376.786,
WT,1,1296,2808.5134,
WT,1,1297,1033.6279,
WT,1,1298,979.3799,
WT,1,1299,783.3644,
WT,1,1300,797.2379,
WT,1,1301,653.5867,
WT,1,1302,611.3905,
WT+X1,1,1,448.6871,
WT+X1,1,2,1069.441,
WT+X1,1,3,483.5182,
WT+X1,1,4,902.369,
WT+X1,1,5,403.0445,
WT+X1,1,6,819.0311,
WT+X1,1,7,1146.3778,
WT+X1,1,8,1910.4413,
WT+X1,1,9,1255.7466,
WT+X1,1,10,526.5048,
WT+X1,1,11,655.7663,
WT+X1,1,12,1096.4698,
WT+X1,1,13,463.7151,
WT+X1,1,14,1363.5223,
WT+X1,1,15,557.3079,
WT+X1,1,16,1234.7946,
WT+X1,1,17,595.2096,
WT+X1,1,18,2446.5452,
WT+X1,1,19,737.9932,
WT+X1,1,20,1222.5249,
WT+X1,1,21,3305.2942,
WT+X1,1,22,2328.8022,
WT+X1,1,23,1206.671,
WT+X1,1,24,391.3599,
WT+X1,1,25,826.6498,
WT+X1,1,26,4108.3691,
WT+X1,1,27,2858.1714,
WT+X1,1,28,567.8156,
WT+X1,1,29,1323.9789,
WT+X1,1,30,397.415,
WT+X1,1,31,385.3262,
WT+X1,1,32,1839.6694,
WT+X1,1,33,1348.6122,
WT+X1,1,34,1132.5846,
WT+X1,1,35,995.8436,
WT+X1,1,36,1228.8579,
WT+X1,1,37,344.6813,
WT+X1,1,38,820.3828,
WT+X1,1,39,434.4909,
WT+X1,1,40,4045.8406,
WT+X1,1,41,1209.569,
WT+X1,1,42,3001.78,
WT+X1,1,43,427.7965,
WT+X1,1,44,792.6548,
WT+X1,1,45,1665.656,
WT+X1,1,46,302.9955,
WT+X1,1,47,269.8253,
WT+X1,1,48,1646.4756,
WT+X1,1,49,1099.1804,
WT+X1,1,50,436.7621,
WT+X1,1,51,877.757,
WT+X1,1,52,1146.8051,
WT+X1,1,53,1024.574,
WT+X1,1,54,434.8779,
WT+X1,1,55,1762.3413,
WT+X1,1,56,1384.691,
WT+X1,1,57,2374.009,
WT+X1,1,58,444.5574,
WT+X1,1,59,599.4863,
WT+X1,1,60,1552.8478,
WT+X1,1,61,551.307,
WT+X1,1,62,2032.2312,
WT+X1,1,63,1726.2805,
WT+X1,1,64,937.8232,
WT+X1,1,65,268.1571,
WT+X1,1,66,451.7704,
WT+X1,1,67,1845.1722,
WT+X1,1,68,538.941,
WT+X1,1,69,1315.311,
WT+X1,1,70,4274.0137,
WT+X1,1,71,411.157,
WT+X1,1,72,3163.905,
WT+X1,1,73,2281.5481,
WT+X1,1,74,653.5509,
WT+X1,1,75,1186.8669,
WT+X1,1,76,1637.1949,
WT+X1,1,77,4321.481,
WT+X1,1,78,373.0029,
WT+X1,1,79,3360.9211,
WT+X1,1,80,438.3108,
WT+X1,1,81,374.6028,
WT+X1,1,82,314.2,
WT+X1,1,83,2322.509,
WT+X1,1,84,3927.1648,
WT+X1,1,85,224.8719,
WT+X1,1,86,205.7288,
WT+X1,1,87,524.3767,
WT+X1,1,88,1022.7172,
WT+X1,1,89,572.5785,
WT+X1,1,90,4317.8721,
WT+X1,1,91,3798.2522,
WT+X1,1,92,592.6909,
WT+X1,1,93,508.7221,
WT+X1,1,94,583.8663,
WT+X1,1,95,4839.4224,
WT+X1,1,96,3680.1965,
WT+X1,1,97,2783.0488,
WT+X1,1,98,663.6076,
WT+X1,1,99,2494.8992,
WT+X1,1,100,1139.8871,
WT+X1,1,101,2628.2883,
WT+X1,1,102,2680.2012,
WT+X1,1,103,899.2954,
WT+X1,1,104,520.5855,
WT+X1,1,105,3509.3103,
WT+X1,1,106,1207.1271,
WT+X1,1,107,1370.9303,
WT+X1,1,108,259.6133,
WT+X1,1,109,610.7385,
WT+X1,1,110,534.5571,
WT+X1,1,111,501.2827,
WT+X1,1,112,2126.4878,
WT+X1,1,113,536.5382,
WT+X1,1,114,1295.6805,
WT+X1,1,115,515.3636,
WT+X1,1,116,1824.5354,
WT+X1,1,117,3804.5803,
WT+X1,1,118,1192.7174,
WT+X1,1,119,651.9986,
WT+X1,1,120,568.6053,
WT+X1,1,121,2917.2249,
WT+X1,1,122,2039.9379,
WT+X1,1,123,1939.3792,
WT+X1,1,124,1851.875,
WT+X1,1,125,509.6223,
WT+X1,1,126,748.3766,
WT+X1,1,127,575.0966,
WT+X1,1,128,242.4474,
WT+X1,1,129,759.1269,
WT+X1,1,130,1782.1049,
WT+X1,1,131,1264.8676,
WT+X1,1,132,3465.1758,
WT+X1,1,133,1469.3302,
WT+X1,1,134,1078.5316,
WT+X1,1,135,3878.5701,
WT+X1,1,136,1965.8981,
WT+X1,1,137,562.7655,
WT+X1,1,138,574.8215,
WT+X1,1,139,642.0985,
WT+X1,1,140,646.9026,
WT+X1,1,141,883.9155,
WT+X1,1,142,426.2067,
WT+X1,1,143,1195.2,
WT+X1,1,144,1854.9425,
WT+X1,1,145,611.8212,
WT+X1,1,146,2691.5703,
WT+X1,1,147,625.0661,
WT+X1,1,148,1046.3639,
WT+X1,1,149,2381.8391,
WT+X1,1,150,555.4806,
WT+X1,1,151,465.8098,
WT+X1,1,152,456.3206,
WT+X1,1,153,806.4937,
WT+X1,1,154,741.5828,
WT+X1,1,155,2072.2371,
WT+X1,1,156,571.7288,
WT+X1,1,157,625.6439,
WT+X1,1,158,279.1866,
WT+X1,1,159,1246.7087,
WT+X1,1,160,2477.1216,
WT+X1,1,161,3362.7258,
WT+X1,1,162,391.5993,
WT+X1,1,163,1066.2927,
WT+X1,1,164,484.288,
WT+X1,1,165,532.2319,
WT+X1,1,166,2007.4337,
WT+X1,1,167,1489.9441,
WT+X1,1,168,407.075,
WT+X1,1,169,140.188,
WT+X1,1,170,511.9409,
WT+X1,1,171,3056.6965,
WT+X1,1,172,589.1464,
WT+X1,1,173,3060.3557,
WT+X1,1,174,3102.269,
WT+X1,1,175,446.0357,
WT+X1,1,176,222.0459,
WT+X1,1,177,767.5767,
WT+X1,1,178,723.0441,
WT+X1,1,179,753.9785,
WT+X1,1,180,3547.7644,
WT+X1,1,181,704.7759,
WT+X1,1,182,2323.1196,
WT+X1,1,183,307.0339,
WT+X1,1,184,634.3885,
WT+X1,1,185,1920.5608,
WT+X1,1,186,2588.3872,
WT+X1,1,187,2011.1013,
WT+X1,1,188,3336.9548,
WT+X1,1,189,766.2318,
WT+X1,1,190,520.3475,
WT+X1,1,191,404.5355,
WT+X1,1,192,854.9922,
WT+X1,1,193,729.3704,
WT+X1,1,194,1752.2959,
WT+X1,1,195,1371.3184,
WT+X1,1,196,716.6327,
WT+X1,1,197,483.8495,
WT+X1,1,198,469.1205,
WT+X1,1,199,494.1076,
WT+X1,1,200,2238.2927,
WT+X1,1,201,3168.7637,
WT+X1,1,202,911.2296,
WT+X1,1,203,844.0762,
WT+X1,1,204,524.3392,
WT+X1,1,205,2494.5847,
WT+X1,1,206,299.8465,
WT+X1,1,207,1340.7859,
WT+X1,1,208,654.225,
WT+X1,1,209,484.2907,
WT+X1,1,210,288.0419,
WT+X1,1,211,292.8267,
WT+X1,1,212,964.482,
WT+X1,1,213,1381.3009,
WT+X1,1,214,710.502,
WT+X1,1,215,710.9302,
WT+X1,1,216,2164.9297,
WT+X1,1,217,2167.1895,
WT+X1,1,218,455.2566,
WT+X1,1,219,828.4489,
WT+X1,1,220,743.9282,
WT+X1,1,221,937.8706,
WT+X1,1,222,1198.3938,
WT+X1,1,223,760.6907,
WT+X1,1,224,676.1541,
WT+X1,1,225,2027.7103,
WT+X1,1,226,766.2103,
WT+X1,1,227,2774.0691,
WT+X1,1,228,2723.3245,
WT+X1,1,229,436.262,
WT+X1,1,230,512.4215,
WT+X1,1,231,4328.3232,
WT+X1,1,232,173.269,
WT+X1,1,233,404.8061,
WT+X1,1,234,1248.3253,
WT+X1,1,235,939.0674,
WT+X1,1,236,300.0766,
WT+X1,1,237,669.4926,
WT+X1,1,238,1722.714,
WT+X1,1,239,450.3004,
WT+X1,1,240,661.0585,
WT+X1,1,241,1630.0122,
WT+X1,1,242,3169.2461,
WT+X1,1,243,1806.7659,
WT+X1,1,244,755.4292,
WT+X1,1,245,529.6287,
WT+X1,1,246,1036.6415,
WT+X1,1,247,916.3032,
WT+X1,1,248,811.2794,
WT+X1,1,249,1257.9816,
WT+X1,1,250,735.7567,
WT+X1,1,251,472.6667,
WT+X1,1,252,1883.0808,
WT+X1,1,253,1796.7428,
WT+X1,1,254,2772.7297,
WT+X1,1,255,669.0408,
WT+X1,1,256,1686.8427,
WT+X1,1,257,1049.9829,
WT+X1,1,258,555.7578,
WT+X1,1,259,2498.3657,
WT+X1,1,260,2632.7126,
WT+X1,1,261,990.3302,
WT+X1,1,262,2447.1306,
WT+X1,1,263,748.72,
WT+X1,1,264,2941.1472,
WT+X1,1,265,748.6793,
WT+X1,1,266,264.8611,
WT+X1,1,267,1130.8427,
WT+X1,1,268,674.9554,
WT+X1,1,269,356.5275,
WT+X1,1,270,566.1014,
WT+X1,1,271,308.0093,
WT+X1,1,272,839.3654,
WT+X1,1,273,4113.6621,
WT+X1,1,274,668.6725,
WT+X1,1,275,5173.9214,
WT+X1,1,276,1330.7007,
WT+X1,1,277,2692.0522,
WT+X1,1,278,2371.1953,
WT+X1,1,279,1005.3118,
WT+X1,1,280,2363.0867,
WT+X1,1,281,997.187,
WT+X1,1,282,4394.7896,
WT+X1,1,283,708.3333,
WT+X1,1,284,840.5392,
WT+X1,1,285,3006.2878,
WT+X1,1,286,1985.8257,
WT+X1,1,287,4781.2075,
WT+X1,1,288,720.3282,
WT+X1,1,289,1598.02,
WT+X1,1,290,1611.5461,
WT+X1,1,291,1057.1686,
WT+X1,1,292,2656.2554,
WT+X1,1,293,2834.729,
WT+X1,1,294,2014.0518,
WT+X1,1,295,955.1051,
WT+X1,1,296,970.2932,
WT+X1,1,297,371.8926,
WT+X1,1,298,2348.1963,
WT+X1,1,299,1205.5037,
WT+X1,1,300,642.8453,
WT+X1,1,301,3923.3467,
WT+X1,1,302,2988.0227,
WT+X1,1,303,1384.338,
WT+X1,1,304,316.6337,
WT+X1,1,305,1596.0721,
WT+X1,1,306,3425.5269,
WT+X1,1,307,3618.1614,
WT+X1,1,308,1216.6873,
WT+X1,1,309,2951.9744,
WT+X1,1,310,845.8542,
WT+X1,1,311,1112.7991,
WT+X1,1,312,3311.2854,
WT+X1,1,313,1364.4664,
WT+X1,1,314,8079.229,
WT+X1,1,315,2577.7146,
WT+X1,1,316,1256.7605,
WT+X1,1,317,2188.7593,
WT+X1,1,318,560.8401,
WT+X1,1,319,4297.8774,
WT+X1,1,320,1159.036,
WT+X1,1,321,434.968,
WT+X1,1,322,561.8625,
WT+X1,1,323,750.4206,
WT+X1,1,324,1783.2899,
WT+X1,1,325,1074.5193,
WT+X1,1,326,413.5615,
WT+X1,1,327,2626.427,
WT+X1,1,328,2434.2004,
WT+X1,1,329,1519.5051,
WT+X1,1,330,4807.2905,
WT+X1,1,331,681.7139,
WT+X1,1,332,1682.312,
WT+X1,1,333,1334.3528,
WT+X1,1,334,758.489,
WT+X1,1,335,10968.9824,
WT+X1,1,336,2452.7192,
WT+X1,1,337,831.3487,
WT+X1,1,338,2550.8721,
WT+X1,1,339,579.1837,
WT+X1,1,340,689.4313,
WT+X1,1,341,1006.1187,
WT+X1,1,342,1483.8346,
WT+X1,1,343,547.0691,
WT+X1,1,344,981.3848,
WT+X1,1,345,1653.265,
WT+X1,1,346,1897.5596,
WT+X1,1,347,2015.5269,
WT+X1,1,348,1798.9501,
WT+X1,1,349,1533.4875,
WT+X1,1,350,1346.9791,
WT+X1,1,351,1596.6389,
WT+X1,1,352,545.3425,
WT+X1,1,353,847.2742,
WT+X1,1,354,781.373,
WT+X1,1,355,1734.3551,
WT+X1,1,356,914.9349,
WT+X1,1,357,534.2481,
WT+X1,1,358,2202.7913,
WT+X1,1,359,2216.4373,
WT+X1,1,360,1151.8037,
WT+X1,1,361,301.9772,
WT+X1,1,362,471.5412,
WT+X1,1,363,779.2724,
WT+X1,1,364,1020.1926,
WT+X1,1,365,3736.3188,
WT+X1,1,366,644.1581,
WT+X1,1,367,999.6364,
WT+X1,1,368,4145.9263,
WT+X1,1,369,2699.3701,
WT+X1,1,370,437.8092,
WT+X1,1,371,642.2779,
WT+X1,1,372,651.2449,
WT+X1,1,373,1147.8401,
WT+X1,1,374,2646.8079,
WT+X1,1,375,1261.6754,
WT+X1,1,376,670.6173,
WT+X1,1,377,8169.7749,
WT+X1,1,378,3370.3044,
WT+X1,1,379,587.1735,
WT+X1,1,380,851.2582,
WT+X1,1,381,576.6326,
WT+X1,1,382,3968.646,
WT+X1,1,383,1553.3834,
WT+X1,1,384,681.0274,
WT+X1,1,385,2631.2161,
WT+X1,1,386,417.2815,
WT+X1,1,387,793.68,
WT+X1,1,388,2918.1243,
WT+X1,1,389,445.6009,
WT+X1,1,390,1015.0433,
WT+X1,1,391,6200.3623,
WT+X1,1,392,1022.2037,
WT+X1,1,393,8201.416,
WT+X1,1,394,2746.5168,
WT+X1,1,395,1404.7435,
WT+X1,1,396,11192.3799,
WT+X1,1,397,1044.4465,
WT+X1,1,398,2916.6118,
WT+X1,1,399,344.5516,
WT+X1,1,400,1642.7831,
WT+X1,1,401,2115.8635,
WT+X1,1,402,982.0369,
WT+X1,1,403,5104.5269,
WT+X1,1,404,525.5843,
WT+X1,1,405,811.9712,
WT+X1,1,406,669.1013,
WT+X1,1,407,3621.5884,
WT+X1,1,408,918.9958,
WT+X1,1,409,2262.8606,
WT+X1,1,410,757.6616,
WT+X1,1,411,3993.3562,
WT+X1,1,412,2405.1589,
WT+X1,1,413,974.6953,
WT+X1,1,414,531.2147,
WT+X1,1,415,943.9331,
WT+X1,1,416,672.1241,
WT+X1,1,417,3159.0334,
WT+X1,1,418,643.4341,
WT+X1,1,419,839.5745,
WT+X1,1,420,5840.5659,
WT+X1,1,421,811.1718,
WT+X1,1,422,1373.8112,
WT+X1,1,423,782.2774,
WT+X1,1,424,4207.0742,
WT+X1,1,425,5900.9639,
WT+X1,1,426,1165.8306,
WT+X1,1,427,545.5,
WT+X1,1,428,2998.5767,
WT+X1,1,429,514.8812,
WT+X1,1,430,636.9739,
WT+X1,1,431,3300.4224,
WT+X1,1,432,402.8893,
WT+X1,1,433,556.7986,
WT+X1,1,434,1127.7677,
WT+X1,1,435,7250.375,
WT+X1,1,436,1133.9231,
WT+X1,1,437,2459.9951,
WT+X1,1,438,2618.2754,
WT+X1,1,439,1971.3657,
WT+X1,1,440,876.1003,
WT+X1,1,441,738.0505,
WT+X1,1,442,6944.0991,
WT+X1,1,443,979.6581,
WT+X1,1,444,1379.3442,
WT+X1,1,445,5128.4741,
WT+X1,1,446,1383.071,
WT+X1,1,447,4328.6929,
WT+X1,1,448,484.52,
WT+X1,1,449,452.3561,
WT+X1,1,450,3576.4224,
WT+X1,1,451,1120.8247,
WT+X1,1,452,1486.0247,
WT+X1,1,453,1814.4409,
WT+X1,1,454,6939.0879,
WT+X1,1,455,886.8242,
WT+X1,1,456,6992.6685,
WT+X1,1,457,1234.1969,
WT+X1,1,458,1014.0258,
WT+X1,1,459,462.8643,
WT+X1,1,460,822.2053,
WT+X1,1,461,592.3853,
WT+X1,1,462,2199.3354,
WT+X1,1,463,3441.2124,
WT+X1,1,464,4107.5049,
WT+X1,1,465,7426.5723,
WT+X1,1,466,3197.8579,
WT+X1,1,467,1510.3518,
WT+X1,1,468,4652.5303,
WT+X1,1,469,1109.6366,
WT+X1,1,470,605.8109,
WT+X1,1,471,509.1586,
WT+X1,1,472,472.5445,
WT+X1,1,473,1000.2381,
WT+X1,1,474,1961.3687,
WT+X1,1,475,4988.5049,
WT+X1,1,476,6316.2261,
WT+X1,1,477,1066.2272,
WT+X1,1,478,5992.9678,
WT+X1,1,479,425.4076,
WT+X1,1,480,1260.7526,
WT+X1,1,481,3717.3628,
WT+X1,1,482,343.3046,
WT+X1,1,483,3809.958,
WT+X1,1,484,491.9646,
WT+X1,1,485,2699.0945,
WT+X1,1,486,2317.5493,
WT+X1,1,487,629.5927,
WT+X1,1,488,9557.3359,
WT+X1,1,489,715.1216,
WT+X1,1,490,3364.0925,
WT+X1,1,491,6878.8081,
WT+X1,1,492,3681.2383,
WT+X1,1,493,2646.3879,
WT+X1,1,494,1374.027,
WT+X1,1,495,4734.4058,
WT+X1,1,496,482.9928,
WT+X1,1,497,2191.948,
WT+X1,1,498,1149.1254,
WT+X1,1,499,1410.952,
WT+X1,1,500,3616.7854,
WT+X1,1,501,463.5992,
WT+X1,1,502,1855.3729,
WT+X1,1,503,666.244,
WT+X1,1,504,562.4866,
WT+X1,1,505,3256.6418,
WT+X1,1,506,2781.5044,
WT+X1,1,507,1953.295,
WT+X1,1,508,1593.4773,
WT+X1,1,509,2067.1157,
WT+X1,1,510,1663.2871,
WT+X1,1,511,9884.2178,
WT+X1,1,512,638.0695,
WT+X1,1,513,10188.8984,
WT+X1,1,514,1464.1775,
WT+X1,1,515,4553.2319,
WT+X1,1,516,2455.2839,
WT+X1,1,517,8852.6299,
WT+X1,1,518,9447.7471,
WT+X1,1,519,1747.9547,
WT+X1,1,520,1424.2507,
WT+X1,1,521,1992.4921,
WT+X1,1,522,2339.7046,
WT+X1,1,523,7027.1299,
WT+X1,1,524,3529.168,
WT+X1,1,525,1066.0723,
WT+X1,1,526,4316.6938,
WT+X1,1,527,762.4825,
WT+X1,1,528,1080.9286,
WT+X1,1,529,2010.2445,
WT+X1,1,530,5549.4551,
WT+X1,1,531,285.6751,
WT+X1,1,532,2121.9585,
WT+X1,1,533,646.9255,
WT+X1,1,534,498.2412,
WT+X1,1,535,550.1851,
WT+X1,1,536,1691.8904,
WT+X1,1,537,1750.1476,
WT+X1,1,538,557.1385,
WT+X1,1,539,5018.9482,
WT+X1,1,540,2068.1621,
WT+X1,1,541,8506.0391,
WT+X1,1,542,4106.3613,
WT+X1,1,543,6195.3721,
WT+X1,1,544,565.0793,
WT+X1,1,545,680.9656,
WT+X1,1,546,6747.6841,
WT+X1,1,547,4027.9172,
WT+X1,1,548,1132.2587,
WT+X1,1,549,490.427,
WT+X1,1,550,6958.1069,
WT+X1,1,551,3355.1101,
WT+X1,1,552,4363.7119,
WT+X1,1,553,376.5343,
WT+X1,1,554,914.4773,
WT+X1,1,555,8310.4297,
WT+X1,1,556,1823.2858,
WT+X1,1,557,1087.2148,
WT+X1,1,558,1240.9976,
WT+X1,1,559,654.9352,
WT+X1,1,560,997.0048,
WT+X1,1,561,659.0101,
WT+X1,1,562,1731.2413,
WT+X1,1,563,842.4835,
WT+X1,1,564,1936.8651,
WT+X1,1,565,3251.4893,
WT+X1,1,566,742.2382,
WT+X1,1,567,4953.2769,
WT+X1,1,568,2940.5332,
WT+X1,1,569,406.1064,
WT+X1,1,570,1230.083,
WT+X1,1,571,1345.2,
WT+X1,1,572,949.758,
WT+X1,1,573,2147.5686,
WT+X1,1,574,194.3183,
WT+X1,1,575,755.1536,
WT+X1,1,576,3046.5454,
WT+X1,1,577,795.3007,
WT+X1,1,578,409.0521,
WT+X1,1,579,694.5609,
WT+X1,1,580,6352.6553,
WT+X1,1,581,773.075,
WT+X1,1,582,6170.8174,
WT+X1,1,583,776.7626,
WT+X1,1,584,874.8237,
WT+X1,1,585,1553.8444,
WT+X1,1,586,3145.3767,
WT+X1,1,587,1053.381,
WT+X1,1,588,4418.0864,
WT+X1,1,589,2100.6584,
WT+X1,1,590,3124.5806,
WT+X1,1,591,1570.1968,
WT+X1,1,592,233.307,
WT+X1,1,593,1579.0397,
WT+X1,1,594,712.4899,
WT+X1,1,595,702.7745,
WT+X1,1,596,4326.9702,
WT+X1,1,597,408.0961,
WT+X1,1,598,514.0306,
WT+X1,1,599,2145.0081,
WT+X1,1,600,1356.0837,
WT+X1,1,601,2560.1301,
WT+X1,1,602,483.4336,
WT+X1,1,603,8228.4307,
WT+X1,1,604,855.4905,
WT+X1,1,605,1293.1925,
WT+X1,1,606,1301.1273,
WT+X1,1,607,1600.049,
WT+X1,1,608,485.2133,
WT+X1,1,609,371.2491,
WT+X1,1,610,6143.1494,
WT+X1,1,611,2897.6592,
WT+X1,1,612,1096.5802,
WT+X1,1,613,3112.5281,
WT+X1,1,614,346,
WT+X1,1,615,321.9155,
WT+X1,1,616,539.8487,
WT+X1,1,617,1699.0995,
WT+X1,1,618,630.8854,
WT+X1,1,619,1656.4821,
WT+X1,1,620,1695.9557,
WT+X1,1,621,2200.699,
WT+X1,1,622,729.0739,
WT+X1,1,623,1519.0785,
WT+X1,1,624,1379.5697,
WT+X1,1,625,7291.3794,
WT+X1,1,626,2415.2336,
WT+X1,1,627,10488.3994,
WT+X1,1,628,4817.4551,
WT+X1,1,629,1234.715,
WT+X1,1,630,4720.1768,
WT+X1,1,631,4191.8794,
WT+X1,1,632,847.7867,
WT+X1,1,633,2512.8059,
WT+X1,1,634,10343.7832,
WT+X1,1,635,2249.8528,
WT+X1,1,636,496.0901,
WT+X1,1,637,6288.9556,
WT+X1,1,638,2195.5068,
WT+X1,1,639,5190.7871,
WT+X1,1,640,6817.4609,
WT+X1,1,641,1977.7816,
WT+X1,1,642,5359.2983,
WT+X1,1,643,746.7395,
WT+X1,1,644,301.8871,
WT+X1,1,645,5433.8384,
WT+X1,1,646,2881.012,
WT+X1,1,647,383.7376,
WT+X1,1,648,3517.6628,
WT+X1,1,649,3005.8157,
WT+X1,1,650,4318.4414,
WT+X1,1,651,236.6958,
WT+X1,1,652,2051.7622,
WT+X1,1,653,12686.2178,
WT+X1,1,654,2013.1708,
WT+X1,1,655,2606.9507,
WT+X1,1,656,700.5644,
WT+X1,1,657,6490.7812,
WT+X1,1,658,1669.6509,
WT+X1,1,659,861.6253,
WT+X1,1,660,562.6392,
WT+X1,1,661,1184.9624,
WT+X1,1,662,2546.3999,
WT+X1,1,663,532.3256,
WT+X1,1,664,2175.25,
WT+X1,1,665,433.0077,
WT+X1,1,666,5949.7441,
WT+X1,1,667,1117.7903,
WT+X1,1,668,2412.5732,
WT+X1,1,669,10248.5361,
WT+X1,1,670,7313.9692,
WT+X1,1,671,4014.8276,
WT+X1,1,672,1226.8962,
WT+X1,1,673,469.7613,
WT+X1,1,674,656.494,
WT+X1,1,675,5830.1226,
WT+X1,1,676,8869.0449,
WT+X1,1,677,2681.8589,
WT+X1,1,678,552.5109,
WT+X1,1,679,450.4734,
WT+X1,1,680,9524.0449,
WT+X1,1,681,701.375,
WT+X1,1,682,563.2393,
WT+X1,1,683,1350.4513,
WT+X1,1,684,1625.7509,
WT+X1,1,685,7382.9971,
WT+X1,1,686,1568.6584,
WT+X1,1,687,666.7355,
WT+X1,1,688,5508.3755,
WT+X1,1,689,2200.4138,
WT+X1,1,690,919.1851,
WT+X1,1,691,408.9948,
WT+X1,1,692,2197.7249,
WT+X1,1,693,7622.8784,
WT+X1,1,694,482.7695,
WT+X1,1,695,3075.5369,
WT+X1,1,696,424.6532,
WT+X1,1,697,482.1583,
WT+X1,1,698,4169.0522,
WT+X1,1,699,1669.933,
WT+X1,1,700,743.6409,
WT+X1,1,701,3931.7625,
WT+X1,1,702,470.9008,
WT+X1,1,703,449.9655,
WT+X1,1,704,1444.7826,
WT+X1,1,705,7613.1006,
WT+X1,1,706,368.4745,
WT+X1,1,707,2331.3542,
WT+X1,1,708,333.7029,
WT+X1,1,709,8902.5342,
WT+X1,1,710,8471.8818,
WT+X1,1,711,431.6943,
WT+X1,1,712,1518.1288,
WT+X1,1,713,4214.1279,
WT+X1,1,714,4597.5391,
WT+X1,1,715,1113.7354,
WT+X1,1,716,11369.8848,
WT+X1,1,717,6218.4028,
WT+X1,1,718,5087.396,
WT+X1,1,719,354.2374,
WT+X1,1,720,830.1575,
WT+X1,1,721,472.9208,
WT+X1,1,722,517.4711,
WT+X1,1,723,6431.7861,
WT+X1,1,724,9092.5889,
WT+X1,1,725,1330.2693,
WT+X1,1,726,4830.6895,
WT+X1,1,727,783.282,
WT+X1,1,728,1561.0909,
WT+X1,1,729,664.081,
WT+X1,1,730,4642.8213,
WT+X1,1,731,2379.7249,
WT+X1,1,732,1121.3264,
WT+X1,1,733,1742.8447,
WT+X1,1,734,7123.9253,
WT+X1,1,735,7987.8164,
WT+X1,1,736,998.532,
WT+X1,1,737,3433.8467,
WT+X1,1,738,3328.4871,
WT+X1,1,739,2664.2036,
WT+X1,1,740,5088.9326,
WT+X1,1,741,430.2283,
WT+X1,1,742,445.553,
WT+X1,1,743,1469.314,
WT+X1,1,744,529.6721,
WT+X1,1,745,1524.1666,
WT+X1,1,746,392.4933,
WT+X1,1,747,607.0284,
WT+X1,1,748,487.9864,
WT+X1,1,749,1534.6727,
WT+X1,1,750,3660.6985,
WT+X1,1,751,1560.7653,
WT+X1,1,752,806.8932,
WT+X1,1,753,2055.4873,
WT+X1,1,754,379.0697,
WT+X1,1,755,4204.7153,
WT+X1,1,756,1598.5381,
WT+X1,1,757,583.3097,
WT+X1,1,758,2144.9934,
WT+X1,1,759,256.5921,
WT+X1,1,760,2409.4836,
WT+X1,1,761,2732.1902,
WT+X1,1,762,6903.0151,
WT+X1,1,763,3084.7769,
WT+X1,1,764,2434.9019,
WT+X1,1,765,12149.9443,
WT+X1,1,766,432.9407,
WT+X1,1,767,518.0425,
WT+X1,1,768,10079.2129,
WT+X1,1,769,567.1241,
WT+X1,1,770,851.7312,
WT+X1,1,771,9319.8926,
WT+X1,1,772,433.2037,
WT+X1,1,773,417.1629,
WT+X1,1,774,714.1733,
WT+X1,1,775,2485.7915,
WT+X1,1,776,357.1076,
WT+X1,1,777,467.7136,
WT+X1,1,778,291.5429,
WT+X1,1,779,7966.8647,
WT+X1,1,780,584.2096,
WT+X1,1,781,2093.5225,
WT+X1,1,782,3207.2117,
WT+X1,1,783,448.8173,
WT+X1,1,784,1377.8158,
WT+X1,1,785,376.598,
WT+X1,1,786,376.0551,
WT+X1,1,787,1855.6461,
WT+X1,1,788,643.3409,
WT+X1,1,789,514.0107,
WT+X1,1,790,1017.6288,
WT+X1,1,791,427.7874,
WT+X1,1,792,433.128,
WT+X1,1,793,348.875,
WT+X1,1,794,1489.4984,
WT+X1,1,795,2103.094,
WT+X1,1,796,2964.0256,
WT+X1,1,797,2763.79,
WT+X1,1,798,367.5457,
WT+X1,1,799,458.2541,
WT+X1,1,800,1561.6742,
WT+X1,1,801,1472.2784,
WT+X1,1,802,322.5845,
WT+X1,1,803,423.1935,
WT+X1,1,804,668.9435,
WT+X1,1,805,362.2801,
WT+X1,1,806,2430.7842,
WT+X1,1,807,5486.0781,
WT+X1,1,808,793.607,
WT+X1,1,809,2307.6689,
WT+X1,1,810,434.7734,
WT+X1,1,811,346.1412,
WT+X1,1,812,10577.1172,
WT+X1,1,813,385.3153,
WT+X1,1,814,429.8952,
WT+X1,1,815,324.1541,
WT+X1,1,816,487.2977,
WT+X1,1,817,399.7506,
WT+X1,1,818,1034.3285,
WT+X1,1,819,361.396,
WT+X1,1,820,6433.894,
WT+X1,1,821,771.1057,
WT+X1,1,822,360.6471,
WT+X1,1,823,2146.127,
WT+X1,1,824,1984.1482,
WT+X1,1,825,453.0086,
WT+X1,1,826,1785.7352,
WT+X1,1,827,1187.9283,
WT+X1,1,828,687.8188,
WT+X1,1,829,325.7545,
WT+X1,1,830,506.5662,
WT+X1,1,831,1052.3096,
WT+X1,1,832,309.8169,
WT+X1,1,833,347.4243,
WT+X1,1,834,581.593,
WT+X1,1,835,1362.6289,
WT+X1,1,836,917.3333,
WT+X1,1,837,541.7734,
WT+X1,1,838,305.0101,
WT+X1,1,839,1279.6338,
WT+X1,1,840,1217.0212,
WT+X1,1,841,353.1591,
WT+X1,1,842,9104.6797,
WT+X1,1,843,519.2164,
WT+X1,1,844,503.4273,
WT+X1,1,845,1805.9847,
WT+X1,1,846,2145.6792,
WT+X1,1,847,421.6549,
WT+X1,1,848,8937.1631,
WT+X1,1,849,1202.3767,
WT+X1,1,850,2001.3948,
WT+X1,1,851,2135.2876,
WT+X1,1,852,395.7366,
WT+X1,1,853,6769.6914,
WT+X1,1,854,559.4731,
WT+X1,1,855,289.0698,
WT+X1,1,856,575.1812,
WT+X1,1,857,680.0772,
WT+X1,1,858,266.6171,
WT+X1,1,859,461.8897,
WT+X1,1,860,524.1754,
WT+X1,1,861,614.8962,
WT+X1,1,862,876.407,
WT+X1,1,863,761.5547,
WT+X1,1,864,829.1739,
WT+X1,1,865,2510.1758,
WT+X1,1,866,661.2252,
WT+X1,1,867,1267.8309,
WT+X1,1,868,1537.9164,
WT+X1,1,869,373.7509,
WT+X1,1,870,804.8364,
WT+X1,1,871,413.9753,
WT+X1,1,872,380.625,
WT+X1,1,873,1619.365,
WT+X1,1,874,723.6776,
WT+X1,1,875,907.8939,
WT+X1,1,876,642.8429,
WT+X1,1,877,351.8203,
WT+X1,1,878,642.2658,
WT+X1,1,879,729.5738,
WT+X1,1,880,2568.9529,
WT+X1,1,881,2261.7043,
WT+X1,1,882,569.2573,
WT+X1,1,883,1061.9559,
WT+X1,1,884,8363.8584,
WT+X1,1,885,741.258,
WT+X1,1,886,1853.4637,
WT+X1,1,887,2006.4941,
WT+X1,1,888,282.816,
WT+X1,1,889,697.2184,
WT+X1,1,890,1703.2378,
WT+X1,1,891,213.5273,
WT+X1,1,892,1737.7367,
WT+X1,1,893,426.1198,
WT+X1,1,894,968.5782,
WT+X1,1,895,6556.3643,
WT+X1,1,896,2214.7917,
WT+X1,1,897,936.9031,
WT+X1,1,898,5872.4839,
WT+X1,1,899,1805.9454,
WT+X1,1,900,1132.0747,
WT+X1,1,901,697.9036,
WT+X1,1,902,843.7881,
WT+X1,1,903,431.1952,
WT+X1,1,904,4646.7632,
WT+X1,1,905,1768.4769,
WT+X1,1,906,4840.9448,
WT+X1,1,907,5316.0791,
WT+X1,1,908,3467.7461,
WT+X1,1,909,590.6724,
WT+X1,1,910,685.049,
WT+X1,1,911,335.4163,
WT+X1,1,912,377.3541,
WT+X1,1,913,1182.2063,
WT+X1,1,914,365.6606,
WT+X1,1,915,660.0167,
WT+X1,1,916,723.7059,
WT+X1,1,917,581.304,
WT+X1,1,918,667.7622,
WT+X1,1,919,836.8246,
WT+X1,1,920,435.959,
WT+X1,1,921,2002.8298,
WT+X1,1,922,2312.7515,
WT+X1,1,923,438.7485,
WT+X1,1,924,716.2061,
WT+X1,1,925,888.3209,
WT+X1,1,926,2617.0847,
WT+X1,1,927,1139.89,
WT+X1,1,928,4165.5166,
WT+X1,1,929,347.4808,
WT+X1,1,930,6630.3584,
WT+X1,1,931,347.7245,
WT+X1,1,932,839.6986,
WT+X1,1,933,344.4432,
WT+X1,1,934,535.5808,
WT+X1,1,935,398.0959,
WT+X1,1,936,3718.4146,
WT+X1,1,937,1640.0983,
WT+X1,1,938,1221.4556,
WT+X1,1,939,1053.2412,
WT+X1,1,940,1684.1832,
WT+X1,1,941,2539.4897,
WT+X1,1,942,925.6888,
WT+X1,1,943,581.967,
WT+X1,1,944,1912.7217,
WT+X1,1,945,410.6667,
WT+X1,1,946,770.9838,
WT+X1,1,947,522.9534,
WT+X1,1,948,2912.4832,
WT+X1,1,949,992.7138,
WT+X1,1,950,378.9379,
WT+X1,1,951,568.4343,
WT+X1,1,952,706.92,
WT+X1,1,953,388.4028,
WT+X1,1,954,2829.9553,
WT+X1,1,955,1540.5415,
WT+X1,1,956,4000.1892,
WT+X1,1,957,335.1022,
WT+X1,1,958,599.3159,
WT+X1,1,959,6041.0327,
WT+X1,1,960,1185.4534,
WT+X1,1,961,422.165,
WT+X1,1,962,678.23,
WT+X1,1,963,527.572,
WT+X1,1,964,298.8609,
WT+X1,1,965,3740.6709,
WT+X1,1,966,8642.0127,
WT+X1,1,967,564.2857,
WT+X1,1,968,1062.4386,
WT+X1,1,969,2451.6292,
WT+X1,1,970,551.5714,
WT+X1,1,971,1117.2189,
WT+X1,1,972,3282.9143,
WT+X1,1,973,1151.439,
WT+X1,1,974,765.6454,
WT+X1,1,975,793.262,
WT+X1,1,976,2877.9602,
WT+X1,1,977,1014.8315,
WT+X1,1,978,591.3787,
WT+X1,1,979,3745.946,
WT+X1,1,980,723.3333,
WT+X1,1,981,803.5302,
WT+X1,1,982,780.0156,
WT+X1,1,983,846.9517,
WT+X1,1,984,337.311,
WT+X1,1,985,442.6555,
WT+X1,1,986,3376.0098,
WT+X1,1,987,692.9582,
WT+X1,1,988,1684.0845,
WT+X1,1,989,1505.9178,
WT+X1,1,990,1270.7018,
WT+X1,1,991,460.9445,
WT+X1,1,992,733.6022,
WT+X1,1,993,447.5149,
WT+X1,1,994,256.1883,
WT+X1,1,995,327.2191,
WT+X1,1,996,303.531,
WT+X1,1,997,323.902,
WT+X1,1,998,351.3349,
WT+X1,1,999,774.6291,
WT+X1,1,1000,5312.2725,
WT+X1,1,1001,652.6667,
WT+X1,1,1002,505.8918,
WT+X1,1,1003,1965.6935,
WT+X1,1,1004,3726.1855,
WT+X1,1,1005,8118.0215,
WT+X1,1,1006,2900.1504,
WT+X1,1,1007,544.3801,
WT+X1,1,1008,719.559,
WT+X1,1,1009,1161.8794,
WT+X1,1,1010,2622.0706,
WT+X1,1,1011,378.8477,
WT+X1,1,1012,1027.6202,
WT+X1,1,1013,477.6424,
WT+X1,1,1014,511.0805,
WT+X1,1,1015,1704.99,
WT+X1,1,1016,435.0086,
WT+X1,1,1017,213.2431,
WT+X1,1,1018,301.7567,
WT+X1,1,1019,212.8257,
WT+X1,1,1020,6181.2803,
WT+X1,1,1021,2706.0186,
WT+X1,1,1022,377.0874,
WT+X1,1,1023,1017.0213,
WT+X1,1,1024,8416.0078,
WT+X1,1,1025,2086.0325,
WT+X1,1,1026,2521.7954,
WT+X1,1,1027,557.7733,
WT+X1,1,1028,478.3113,
WT+X1,1,1029,2140.8198,
WT+X1,1,1030,332.2418,
WT+X1,1,1031,191.8668,
WT+X1,1,1032,302.3911,
WT+X1,1,1033,2162.4495,
WT+X1,1,1034,450.1051,
WT+X1,1,1035,693.5743,
WT+X1,1,1036,2773.0374,
WT+X1,1,1037,3326.3838,
WT+X1,1,1038,237.9859,
WT+X1,1,1039,3931.9255,
WT+X1,1,1040,7763.8438,
WT+X1,1,1041,4373.3335,
WT+X1,1,1042,739.3081,
WT+X1,1,1043,429.2792,
WT+X1,1,1044,819.4974,
WT+X1,1,1045,1509.8384,
WT+X1,1,1046,1112,
WT+X1,1,1047,320.6038,
WT+X1,1,1048,311.1504,
WT+X1,1,1049,163.516,
WT+X1,1,1050,524.955,
WT+X1,1,1051,303.3443,
WT+X1,1,1052,265.7517,
WT+X1,1,1053,339.1931,
WT+X1,1,1054,296.4052,
WT+X1,1,1055,200.442,
WT+X1,1,1056,263.2519,
WT+X1,1,1057,7547.0303,
WT+X1,1,1058,1187.3943,
WT+X1,1,1059,869.901,
WT+X1,1,1060,436.4565,
WT+X1,1,1061,436.9627,
WT+X1,1,1062,1748.6162,
WT+X1,1,1063,6785.0146,
WT+X1,1,1064,488.0535,
WT+X1,1,1065,1344.6699,
WT+X1,1,1066,2394.741,
WT+X1,1,1067,2834.9023,
WT+X1,1,1068,376.2801,
WT+X1,1,1069,203.1847,
WT+X1,1,1070,269.6599,
WT+X1,1,1071,353.7835,
WT+X1,1,1072,1228.1823,
WT+X1,1,1073,7272.5347,
WT+X1,1,1074,650.8673,
WT+X1,1,1075,234.5645,
WT+X1,1,1076,3688.3396,
WT+X1,1,1077,5942.8657,
WT+X1,1,1078,549.0267,
WT+X1,1,1079,911.9352,
WT+X1,1,1080,513.1674,
WT+X1,1,1081,1290.7145,
WT+X1,1,1082,1937.8556,
WT+X1,1,1083,323.1964,
WT+X1,1,1084,635.8556,
WT+X1,1,1085,357.624,
WT+X1,1,1086,225.9005,
WT+X1,1,1087,205.6358,
WT+X1,1,1088,1651.5803,
WT+X1,1,1089,2300.2021,
WT+X1,1,1090,200.3891,
WT+X1,1,1091,294.0041,
WT+X1,1,1092,2598.8887,
WT+X1,1,1093,6688.3848,
WT+X1,1,1094,918.1589,
WT+X1,1,1095,3740.1189,
WT+X1,1,1096,1144.5703,
WT+X1,1,1097,175.7474,
WT+X1,1,1098,1019.7703,
WT+X1,1,1099,822.3298,
WT+X1,1,1100,5267.5342,
WT+X1,1,1101,507.6624,
WT+X1,1,1102,375.7564,
WT+X1,1,1103,558.0483,
WT+X1,1,1104,184.6003,
WT+X1,1,1105,469.2611,
WT+X1,1,1106,6302.9385,
WT+X1,1,1107,3414.1667,
WT+X1,1,1108,476.04,
WT+X1,1,1109,739.5789,
WT+X1,1,1110,366.8041,
WT+X1,1,1111,692.2166,
WT+X1,1,1112,271.3887,
WT+X1,1,1113,630.329,
WT+X1,1,1114,507.6384,
WT+X1,1,1115,2398.605,
WT+X1,1,1116,501.444,
WT+X1,1,1117,1390.5994,
WT+X1,1,1118,668.2684,
WT+X1,1,1119,522.1597,
WT+X1,1,1120,493.1707,
WT+X1,1,1121,497.4839,
WT+X1,1,1122,920.5333,
WT+X1,1,1123,6656.2476,
WT+X1,1,1124,266.6945,
WT+X1,1,1125,717.3287,
WT+X1,1,1126,869.1099,
WT+X1,1,1127,230.2439,
WT+X1,1,1128,327.9507,
WT+X1,1,1129,348.4693,
WT+X1,1,1130,530.4535,
WT+X1,1,1131,6428.9023,
WT+X1,1,1132,2238.8999,
WT+X1,1,1133,572.8455,
WT+X1,1,1134,637.5718,
WT+X1,1,1135,647.2225,
WT+X1,1,1136,1383.4294,
WT+X1,1,1137,259.4255,
WT+X1,1,1138,494.4622,
WT+X1,1,1139,420.8008,
WT+X1,1,1140,397.2988,
WT+X1,1,1141,300.2632,
WT+X1,1,1142,867.6626,
WT+X1,1,1143,3678.5996,
WT+X1,1,1144,793.9877,
WT+X1,1,1145,459.8431,
WT+X1,1,1146,382.0755,
WT+X1,1,1147,605.785,
WT+X1,1,1148,460.7665,
WT+X1,1,1149,380.4619,
WT+X1,1,1150,572.976,
WT+X1,1,1151,542.7853,
WT+X1,1,1152,707.3956,
WT+X1,1,1153,336.6237,
WT+X1,1,1154,329.6588,
WT+X1,1,1155,452.2131,
WT+X1,1,1156,499.782,
WT+X1,1,1157,313.4236,
WT+X1,1,1158,3879.7832,
WT+X1,1,1159,459.5364,
WT+X1,1,1160,2584.9077,
WT+X1,1,1161,5985.4048,
WT+X1,1,1162,2002.0044,
WT+X1,1,1163,3324.6555,
WT+X1,1,1164,476.3454,
WT+X1,1,1165,1395.3875,
WT+X1,1,1166,275.6619,
WT+X1,1,1167,2083.321,
WT+X1,1,1168,506.0225,
WT+X1,1,1169,395.3814,
WT+X1,1,1170,657.2477,
WT+X1,1,1171,647.4535,
WT+X1,1,1172,758.5544,
WT+X1,1,1173,433.0482,
WT+X1,1,1174,267.9843,
WT+X1,1,1175,789.1525,
WT+X1,1,1176,991.261,
WT+X1,1,1177,3902.6763,
WT+X1,1,1178,474.3433,
WT+X1,1,1179,3830.5059,
WT+X1,1,1180,288.2955,
WT+X1,1,1181,200.6216,
WT+X1,1,1182,509.8778,
WT+X1,1,1183,420.5391,
WT+X1,1,1184,665.7172,
WT+X1,1,1185,3166.3643,
WT+X1,1,1186,532.6059,
WT+X1,1,1187,223.7231,
WT+X1,1,1188,660.0764,
WT+X1,1,1189,468.0272,
WT+X1,1,1190,397.27,
WT+X1,1,1191,1902.4884,
WT+X1,1,1192,357.0266,
WT+X1,1,1193,459.2665,
WT+X1,1,1194,467.445,
WT+X1,1,1195,404.6389,
WT+X1,1,1196,561.009,
WT+X1,1,1197,1699.6379,
WT+X1,1,1198,726.5341,
WT+X1,1,1199,491.7532,
WT+X1,1,1200,284.7566,
WT+X1,1,1201,290.5129,
WT+X1,1,1202,379.8809,
WT+X1,1,1203,253.9167,
WT+X1,1,1204,586.2339,
WT+X1,1,1205,1584.2172,
WT+X1,1,1206,574.5719,
WT+X1,1,1207,3793.3845,
WT+X1,1,1208,514.6667,
WT+X1,1,1209,583.2085,
WT+X1,1,1210,293.3711,
WT+X1,1,1211,623.9719,
WT+X1,1,1212,287.215,
WT+X1,1,1213,1792.6731,
WT+X1,1,1214,1374.5,
WT+X1,1,1215,3795.2898,
WT+X1,1,1216,338.9767,
WT+X1,1,1217,296.234,
WT+X1,1,1218,255.8189,
WT+X1,1,1219,361.9395,
WT+X1,1,1220,1728.0619,
WT+X1,1,1221,459.1412,
WT+X1,1,1222,389.345,
WT+X1,1,1223,396,
WT+X1,1,1224,355.9762,
WT+X1,1,1225,928.5289,
WT+X1,1,1226,222.677,
WT+X1,1,1227,500.688,
WT+X1,1,1228,374.84,
WT+X1,1,1229,401.684,
WT+X1,1,1230,357.0724,
WT+X1,1,1231,273.3491,
WT+X1,1,1232,225.2657,
WT+X1,1,1233,200.2641,
WT+X1,1,1234,301.5177,
WT+X1,1,1235,320.3295,
WT+X1,1,1236,327.5276,
WT+X1,1,1237,719.141,
WT+X1,1,1238,454.507,
WT+X1,1,1239,1435.5031,
WT+X1,1,1240,764.0107,
WT+X1,1,1241,617.5077,
WT+X1,1,1242,1003.2088,
WT+X1,1,1243,396.4061,
WT+X1,1,1244,275.509,
WT+X1,1,1245,497.9675,
WT+X1,1,1246,577.8619,
WT+X1,1,1247,511.839,
WT+X1,1,1248,277.3872,
WT+X1,1,1249,475.1816,
WT+X1,1,1250,756.5413,
WT+X1,1,1251,501.4899,
WT+X1,1,1252,451.6201,
WT+X1,1,1253,816.2286,
WT+X1,1,1254,578.3256,
WT+X1,1,1255,510.1446,
WT+X1,1,1256,198.8535,
WT+X1,1,1257,162.4054,
WT+X1,1,1258,269.7936,
WT+X1,1,1259,820.8276,
WT+X1,1,1260,451.3109,
WT+X1,1,1261,203.8333,
WT+X1,1,1262,183.8882,
WT+X1,1,1263,942.0148,
WT+X1,1,1264,470.4829,
WT+X1,1,1265,340.5373,
WT+X1,1,1266,304.7604,
WT+X1,1,1267,470.3919,
WT+X1,1,1268,492.3018,
WT+X1,1,1269,501.6882,
WT+X1,1,1270,501.9659,
WT+X1,1,1271,202.5988,
WT+X1,1,1272,192.2209,
WT+X1,1,1273,514.7185,
WT+X1,1,1274,317.4038,
WT+X1,1,1275,317.5923,
WT+X1,1,1276,985.8167,
WT+X1,1,1277,560.7991,
WT+X1,1,1278,387.6114,
WT+X1,1,1279,1721.7823,
WT+X1,1,1280,346.75,
WT+X1,1,1281,461.9525,
WT+X1,1,1282,281.6772,
WT+X1,1,1283,578.8125,
WT+X1,1,1284,381.1784,
WT+X1,1,1285,395.4945,
WT+X1,1,1286,288.9375,
WT+X1,1,1287,588.6235,
WT+X1,1,1288,514.7106,
WT+X1,1,1289,481.8974,
WT+X1,1,1290,358.7343,
WT+X1,1,1291,588.2,
WT+X1,1,1292,940.3643,
WT+X1,1,1293,356.9543,
WT+X1,1,1294,167.1171,
WT+X1,1,1295,327.5374,
WT+X1,1,1296,220.2148,
WT+X1,1,1297,388.7413,
WT+X1,1,1298,337.6148,
WT+X1,1,1299,278.7642,
WT+X1,1,1300,370.2366,
WT+X1,1,1301,315.595,
WT+X1,1,1302,322.0024,
WT+X1,1,1303,433.9433,
WT+X1,1,1304,566.8128,
WT+X1,1,1305,276.9908,
WT+X1,1,1306,307.1807,
WT+X1,1,1307,345.4465,
WT+X1,1,1308,6243.1411,
WT+X1,1,1309,453.1755,
WT+X1,1,1310,334.5628,
WT+X1,1,1311,1028.4648,
WT+X1,1,1312,248.7404,
WT+X1,1,1313,325.1125,
WT+X1,1,1314,361.5659,
WT+X1,1,1315,406.5566,
WT+X1,1,1316,479.3438,
WT+X1,1,1317,560.4147,
WT+X1,1,1318,221.9585,
WT+X1,1,1319,457.3383,
WT+X1,1,1320,447.6787,
WT+X1,1,1321,196.2802,
WT+X1,1,1322,446.2055,
WT+X1,1,1323,396.8901,
WT+X1,1,1324,325.8507,
WT+X1,1,1325,420.2881,
WT+X1,1,1326,393.0852,
WT+X1,1,1327,338.7238,
WT+X1,1,1328,342.9337,
WT+X1,1,1329,121.4193,
WT+X1,1,1330,334.0448,
WT+X1,1,1331,519.3725,
WT+X1,1,1332,286.929,
WT+X1,1,1333,388.768,
WT+X1,1,1334,1019.2941,
WT+X1,1,1335,895.5931,
WT+X1,1,1336,592.2599,
WT+X1,1,1337,340.7068,
WT+X1,1,1338,319.8925,
WT+X1,1,1339,138.3289,
WT+X1,1,1340,337.7897,
WT+X1,1,1341,310.9156,
WT+X1,1,1342,285.7807,
WT+X1,1,1343,277.4384,
WT+X1,1,1344,275.7669,
WT+X1,1,1345,354.6902,
WT+X1,1,1346,340.6117,
WT+X1,1,1347,343.5714,
WT+X1,1,1348,228.9307,
WT+X1,1,1349,331.6086,
WT+X1,1,1350,778.6974,
WT+X1,1,1351,287.4764,
WT+X1,1,1352,506.5358,
WT+X1,1,1353,366.1678,
WT+X1,1,1354,269.4147,
WT+X1,1,1355,305.164,
WT+X1,1,1356,385.0674,
WT+X1,1,1357,332.7074,
WT+X1,1,1358,298.7706,
WT+X1,1,1359,305.6126,
WT+X1,1,1360,335.8757,
WT+X1,1,1361,542.0883,
WT+X1,1,1362,348.0512,
WT+X1,1,1363,312.6745,
WT+X1,1,1364,290.4645,
WT+X1,1,1365,109.521,
WT+X1,1,1366,344.1979,
WT+X1,1,1367,745.8679,
WT+X1,1,1368,501.1329,
WT+X1,1,1369,501.2329,
WT+X1,1,1370,232.2128,
WT+X1,1,1371,302.7493,
WT+X1,1,1372,239.7671,
WT+X1,1,1373,546.191,
WT+X1,1,1374,475.2284,
WT+X1,1,1375,238.2222,
WT+X1,1,1376,850.0729,
WT+X1,1,1377,887.5766,
WT+X1,1,1378,410.9626,
WT+X1,1,1379,1705.9967,
WT+X1,1,1380,446.6702,
WT+X1,1,1381,229.1453,
WT+X1,1,1382,1190.4135,
WT+X1,1,1383,400.9964,
WT+X1,1,1384,113.9326,
WT+X1,1,1385,849.7372,
WT+X1,1,1386,301.125,
WT+X1,1,1387,573.3651,
WT+X1,1,1388,297.9394,
WT+X1,1,1389,305.7582,
WT+X1,1,1390,738.211,
WT+X1,1,1391,421.5378,
WT+X1,1,1392,476.8364,
WT+X1,1,1393,290.2112,
WT+X1,1,1394,273.526,
WT+X1,1,1395,450.6155,
WT+X1,1,1396,226.0609,
WT+X1,1,1397,559.3323,
WT+X1,1,1398,372.2845,
WT+X1,1,1399,352.0681,
WT+X1,1,1400,279.1655,
WT+X1,1,1401,167.7638,
WT+X1,1,1402,140.7552,
WT+X1,1,1403,379.0779,
WT+X1,1,1404,253.3026,
WT+X1,1,1405,213.4605,
WT+X1,1,1406,307.1494,
WT+X1,1,1407,384.0186,
WT+X1,1,1408,330.8108,
WT+X1,1,1409,405.0587,
WT+X1,1,1410,299.1692,
WT+X1,1,1411,583.7225,
WT+X1,1,1412,1712.994,
WT+X1,1,1413,288.1992,
WT+X1,1,1414,112.4758,
WT+X1,1,1415,298.871,
WT+X1,1,1416,191.1784,
WT+X1,1,1417,185.6398,
WT+X1,1,1418,317.0101,
WT+X1,1,1419,270.5735,
WT+X1,1,1420,256.0099,
WT+X1,1,1421,245.4325,
WT+X1,1,1422,292.2294,
WT+X1,1,1423,396.3628,
WT+X1,1,1424,276.2386,
WT+X1,1,1425,195.9498,
WT+X1,1,1426,109.7623,
WT+X1,1,1427,308.2935,
WT+X1,1,1428,860.6927,
WT+X1,1,1429,258.3972,
WT+X1,1,1430,245.0929,
WT+X1,1,1431,121.9059,
WT+X1,1,1432,282.6456,
WT+X1,1,1433,341.3913,
WT+X1,1,1434,2015.239,
WT+X1,1,1435,364.9391,
WT+X1,1,1436,894.2581,
WT+X1,1,1437,238.7452,
WT+X1,1,1438,264.3646,
WT+X1,1,1439,277.1398,
WT+X1,1,1440,373.1878,
WT+X1,1,1441,270.7048,
WT+X1,1,1442,351.6981,
WT+X1,1,1443,1759.9427,
WT+X1,1,1444,363.1105,
WT+X1,1,1445,259.9588,
WT+X1,1,1446,310.5073,
WT+X1,1,1447,334.6375,
WT+X1,1,1448,270.0158,
WT+X1,1,1449,1235.7395,
WT+X1,1,1450,1896.776,
WT+X1,1,1451,1596.3944,
WT+X1,1,1452,253.9804,
WT+X1,1,1453,197.0844,
WT+X1,1,1454,558.7607,
WT+X1,1,1455,310.2542,
WT+X1,1,1456,632.4138,
WT+X1,1,1457,410.4245,
WT+X1,1,1458,296.928,
WT+X1,1,1459,245.4093,
WT+X1,1,1460,416.599,
WT+X1,1,1461,132.166,
WT+X1,1,1462,436.3608,
WT+X1,1,1463,233.9614,
WT+X1,1,1464,581.1021,
WT+X1,1,1465,265.1097,
WT+X1,1,1466,1273.5721,
WT+X1,1,1467,563.0833,
WT+X1,1,1468,154.7953,
WT+X1,1,1469,202.5556,
WT+X1,1,1470,104.4173,
WT+X1,1,1471,379.2431,
WT+X1,1,1472,317.6793,
WT+X1,1,1473,703.9674,
WT+X1,1,1474,99.7956,
WT+X1,1,1475,231.3243,
WT+X1,1,1476,203.743,
WT+X1,1,1477,308.982,
WT+X1,1,1478,1133.5262,
WT+X1,1,1479,256.0099,
WT+X1,1,1480,131.8342,
WT+X1,1,1481,414.3498,
WT+X1,1,1482,272.4485,
WT+X1,1,1483,297.0793,
WT+X1,1,1484,287.4801,
WT+X1,1,1485,512.8917,
WT+X1,1,1486,172.8473,
WT+X1,1,1487,166.8646,
WT+X1,1,1488,432.0712,
WT+X1,1,1489,189.6802,
WT+X1,1,1490,379.5784,
WT+X1,1,1491,494.4173,
WT+X1,1,1492,1263.327,
WT+X1,1,1493,401.7413,
WT+X1,1,1494,321.3716,
WT+X1,1,1495,352.6958,
WT+X1,1,1496,313.0414,
WT+X1,1,1497,774.6653,
WT+X1,1,1498,300.6335,
WT+X1,1,1499,401.0413,
WT+X1,1,1500,312.0959,
WT+X1,1,1501,224.931,
WT+X1,1,1502,310.0784,
WT+X1,1,1503,322.8532,
WT+X1,1,1504,373.7478,
WT+X1,1,1505,308.9554,
WT+X1,1,1506,256.8291,
WT+X1,1,1507,276.7926,
WT+X1,1,1508,323.5191,
WT+X1,1,1509,572.3149,
WT+X1,1,1510,215.4509,
WT+X1,1,1511,284.3684,
WT+X1,1,1512,266.6295,
WT+X1,1,1513,2072.2134,
WT+X1,1,1514,306.5051,
WT+X1,1,1515,363.0539,
WT+X1,1,1516,255.039,
WT+X1,1,1517,256.8659,
WT+X1,1,1518,238.6456,
WT+X1,1,1519,163.5813,
WT+X1,1,1520,143.9789,
WT+X1,1,1521,214.0916,
WT+X1,1,1522,758.1429,
WT+X1,1,1523,301.7485,
WT+X1,1,1524,422.6548,
WT+X1,1,1525,280.484,
WT+X1,1,1526,394.2765,
WT+X1,1,1527,137.3959,
WT+X1,1,1528,115.4319,
WT+X1,1,1529,346.3236,
WT+X1,1,1530,199.8854,
WT+X1,1,1531,155.0227,
WT+X1,1,1532,192.1075,
WT+X1,1,1533,281.1385,
WT+X1,1,1534,262.9795,
WT+X1,1,1535,134.05,
WT+X1,1,1536,1024.9812,
WT+X1,1,1537,342.4111,
WT+X1,1,1538,299.1845,
WT+X1,1,1539,399.6309,
WT+X1,1,1540,348.8806,
WT+X1,1,1541,269.9069,
WT+X1,1,1542,234.007,
WT+X1,1,1543,214.6009,
WT+X1,1,1544,490.0339,
WT+X1,1,1545,1016.4811,
WT+X1,1,1546,882.7125,
WT+X1,1,1547,238.7588,
WT+X1,1,1548,412.9919,
WT+X1,1,1549,179.1733,
WT+X1,1,1550,155.8565,
WT+X1,1,1551,318.0751,
WT+X1,1,1552,399.0105,
WT+X1,1,1553,2007.1295,
WT+X1,1,1554,212.2263,
WT+X1,1,1555,207.9265,
WT+X1,1,1556,336.5454,
WT+X1,1,1557,340.7149,
WT+X1,1,1558,139.8934,
WT+X1,1,1559,643.5837,
WT+X1,1,1560,413.3044,
WT+X1,1,1561,1553.2665,
WT+X1,1,1562,252.0653,
WT+X1,1,1563,198.0472,
WT+X1,1,1564,210.9375,
WT+X1,1,1565,1450.4072,
WT+X1,1,1566,1095.6698,
WT+X1,1,1567,286.2752,
WT+X1,1,1568,187.4978,
WT+X1,1,1569,233.1838,
WT+X1,1,1570,164.6597,
WT+X1,1,1571,131.36,
WT+X1,1,1572,232.563,
WT+X1,1,1573,525.8893,
WT+X1,1,1574,190.4037,
WT+X1,1,1575,273.166,
WT+X1,1,1576,311.1832,
WT+X1,1,1577,229.6015,
WT+X1,1,1578,531.5903,
WT+X1,1,1579,245.9415,
WT+X1,1,1580,194.3897,
WT+X1,1,1581,274.0051,
WT+X1,1,1582,154.6106,
WT+X1,1,1583,407.503,
WT+X1,1,1584,636.9773,
WT+X1,1,1585,865.471,
WT+X1,1,1586,136.2708,
WT+X1,1,1587,603.9604,
WT+X1,1,1588,260.8924,
WT+X1,1,1589,127.2117,
WT+X1,1,1590,192.8678,
WT+X1,1,1591,1136.2655,
WT+X1,1,1592,177.6919,
WT+X1,1,1593,1105.4769,
WT+X1,1,1594,382.4837,
WT+X1,1,1595,283.1292,
WT+X1,1,1596,561.3377,
WT+X1,1,1597,252.9528,
WT+X1,1,1598,330.9115,
WT+X1,1,1599,138.0728,
WT+X1,1,1600,128.4423,
WT+X1,1,1601,136.9115,
WT+X1,1,1602,1452.3716,
WT+X1,1,1603,280.7076,
WT+X1,1,1604,273.7945,
WT+X1,1,1605,153.4599,
WT+X1,1,1606,128.9677,
WT+X1,1,1607,138.068,
WT+X1,1,1608,122.0914,
WT+X1,1,1609,141.4043,
WT+X1,1,1610,294.68,
WT+X1,1,1611,1283.0701,
WT+X1,1,1612,800.2833,
WT+X1,1,1613,378.6507,
WT+X1,1,1614,278.7645,
WT+X1,1,1615,153.4198,
WT+X1,1,1616,133.4913,
WT+X1,1,1617,228.1982,
WT+X1,1,1618,207.9286,
WT+X1,1,1619,266.5414,
WT+X1,1,1620,222.3792,
WT+X1,1,1621,562.2992,
WT+X1,1,1622,1807.8353,
WT+X1,1,1623,373.7946,
WT+X1,1,1624,374.0965,
WT+X1,1,1625,360.7895,
WT+X1,1,1626,190.0619,
WT+X1,1,1627,714.4724,
WT+X1,1,1628,244.2917,
WT+X1,1,1629,495.0113,
WT+X1,1,1630,366.5934,
WT+X1,1,1631,156.1056,
WT+X1,1,1632,446.449,
WT+X1,1,1633,1020.5855,
WT+X1,1,1634,487.1293,
WT+X1,1,1635,352.9519,
WT+X1,1,1636,246.6204,
WT+X1,1,1637,161.4602,
WT+X1,1,1638,221.9853,
WT+X1,1,1639,484.1195,
WT+X1,1,1640,215.3412,
WT+X1,1,1641,195.5493,
WT+X1,1,1642,204.6429,
WT+X1,1,1643,160.7363,
WT+X1,1,1644,218.0154,
WT+X1,1,1645,828.6312,
WT+X1,1,1646,777.6198,
WT+X1,1,1647,2593.8115,
WT+X1,1,1648,334.2862,
WT+X1,1,1649,161.1266,
WT+X1,1,1650,369.3986,
WT+X1,1,1651,466.8372,
WT+X1,1,1652,2139.8718,
WT+X1,1,1653,582.3619,
WT+X1,1,1654,831.3038,
WT+X1,1,1655,419.0695,
WT+X1,1,1656,398.5618,
WT+X1,1,1657,190.8114,
WT+X1,1,1658,402.5648,
WT+X1,1,1659,1428.7915,
WT+X1,1,1660,307.2057,
WT+X1,1,1661,633.72,
WT+X1,1,1662,169.4046,
WT+X1,1,1663,1226.849,
WT+X1,1,1664,3185.6975,
WT+X1,1,1665,464.8571,
WT+X1,1,1666,256.5391,
WT+X1,1,1667,269.3348,
WT+X1,1,1668,268.3529,
WT+X1,1,1669,570.4301,
WT+X1,1,1670,321.3813,
WT+X1,1,1671,754.9508,
WT+X1,1,1672,252.1357,
WT+X1,1,1673,633.5932,
WT+X1,1,1674,1006.9524,
WT+X1,1,1675,196.1193,
WT+X1,1,1676,440.6084,
WT+X1,1,1677,327.6313,
WT+X1,1,1678,482.6118,
WT+X1,1,1679,1470.8617,
WT+X1,1,1680,542.9375,
WT+X1,1,1681,392.1167,
WT+X1,1,1682,392.4202,
WT+X1,1,1683,167.3817,
WT+X1,1,1684,501.1535,
WT+X1,1,1685,639.4192,
WT+X1,1,1686,314.2034,
WT+X1,1,1687,305.0714,
WT+X1,1,1688,802.9597,
WT+X1,1,1689,433.3061,
WT+X1,1,1690,263.1391,
WT+X1,1,1691,779.1396,
WT+X1,1,1692,695.9262,
WT+X1,1,1693,388.0364,
WT+X1,1,1694,505.9631,
WT+X1,1,1695,431.1955,
WT+X1,1,1696,188.2902,
WT+X1,1,1697,205.65,
WT+X1,1,1698,519.6266,
WT+X1,1,1699,325.7065,
WT+X1,1,1700,370.5307,
WT+X1,1,1701,251.088,
WT+X1,1,1702,1241.0316,
WT+X1,1,1703,149.9253,
WT+X1,1,1704,1540.467,
WT+X1,1,1705,450.9821,
WT+X1,1,1706,207.4096,
WT+X1,1,1707,284.7366,
WT+X1,1,1708,460.0267,
WT+X1,1,1709,473.2484,
WT+X1,1,1710,204.6925,
WT+X1,1,1711,398.7351,
WT+X1,1,1712,365.364,
WT+X1,1,1713,590.0495,
WT+X1,1,1714,745.9089,
WT+X1,1,1715,273.8488,
WT+X1,1,1716,362.6345,
WT+X1,1,1717,1348.7112,
WT+X1,1,1718,326.1134,
WT+X1,1,1719,264.1811,
WT+X1,1,1720,263.5149,
WT+X1,1,1721,639.6157,
WT+X1,1,1722,211.3188,
WT+X1,1,1723,375.428,
WT+X1,1,1724,396.3586,
WT+X1,1,1725,486.3167,
WT+X1,1,1726,466.5836,
WT+X1,1,1727,1586.8241,
WT+X1,1,1728,245.5407,
WT+X1,1,1729,1092.7902,
WT+X1,1,1730,454.4356,
WT+X1,1,1731,331.1813,
WT+X1,1,1732,185.3963,
WT+X1,1,1733,159.3692,
WT+X1,1,1734,1005.0692,
WT+X1,1,1735,345.4153,
WT+X1,1,1736,394.4514,
WT+X1,1,1737,1221.5121,
WT+X1,1,1738,576.8552,
WT+X1,1,1739,209.5748,
WT+X1,1,1740,165.3092,
WT+X1,1,1741,279.0915,
WT+X1,1,1742,359.1482,
WT+X1,1,1743,339.6769,
WT+X1,1,1744,581.4843,
WT+X1,1,1745,182.3627,
WT+X1,1,1746,351.8434,
WT+X1,1,1747,3430.8345,
WT+X1,1,1748,238.2495,
WT+X1,1,1749,1879.0101,
WT+X1,1,1750,460.6158,
WT+X1,1,1751,630.6676,
WT+X1,1,1752,231.9734,
WT+X1,1,1753,636.0958,
WT+X1,1,1754,190.6229,
WT+X1,1,1755,343.5389,
WT+X1,1,1756,1446.1523,
WT+X1,1,1757,763.8416,
WT+X1,1,1758,517.0794,
WT+X1,1,1759,394.626,
WT+X1,1,1760,3030.3027,
WT+X1,1,1761,2066.968,
WT+X1,1,1762,337.8429,
WT+X1,1,1763,322.9757,
WT+X1,1,1764,255.5829,
WT+X1,1,1765,601.4142,
WT+X1,1,1766,244.5882,
WT+X1,1,1767,317.1962,
WT+X1,1,1768,864.4991,
WT+X1,1,1769,691.5463,
WT+X1,1,1770,197.8725,
WT+X1,1,1771,338.619,
WT+X1,1,1772,803.4009,
WT+X1,1,1773,1427.6177,
WT+X1,1,1774,285.655,
WT+X1,1,1775,829.5682,
WT+X1,1,1776,418.5109,
WT+X1,1,1777,465.6021,
WT+X1,1,1778,295.1551,
WT+X1,1,1779,1208.361,
WT+X1,1,1780,1233.6571,
WT+X1,1,1781,268.1474,
WT+X1,1,1782,104.6258,
WT+X1,1,1783,271.6541,
WT+X1,1,1784,503.1851,
WT+X1,1,1785,331.3513,
WT+X1,1,1786,252.29,
WT+X1,1,1787,225.7927,
WT+X1,1,1788,193.3179,
WT+X1,1,1789,489.2269,
WT+X1,1,1790,286.96,
WT+X1,1,1791,315.2629,
WT+X1,1,1792,676.9727,
WT+X1,1,1793,134.5,
WT+X1,1,1794,331.6168,
WT+X1,1,1795,162.5044,
WT+X1,1,1796,467.1324,
WT+X1,1,1797,246.6562,
WT+X1,1,1798,207.849,
WT+X1,1,1799,256.9155,
WT+X1,1,1800,835.7935,
WT+X1,1,1801,675.1003,
WT+X1,1,1802,523.9094,
WT+X1,1,1803,326.9022,
WT+X1,1,1804,322.5509,
WT+X1,1,1805,199.4115,
WT+X1,1,1806,1613.6158,
WT+X1,1,1807,2351.9788,
WT+X1,1,1808,3135.0476,
WT+X1,1,1809,337.8773,
WT+X1,1,1810,519.9027,
WT+X1,1,1811,355.8373,
WT+X1,1,1812,294.2758,
WT+X1,1,1813,194.5734,
WT+X1,1,1814,260.8275,
WT+X1,1,1815,254.4839,
WT+X1,1,1816,252.37,
WT+X1,1,1817,772.3651,
WT+X1,1,1818,753.6768,
WT+X1,1,1819,172.5254,
WT+X1,1,1820,323.6194,
WT+X1,1,1821,774.4853,
WT+X1,1,1822,159.8755,
WT+X1,1,1823,158.436,
WT+X1,1,1824,1619.7155,
WT+X1,1,1825,1018.2749,
WT+X1,1,1826,728.4,
WT+X1,1,1827,275.2702,
WT+X1,1,1828,170.9375,
WT+X1,1,1829,1700.7847,
WT+X1,1,1830,248.2929,
WT+X1,1,1831,172.5924,
WT+X1,1,1832,150.4399,
WT+X1,1,1833,298.6382,
WT+X1,1,1834,915.9163,
WT+X1,1,1835,199.7441,
WT+X1,1,1836,543.9868,
WT+X1,1,1837,484.0941,
WT+X1,1,1838,176.1222,
WT+X1,1,1839,974.8248,
WT+X1,1,1840,253.7681,
WT+X1,1,1841,152.2487,
WT+X1,1,1842,235.261,
WT+X1,1,1843,306.8366,
WT+X1,1,1844,278.72,
WT+X1,1,1845,476.3102,
WT+X1,1,1846,247.1878,
WT+X1,1,1847,268.8213,
WT+X1,1,1848,819.2037,
WT+X1,1,1849,169.5251,
WT+X1,1,1850,174.5208,
WT+X1,1,1851,282.9921,
WT+X1,1,1852,316.0667,
WT+X1,1,1853,392.1763,
WT+X1,1,1854,668.3174,
WT+X1,1,1855,455.3651,
WT+X1,1,1856,166.9841,
WT+X1,1,1857,370.8663,
WT+X1,1,1858,268.3418,
WT+X1,1,1859,553.1111,
WT+X1,1,1860,248.9818,
WT+X1,1,1861,1093.0779,
WT+X1,1,1862,238.9949,
WT+X1,1,1863,257.3635,
WT+X1,1,1864,176.0706,
WT+X1,1,1865,252.8566,
WT+X1,1,1866,246.486,
WT+X1,1,1867,163.3388,
WT+X1,1,1868,294.1454,
WT+X1,1,1869,228.025,
WT+X1,1,1870,383.2782,
WT+X1,1,1871,451.7754,
WT+X1,1,1872,281.0957,
WT+X1,1,1873,568.9884,
WT+X1,1,1874,614.0637,
WT+X1,1,1875,233.3828,
WT+X1,1,1876,229.8386,
WT+X1,1,1877,193.0607,
WT+X1,1,1878,429.4182,
WT+X1,1,1879,264.7061,
WT+X1,1,1880,429.5133,
WT+X1,1,1881,281.4725,
WT+X1,1,1882,251.7063,
WT+X1,1,1883,256.049,
WT+X1,1,1884,542.2824,
WT+X1,1,1885,194.3269,
WT+X1,1,1886,325.5048,
WT+X1,1,1887,412.5124,
WT+X1,1,1888,872.3698,
WT+X1,1,1889,232.3114,
WT+X1,1,1890,236.5,
WT+X1,1,1891,209,
WT+X1,1,1892,428.3855,
WT+X1,1,1893,238.5731,
WT+X1,1,1894,414.1756,
WT+X1,1,1895,227.6261,
WT+X1,1,1896,473.2667,
WT+X1,1,1897,208.8067,
WT+X1,1,1898,652.7045,
WT+X1,1,1899,235.877,
WT+X1,1,1900,376.8354,
WT+X1,1,1901,297.2073,
WT+X1,1,1902,253.3046,
WT+X1,1,1903,238.4029,
WT+X1,1,1904,419.9255,
WT+X1,1,1905,824.1758,
WT+X1,1,1906,476.7529,
WT+X1,1,1907,285.9286,
WT+X1,1,1908,759.123,
WT+X1,1,1909,579.0733,
WT+X1,1,1910,374.9035,
WT+X1,1,1911,217.5324,
WT+X1,1,1912,227.8114,
WT+X1,1,1913,316.0982,
WT+X1,1,1914,288.9511,
WT+X1,1,1915,267.4689,
WT+X1,1,1916,511.2308,
WT+X1,1,1917,204.0537,
WT+X1,1,1918,523.9158,
WT+X1,1,1919,179.3478,
WT+X1,1,1920,538.8954,
WT+X1,1,1921,220.386,
WT+X1,1,1922,303.1311,
WT+X1,1,1923,194.233,
WT+X1,1,1924,183.7356,
WT+X1,1,1925,202.2086,
WT+X1,1,1926,243.7844,
WT+X1,1,1927,242.1859,
WT+X1,1,1928,879.0856,
WT+X1,1,1929,735.7427,
WT+X1,1,1930,228.2018,
WT+X1,1,1931,306.7041,
WT+X1,1,1932,253.4044,
WT+X1,1,1933,267.7952,
WT+X1,1,1934,218.6318,
WT+X1,1,1935,1504.488,
WT+X1,1,1936,203.0714,
WT+X1,1,1937,232.1891,
WT+X1,1,1938,373.5533,
WT+X1,1,1939,1151.5182,
WT+X1,1,1940,310.0049,
WT+X1,1,1941,178.5032,
WT+X1,1,1942,328.4208,
WT+X1,1,1943,422.3882,
WT+X1,1,1944,1054.7993,
WT+X1,1,1945,557.2793,
WT+X1,1,1946,273.2263,
WT+X1,1,1947,385.4221,
WT+X1,1,1948,257.2751,
WT+X1,1,1949,858.9813,
WT+X1,1,1950,246.2599,
WT+X1,1,1951,329.4656,
WT+X1,1,1952,238.8864,
WT+X1,1,1953,289.0712,
WT+X1,1,1954,785.9263,
WT+X1,1,1955,226.724,
WT+X1,1,1956,788.0862,
WT+X1,1,1957,183.4697,
WT+X1,1,1958,279.8822,
WT+X1,1,1959,155.4201,
WT+X1,1,1960,305.6137,
WT+X1,1,1961,233.6894,
WT+X1,1,1962,419.098,
WT+X1,1,1963,1223.8254,
WT+X1,1,1964,308.0535,
WT+X1,1,1965,278.2998,
WT+X1,1,1966,625.2516,
WT+X1,1,1967,356.5714,
WT+X1,1,1968,352.4944,
WT+X1,1,1969,340.05,
WT+X1,1,1970,447.4068,
WT+X1,1,1971,285.132,
WT+X1,1,1972,276.8431,
WT+X1,1,1973,226.0786,
WT+X1,1,1974,268.3284,
WT+X1,1,1975,152.6371,
WT+X1,1,1976,2333.6968,
WT+X1,1,1977,265.254,
WT+X1,1,1978,232.478,
WT+X1,1,1979,473.916,
WT+X1,1,1980,714.2515,
WT+X1,1,1981,263.377,
WT+X1,1,1982,242.8515,
WT+X1,1,1983,304.5965,
WT+X1,1,1984,438.9221,
WT+X1,1,1985,339.5043,
WT+X1,1,1986,556.2438,
WT+X1,1,1987,234.2345,
WT+X1,1,1988,248.5909,
WT+X1,1,1989,575.6752,
WT+X1,1,1990,894.3132,
WT+X1,1,1991,342.3506,
WT+X1,1,1992,433.2392,
WT+X1,1,1993,194.6082,
WT+X1,1,1994,261.8562,
WT+X1,1,1995,292.7471,
WT+X1,1,1996,235.5723,
WT+X1,1,1997,320.3506,
WT+X1,1,1998,743.532,
WT+X1,1,1999,408.6423,
WT+X1,1,2000,392.1414,
WT+X1,1,2001,250.4936,
WT+X1,1,2002,255.812,
WT+X1,1,2003,319.1328,
WT+X1,1,2004,470.4721,
WT+X1,1,2005,508.5355,
WT+X1,1,2006,229.0833,
WT+X1,1,2007,910.7842,
WT+X1,1,2008,216.5172,
WT+X1,1,2009,1193.259,
WT+X1,1,2010,184.3237,
WT+X1,1,2011,333.5945,
WT+X1,1,2012,443.604,
WT+X1,1,2013,413.3351,
WT+X1,1,2014,265.9854,
WT+X1,1,2015,2665.3477,
WT+X1,1,2016,210.8478,
WT+X1,1,2017,243.2383,
WT+X1,1,2018,249.963,
WT+X1,1,2019,418.9163,
WT+X1,1,2020,263.6295,
WT+X1,1,2021,230.0236,
WT+X1,1,2022,240.9415,
WT+X1,1,2023,447.6439,
WT+X1,1,2024,274.6069,
WT+X1,1,2025,297.6377,
WT+X1,1,2026,680.5168,
WT+X1,1,2027,234.8282,
WT+X1,1,2028,176.5984,
WT+X1,1,2029,540.2932,
WT+X1,1,2030,643.1777,
WT+X1,1,2031,252.536,
WT+X1,1,2032,242.7706,
WT+X1,1,2033,344.2534,
WT+X1,1,2034,634.6892,
WT+X1,1,2035,282.162,
WT+X1,1,2036,198.5512,
WT+X1,1,2037,374.8579,
WT+X1,1,2038,285.9029,
WT+X1,1,2039,299.4698,
WT+X1,1,2040,661.9871,
WT+X1,1,2041,386.7176,
WT+X1,1,2042,258.4011,
WT+X1,1,2043,205.4124,
WT+X1,1,2044,266.1579,
WT+X1,1,2045,678.61,
WT+X1,1,2046,250.473,
WT+X1,1,2047,180.8394,
WT+X1,1,2048,330.2341,
WT+X1,1,2049,283.2892,
WT+X1,1,2050,193.8911,
WT+X1,1,2051,97.9607,
WT+X1,1,2052,361.5346,
WT+X1,1,2053,80.3648,
WT+X1,1,2054,339.9872,
WT+X1,1,2055,425.7575,
WT+X1,1,2056,424.4734,
WT+X1,1,2057,468.419,
WT+X1,1,2058,321.2287,
WT+X1,1,2059,824.4352,
WT+X1,1,2060,434.382,
WT+X1,1,2061,496.6047,
WT+X1,1,2062,365.1295,
WT+X1,1,2063,281.2964,
WT+X1,1,2064,82.4313,
WT+X1,1,2065,302.5299,
WT+X1,1,2066,1265.6123,
WT+X1,1,2067,104.106,
WT+X1,1,2068,218.9485,
WT+X1,1,2069,312.7071,
WT+X1,1,2070,256.7119,
WT+X1,1,2071,85.0014,
WT+X1,1,2072,322.7435,
WT+X1,1,2073,73.7731,
WT+X1,1,2074,624.3232,
WT+X1,1,2075,265.1395,
WT+X1,1,2076,373.0974,
WT+X1,1,2077,285.86,
WT+X1,1,2078,239.4802,
WT+X1,1,2079,593.9926,
WT+X1,1,2080,581.087,
WT+X1,1,2081,325.2253,
WT+X1,1,2082,277.7813,
WT+X1,1,2083,123.5909,
WT+X1,1,2084,240.8681,
WT+X1,1,2085,623.5789,
WT+X1,1,2086,297.2874,
WT+X1,1,2087,95.6127,
WT+X1,1,2088,543.2966,
WT+X1,1,2089,486.1855,
WT+X1,1,2090,316.7082,
WT+X1,1,2091,210.1321,
WT+X1,1,2092,728.8098,
WT+X1,1,2093,383.8842,
WT+X1,1,2094,301.361,
WT+X1,1,2095,229.9424,
WT+X1,1,2096,111.6061,
WT+X1,1,2097,129.5288,
WT+X1,1,2098,384.0429,
WT+X1,1,2099,669.4764,
WT+X1,1,2100,463.9222,
WT+X1,1,2101,112.4499,
WT+X1,1,2102,186.4624,
WT+X1,1,2103,266.5048,
WT+X1,1,2104,143.2522,
WT+X1,1,2105,252.1739,
WT+X1,1,2106,278.3227,
WT+X1,1,2107,310.0598,
WT+X1,1,2108,291.7114,
WT+X1,1,2109,345.7947,
WT+X1,1,2110,1049.6824,
WT+X1,1,2111,228.3929,
WT+X1,1,2112,186.4826,
WT+X1,1,2113,124.8759,
WT+X1,1,2114,111.4092,
WT+X1,1,2115,294.2957,
WT+X1,1,2116,766.062,
WT+X1,1,2117,271.4532,
WT+X1,1,2118,87.5658,
WT+X1,1,2119,539.1565,
WT+X1,1,2120,616.9236,
WT+X1,1,2121,292.0641,
WT+X1,1,2122,256.0919,
WT+X1,1,2123,126.5399,
WT+X1,1,2124,384.9506,
WT+X1,1,2125,504.6995,
WT+X1,1,2126,298.4625,
WT+X1,1,2127,210.4689,
WT+X1,1,2128,737.0737,
WT+X1,1,2129,284.2556,
WT+X1,1,2130,166.7944,
WT+X1,1,2131,328.7989,
WT+X1,1,2132,251.5408,
WT+X1,1,2133,354.695,
WT+X1,1,2134,251.1131,
WT+X1,1,2135,243.4562,
WT+X1,1,2136,155.7437,
WT+X1,1,2137,131.5499,
WT+X1,1,2138,209.7484,
WT+X1,1,2139,248.2669,
WT+X1,1,2140,111.3861,
WT+X1,1,2141,561.3315,
WT+X1,1,2142,690.0323,
WT+X1,1,2143,260.8057,
WT+X1,1,2144,236.3347,
WT+X1,1,2145,238.7845,
WT+X1,1,2146,253.4661,
WT+X1,1,2147,99.5448,
WT+X1,1,2148,98.5081,
WT+X1,1,2149,488.6183,
WT+X1,1,2150,231.7292,
WT+X1,1,2151,567.2409,
WT+X1,1,2152,513.0358,
WT+X1,1,2153,124.5355,
WT+X1,1,2154,242.8084,
WT+X1,1,2155,237.4431,
WT+X1,1,2156,357.8333,
WT+X1,1,2157,229.5666,
WT+X1,1,2158,114.9011,
WT+X1,1,2159,86.0546,
WT+X1,1,2160,124.1117,
WT+X1,1,2161,200.7737,
WT+X1,1,2162,176.5623,
WT+X1,1,2163,454.6416,
WT+X1,1,2164,234.5156,
WT+X1,1,2165,231.1241,
WT+X1,1,2166,93.8363,
WT+X1,1,2167,389.605,
WT+X1,1,2168,341.1494,
WT+X1,1,2169,121.1694,
WT+X1,1,2170,250.6459,
WT+X1,1,2171,137.9861,
WT+X1,1,2172,585.8539,
KO,1,1,227.1265,
KO,1,2,539.6877,
KO,1,3,981.6629,
KO,1,4,915.8208,
KO,1,5,533.5008,
KO,1,6,838.398,
KO,1,7,766.8271,
KO,1,8,397.3583,
KO,1,9,460.4906,
KO,1,10,833.2909,
KO,1,11,771.1591,
KO,1,12,829.0406,
KO,1,13,694.321,
KO,1,14,1146.2693,
KO,1,15,980.4183,
KO,1,16,443.6352,
KO,1,17,1104.3376,
KO,1,18,1005.7474,
KO,1,19,743.6693,
KO,1,20,1112.6575,
KO,1,21,480.1566,
KO,1,22,442.3354,
KO,1,23,1155.4969,
KO,1,24,1148.4663,
KO,1,25,1081.9316,
KO,1,26,1098.5062,
KO,1,27,1233.125,
KO,1,28,1026.3121,
KO,1,29,675.4889,
KO,1,30,1305.8745,
KO,1,31,1051.6058,
KO,1,32,1135.6768,
KO,1,33,604.8402,
KO,1,34,742.7055,
KO,1,35,992.3629,
KO,1,36,533.1667,
KO,1,37,978.488,
KO,1,38,895.8326,
KO,1,39,1214.7861,
KO,1,40,1007.1069,
KO,1,41,936.296,
KO,1,42,1225.4821,
KO,1,43,837.383,
KO,1,44,528.7028,
KO,1,45,972.3947,
KO,1,46,911.2302,
KO,1,47,935.7413,
KO,1,48,1208.8811,
KO,1,49,1259.0304,
KO,1,50,1043.0135,
KO,1,51,900.5853,
KO,1,52,416.8211,
KO,1,53,932.5341,
KO,1,54,1133.3923,
KO,1,55,969.1552,
KO,1,56,955.6411,
KO,1,57,1067.6483,
KO,1,58,1104.9742,
KO,1,59,1161.7732,
KO,1,60,821.9858,
KO,1,61,575.4585,
KO,1,62,517.9201,
KO,1,63,892.769,
KO,1,64,1084.6176,
KO,1,65,911.3799,
KO,1,66,870.6458,
KO,1,67,592.3223,
KO,1,68,959.7663,
KO,1,69,493.4886,
KO,1,70,1029.4792,
KO,1,71,1011.9474,
KO,1,72,1080.9193,
KO,1,73,582.4333,
KO,1,74,970.2869,
KO,1,75,775.9064,
KO,1,76,579.0838,
KO,1,77,375.8732,
KO,1,78,866.7037,
KO,1,79,1096.7247,
KO,1,80,823.8481,
KO,1,81,823.5704,
KO,1,82,1157.5391,
KO,1,83,868.6641,
KO,1,84,910.978,
KO,1,85,919.0541,
KO,1,86,707.6525,
KO,1,87,679.4132,
KO,1,88,794.3708,
KO,1,89,952.5,
KO,1,90,850.6194,
KO,1,91,777.3577,
KO,1,92,817.3386,
KO,1,93,734.7057,
KO,1,94,749.3857,
KO,1,95,758.8176,
KO,1,96,970.5473,
KO,1,97,2546.8821,
KO,1,98,826.2947,
KO,1,99,939.5365,
KO,1,100,754.5188,
KO,1,101,853.2792,
KO,1,102,959.194,
KO,1,103,593.7341,
KO,1,104,874.8871,
KO,1,105,901.6223,
KO,1,106,725.3448,
KO,1,107,601.125,
KO,1,108,752.2104,
KO,1,109,977.6357,
KO,1,110,506.1887,
KO,1,111,1081.8738,
KO,1,112,639.2429,
KO,1,113,1097.5656,
KO,1,114,1025.1312,
KO,1,115,851.8649,
KO,1,116,1052.9213,
KO,1,117,761.3582,
KO,1,118,902.1936,
KO,1,119,1007.0909,
KO,1,120,1045.0677,
KO,1,121,688.2833,
KO,1,122,795.5527,
KO,1,123,676.6078,
KO,1,124,1026.6877,
KO,1,125,768.6974,
KO,1,126,796.0722,
KO,1,127,1653.6385,
KO,1,128,1266.0369,
KO,1,129,788.3168,
KO,1,130,512.4963,
KO,1,131,508.7014,
KO,1,132,652.8231,
KO,1,133,579.3781,
KO,1,134,507.3195,
KO,1,135,1014.4224,
KO,1,136,836.264,
KO,1,137,685.8227,
KO,1,138,988.6107,
KO,1,139,1362.4191,
KO,1,140,620.874,
KO,1,141,800.0409,
KO,1,142,754.0797,
KO,1,143,918.0863,
KO,1,144,1013.5719,
KO,1,145,683.5264,
KO,1,146,784.1698,
KO,1,147,721.4836,
KO,1,148,1288.5658,
KO,1,149,825.0374,
KO,1,150,814.6365,
KO,1,151,883.9517,
KO,1,152,924.7623,
KO,1,153,598.463,
KO,1,154,715.954,
KO,1,155,737.1592,
KO,1,156,421.3772,
KO,1,157,1080.2581,
KO,1,158,899.0559,
KO,1,159,664.1661,
KO,1,160,1033.1445,
KO,1,161,352.0991,
KO,1,162,772.8869,
KO,1,163,737.6309,
KO,1,164,676.4072,
KO,1,165,595.7579,
KO,1,166,574.6317,
KO,1,167,964.02,
KO,1,168,1285.7412,
KO,1,169,1048.3809,
KO,1,170,762.2827,
KO,1,171,1175.8082,
KO,1,172,1035.4935,
KO,1,173,1230.1005,
KO,1,174,697.0397,
KO,1,175,1292.4608,
KO,1,176,1572.6923,
KO,1,177,1092.8488,
KO,1,178,974.2176,
KO,1,179,594.4773,
KO,1,180,720.2683,
KO,1,181,628.5974,
KO,1,182,595.2922,
KO,1,183,796.7102,
KO,1,184,1109.5205,
KO,1,185,1597.7592,
KO,1,186,384.9122,
KO,1,187,775.1799,
KO,1,188,868.4921,
KO,1,189,927.1132,
KO,1,190,790.8571,
KO,1,191,1187.6364,
KO,1,192,946.5836,
KO,1,193,746.7333,
KO,1,194,1709.8365,
KO,1,195,1176.364,
KO,1,196,1721.303,
KO,1,197,776.2045,
KO,1,198,400.7116,
KO,1,199,935.6281,
KO,1,200,808.7029,
KO,1,201,643.2107,
KO,1,202,1604.006,
KO,1,203,774.2331,
KO,1,204,639.9407,
KO,1,205,300.2161,
KO,1,206,779.6241,
KO,1,207,754.776,
KO,1,208,802.0987,
KO,1,209,699.1196,
KO,1,210,849.5045,
KO,1,211,1352.6868,
KO,1,212,791.3199,
KO,1,213,781.2133,
KO,1,214,711.1785,
KO,1,215,946.9449,
KO,1,216,468.3753,
KO,1,217,1036.9075,
KO,1,218,701.3743,
KO,1,219,437.3185,
KO,1,220,651.1765,
KO,1,221,1083.7693,
KO,1,222,870.3077,
KO,1,223,828.3288,
KO,1,224,826.0991,
KO,1,225,712.7455,
KO,1,226,1210.3621,
KO,1,227,782.1216,
KO,1,228,730.9283,
KO,1,229,903.3907,
KO,1,230,809.0651,
KO,1,231,764.4075,
KO,1,232,872.6651,
KO,1,233,373.1483,
KO,1,234,249.2457,
KO,1,235,982.6701,
KO,1,236,797.9568,
KO,1,237,830.9839,
KO,1,238,846.8966,
KO,1,239,790.2294,
KO,1,240,752.1252,
KO,1,241,1462.6183,
KO,1,242,763.8915,
KO,1,243,807.9495,
KO,1,244,869.0045,
KO,1,245,1194.7694,
KO,1,246,456.4775,
KO,1,247,816.3729,
KO,1,248,507.9299,
KO,1,249,1256.797,
KO,1,250,686.0078,
KO,1,251,914.2325,
KO,1,252,957.2782,
KO,1,253,730.285,
KO,1,254,782.2924,
KO,1,255,801.6765,
KO,1,256,368,
KO,1,257,767.3384,
KO,1,258,783.4325,
KO,1,259,760.2857,
KO,1,260,278.772,
KO,1,261,1410.2734,
KO,1,262,514.053,
KO,1,263,590.3072,
KO,1,264,828.1543,
KO,1,265,888.7125,
KO,1,266,1081.5128,
KO,1,267,1232.9807,
KO,1,268,674.71,
KO,1,269,918.9528,
KO,1,270,584.9022,
KO,1,271,705.3118,
KO,1,272,589.4821,
KO,1,273,745.4275,
KO,1,274,747.2747,
KO,1,275,818.2263,
KO,1,276,661.3137,
KO,1,277,843.4224,
KO,1,278,419.2752,
KO,1,279,1678.9097,
KO,1,280,379.4951,
KO,1,281,293.8625,
KO,1,282,1485.8013,
KO,1,283,1357.1447,
KO,1,284,545.6712,
KO,1,285,592.5812,
KO,1,286,460.0346,
KO,1,287,580.8909,
KO,1,288,943.913,
KO,1,289,760.7466,
KO,1,290,1993.1141,
KO,1,291,768.9778,
KO,1,292,814.7211,
KO,1,293,992.5782,
KO,1,294,578.3961,
KO,1,295,765.5889,
KO,1,296,852.4867,
KO,1,297,769.6133,
KO,1,298,579.235,
KO,1,299,1418.7408,
KO,1,300,474.4055,
KO,1,301,556.409,
KO,1,302,926.8092,
KO,1,303,300.1303,
KO,1,304,858.6921,
KO,1,305,1083.4724,
KO,1,306,554.4121,
KO,1,307,815.1575,
KO,1,308,406.8843,
KO,1,309,1729.2577,
KO,1,310,478.2978,
KO,1,311,509.3432,
KO,1,312,726.1987,
KO,1,313,371.4987,
KO,1,314,524.5991,
KO,1,315,571.0424,
KO,1,316,662.5072,
KO,1,317,1010.632,
KO,1,318,566.2059,
KO,1,319,1842.7833,
KO,1,320,1514.7024,
KO,1,321,403.1418,
KO,1,322,1015.6175,
KO,1,323,762.373,
KO,1,324,995.3827,
KO,1,325,740.1936,
KO,1,326,713.0724,
KO,1,327,1366.0446,
KO,1,328,2033.2808,
KO,1,329,769.9493,
KO,1,330,658.418,
KO,1,331,809.5621,
KO,1,332,950.4,
KO,1,333,491.2944,
KO,1,334,408.4255,
KO,1,335,590.7754,
KO,1,336,476.2578,
KO,1,337,653.8483,
KO,1,338,780.1454,
KO,1,339,800.2748,
KO,1,340,992.8691,
KO,1,341,628.0709,
KO,1,342,667.0083,
KO,1,343,1253.4452,
KO,1,344,874.6343,
KO,1,345,705.3892,
KO,1,346,1148.6675,
KO,1,347,545.7399,
KO,1,348,716.6179,
KO,1,349,700.2379,
KO,1,350,472.3738,
KO,1,351,670.4022,
KO,1,352,674.7872,
KO,1,353,791.6364,
KO,1,354,657.683,
KO,1,355,300.8059,
KO,1,356,868.7928,
KO,1,357,1849.0745,
KO,1,358,1246.5725,
KO,1,359,820.7973,
KO,1,360,1876.0907,
KO,1,361,459.5816,
KO,1,362,325.9469,
KO,1,363,969.0553,
KO,1,364,731.4296,
KO,1,365,669.6155,
KO,1,366,683.8005,
KO,1,367,771.9339,
KO,1,368,918.5419,
KO,1,369,756.8178,
KO,1,370,654.6317,
KO,1,371,1172.8218,
KO,1,372,1120.9392,
KO,1,373,1356.9833,
KO,1,374,923.5616,
KO,1,375,441.9311,
KO,1,376,786.629,
KO,1,377,702.5131,
KO,1,378,1153.0863,
KO,1,379,1081.4025,
KO,1,380,842.0159,
KO,1,381,809.4117,
KO,1,382,686.471,
KO,1,383,667.266,
KO,1,384,409.838,
KO,1,385,641.4641,
KO,1,386,559.3839,
KO,1,387,548.5601,
KO,1,388,597.1174,
KO,1,389,634.9572,
KO,1,390,915.7589,
KO,1,391,690.6967,
KO,1,392,304.7703,
KO,1,393,751.85,
KO,1,394,720.8234,
KO,1,395,1291.2318,
KO,1,396,600.5432,
KO,1,397,1059.2274,
KO,1,398,1397.4087,
KO,1,399,621.4664,
KO,1,400,795.1475,
KO,1,401,893.9288,
KO,1,402,761.8702,
KO,1,403,1197.6862,
KO,1,404,1173.3357,
KO,1,405,827.2252,
KO,1,406,534.7002,
KO,1,407,1210.022,
KO,1,408,1133.5839,
KO,1,409,550.92,
KO,1,410,1272.0239,
KO,1,411,1181.9735,
KO,1,412,722.3348,
KO,1,413,351.0127,
KO,1,414,1127.8628,
KO,1,415,1189.9675,
KO,1,416,677.8802,
KO,1,417,1509.9958,
KO,1,418,996.2258,
KO,1,419,1068.9243,
KO,1,420,780.6995,
KO,1,421,750.442,
KO,1,422,669.2997,
KO,1,423,1412.0906,
KO,1,424,999.6063,
KO,1,425,866.6595,
KO,1,426,561.3832,
KO,1,427,698.4543,
KO,1,428,810.6454,
KO,1,429,652.0284,
KO,1,430,596.4684,
KO,1,431,776.2095,
KO,1,432,790.9637,
KO,1,433,899.1722,
KO,1,434,948.5884,
KO,1,435,1114.1801,
KO,1,436,568.9171,
KO,1,437,2489.0574,
KO,1,438,1227.3752,
KO,1,439,602.4552,
KO,1,440,372.185,
KO,1,441,783.7841,
KO,1,442,1057.0927,
KO,1,443,1348.5054,
KO,1,444,1437.5961,
KO,1,445,707.5717,
KO,1,446,1374.318,
KO,1,447,626.4497,
KO,1,448,606.074,
KO,1,449,542.014,
KO,1,450,1262.7157,
KO,1,451,714.1186,
KO,1,452,617.2371,
KO,1,453,680.8631,
KO,1,454,384.0687,
KO,1,455,905.6138,
KO,1,456,1226.4135,
KO,1,457,617.3394,
KO,1,458,2643.5503,
KO,1,459,528.7002,
KO,1,460,377.6671,
KO,1,461,1318.0668,
KO,1,462,1100.7085,
KO,1,463,544.9387,
KO,1,464,707.1465,
KO,1,465,1243.723,
KO,1,466,1512.939,
KO,1,467,822.61,
KO,1,468,1257.3855,
KO,1,469,1573.2546,
KO,1,470,437.1803,
KO,1,471,939.0972,
KO,1,472,1300.9236,
KO,1,473,610.3201,
KO,1,474,525.9016,
KO,1,475,916.1695,
KO,1,476,961.0297,
KO,1,477,1196.5884,
KO,1,478,680.7471,
KO,1,479,561.8449,
KO,1,480,2116.9111,
KO,1,481,694.9927,
KO,1,482,704.4344,
KO,1,483,756.9436,
KO,1,484,307.1826,
KO,1,485,835.0533,
KO,1,486,769.065,
KO,1,487,944.6722,
KO,1,488,356.6151,
KO,1,489,428.8965,
KO,1,490,963.5615,
KO,1,491,1240.0284,
KO,1,492,502.4537,
KO,1,493,715.0627,
KO,1,494,588.8918,
KO,1,495,1211.6356,
KO,1,496,835.1168,
KO,1,497,628.2237,
KO,1,498,744.9499,
KO,1,499,1251.2233,
KO,1,500,615.8387,
KO,1,501,1037.9911,
KO,1,502,1296.6843,
KO,1,503,1279.2727,
KO,1,504,693.9297,
KO,1,505,648.952,
KO,1,506,822.2458,
KO,1,507,615.4858,
KO,1,508,363.5,
KO,1,509,865.3333,
KO,1,510,1777.5483,
KO,1,511,510.6882,
KO,1,512,826.3368,
KO,1,513,1488.0048,
KO,1,514,755.2966,
KO,1,515,1095.0289,
KO,1,516,610.3975,
KO,1,517,604.1326,
KO,1,518,1426.9786,
KO,1,519,1357.3971,
KO,1,520,1286.1506,
KO,1,521,655.6754,
KO,1,522,867.0284,
KO,1,523,905.2,
KO,1,524,697.4901,
KO,1,525,1032.225,
KO,1,526,913.2034,
KO,1,527,792.4197,
KO,1,528,656.6756,
KO,1,529,808.1097,
KO,1,530,913.5986,
KO,1,531,478.7231,
KO,1,532,660.5842,
KO,1,533,1366.0875,
KO,1,534,901.5153,
KO,1,535,487.4358,
KO,1,536,1609.5031,
KO,1,537,629.7752,
KO,1,538,1539.9463,
KO,1,539,879.5478,
KO,1,540,662.5346,
KO,1,541,976.8869,
KO,1,542,1480.7842,
KO,1,543,761.3419,
KO,1,544,993.1021,
KO,1,545,620.4081,
KO,1,546,790.7308,
KO,1,547,1128.0426,
KO,1,548,664.0768,
KO,1,549,761.0558,
KO,1,550,1432.6167,
KO,1,551,737.8657,
KO,1,552,1647.7665,
KO,1,553,275.3392,
KO,1,554,793.4249,
KO,1,555,633.275,
KO,1,556,636.7415,
KO,1,557,700.0602,
KO,1,558,629.2432,
KO,1,559,869.4691,
KO,1,560,615.0557,
KO,1,561,1435.4755,
KO,1,562,604.2049,
KO,1,563,194.3752,
KO,1,564,726.7247,
KO,1,565,626.2022,
KO,1,566,1106.2246,
KO,1,567,639.3027,
KO,1,568,590.4853,
KO,1,569,608.2641,
KO,1,570,585.0948,
KO,1,571,506.6694,
KO,1,572,670.7418,
KO,1,573,605.9109,
KO,1,574,527.1339,
KO,1,575,367.1709,
KO,1,576,716.4337,
KO,1,577,489.6241,
KO,1,578,699.3777,
KO,1,579,731.0487,
KO,1,580,808.9962,
KO,1,581,723.8611,
KO,1,582,1631.2588,
KO,1,583,1754.6476,
KO,1,584,1468.5404,
KO,1,585,619.1138,
KO,1,586,1962.4613,
KO,1,587,802.6661,
KO,1,588,1289.8942,
KO,1,589,1567.5138,
KO,1,590,721.3252,
KO,1,591,788.1051,
KO,1,592,709.0902,
KO,1,593,611.0891,
KO,1,594,638.2377,
KO,1,595,588.0129,
KO,1,596,1726.7349,
KO,1,597,724.075,
KO,1,598,643.6005,
KO,1,599,690.8281,
KO,1,600,656.7515,
KO,1,601,669.4247,
KO,1,602,620.6448,
KO,1,603,734.9794,
KO,1,604,1304.2054,
KO,1,605,526.3062,
KO,1,606,548.733,
KO,1,607,300.5089,
KO,1,608,771.0789,
KO,1,609,1270.1965,
KO,1,610,1592.881,
KO,1,611,1196.054,
KO,1,612,642.8925,
KO,1,613,589.0382,
KO,1,614,477.7438,
KO,1,615,1112.7168,
KO,1,616,706.4507,
KO,1,617,646.8792,
KO,1,618,676.4462,
KO,1,619,524.2207,
KO,1,620,1875.291,
KO,1,621,654.2627,
KO,1,622,568.4766,
KO,1,623,571.23,
KO,1,624,674.7565,
KO,1,625,837.0772,
KO,1,626,380.4574,
KO,1,627,2040.6846,
KO,1,628,683.4714,
KO,1,629,780.5658,
KO,1,630,564.6696,
KO,1,631,2394.1973,
KO,1,632,379.9322,
KO,1,633,673.8207,
KO,1,634,464.368,
KO,1,635,465.8269,
KO,1,636,516.7847,
KO,1,637,562.9199,
KO,1,638,1181.6224,
KO,1,639,1294.1101,
KO,1,640,591.2324,
KO,1,641,436.0137,
KO,1,642,525.6528,
KO,1,643,686.5101,
KO,1,644,648.6644,
KO,1,645,639.1149,
KO,1,646,812.2438,
KO,1,647,2749.8792,
KO,1,648,811.8304,
KO,1,649,632.5748,
KO,1,650,1106.5443,
KO,1,651,765.311,
KO,1,652,643.1846,
KO,1,653,782.5596,
KO,1,654,670.4766,
KO,1,655,429.024,
KO,1,656,403.5203,
KO,1,657,689.1586,
KO,1,658,494.9879,
KO,1,659,1261.8064,
KO,1,660,700.0123,
KO,1,661,713.9976,
KO,1,662,600.9897,
KO,1,663,775.3206,
KO,1,664,658.7695,
KO,1,665,345.0678,
KO,1,666,963.7601,
KO,1,667,367.9194,
KO,1,668,419.2719,
KO,1,669,518.8303,
KO,1,670,694.0854,
KO,1,671,868.5306,
KO,1,672,859.5296,
KO,1,673,573.5234,
KO,1,674,2000.7832,
KO,1,675,464.2834,
KO,1,676,724.2167,
KO,1,677,493.0558,
KO,1,678,525,
KO,1,679,504.2976,
KO,1,680,750.7188,
KO,1,681,351.48,
KO,1,682,643.6141,
KO,1,683,965.5562,
KO,1,684,771.0426,
KO,1,685,619.4184,
KO,1,686,436.4658,
KO,1,687,743.1297,
KO,1,688,1185.7883,
KO,1,689,674.5978,
KO+X1,1,1,1901.2544,
KO+X1,1,2,1398.2853,
KO+X1,1,3,1739.8903,
KO+X1,1,4,1714.837,
KO+X1,1,5,1947.1407,
KO+X1,1,6,1520.2222,
KO+X1,1,7,1464.41,
KO+X1,1,8,1909.5718,
KO+X1,1,9,1780.0444,
KO+X1,1,10,1618.9921,
KO+X1,1,11,3968.2915,
KO+X1,1,12,1058.085,
KO+X1,1,13,1586.1726,
KO+X1,1,14,7825.0757,
KO+X1,1,15,2539.4182,
KO+X1,1,16,1455.3854,
KO+X1,1,17,6371.2949,
KO+X1,1,18,8447.9668,
KO+X1,1,19,1949.9666,
KO+X1,1,20,1701.3174,
KO+X1,1,21,1825.6681,
KO+X1,1,22,895.2471,
KO+X1,1,23,2285.7905,
KO+X1,1,24,765.2558,
KO+X1,1,25,1195.4601,
KO+X1,1,26,5266.3931,
KO+X1,1,27,1467.1042,
KO+X1,1,28,1435.7053,
KO+X1,1,29,1365.6605,
KO+X1,1,30,1277.7905,
KO+X1,1,31,1851.894,
KO+X1,1,32,4041.3804,
KO+X1,1,33,1733.9419,
KO+X1,1,34,1323.7399,
KO+X1,1,35,1553.2028,
KO+X1,1,36,1707.2881,
KO+X1,1,37,2319.5801,
KO+X1,1,38,6661.0547,
KO+X1,1,39,2327.106,
KO+X1,1,40,1620.0892,
KO+X1,1,41,1304.8442,
KO+X1,1,42,1540.5,
KO+X1,1,43,1163.4326,
KO+X1,1,44,2500.6494,
KO+X1,1,45,984.7692,
KO+X1,1,46,1544.2288,
KO+X1,1,47,1087.9143,
KO+X1,1,48,4413.8525,
KO+X1,1,49,2095.1052,
KO+X1,1,50,13353.29,
KO+X1,1,51,1386.3491,
KO+X1,1,52,1736.8452,
KO+X1,1,53,1474.4861,
KO+X1,1,54,1454.985,
KO+X1,1,55,1423.6935,
KO+X1,1,56,4241.1514,
KO+X1,1,57,1664.9819,
KO+X1,1,58,2032.8978,
KO+X1,1,59,1801.8558,
KO+X1,1,60,1769.8928,
KO+X1,1,61,1089.1346,
KO+X1,1,62,1774.7571,
KO+X1,1,63,1004.9892,
KO+X1,1,64,1124.3619,
KO+X1,1,65,1163.8053,
KO+X1,1,66,1866.7491,
KO+X1,1,67,1596.2886,
KO+X1,1,68,2428.1411,
KO+X1,1,69,4134.1553,
KO+X1,1,70,5020.0332,
KO+X1,1,71,1660.0795,
KO+X1,1,72,1131.0483,
KO+X1,1,73,1357.2197,
KO+X1,1,74,1195.1299,
KO+X1,1,75,1175.3158,
KO+X1,1,76,659.317,
KO+X1,1,77,1757.1274,
KO+X1,1,78,8684.9902,
KO+X1,1,79,1694.2246,
KO+X1,1,80,1467.1278,
KO+X1,1,81,1174.6132,
KO+X1,1,82,10325.2773,
KO+X1,1,83,1381.7142,
KO+X1,1,84,1083.515,
KO+X1,1,85,1625.1525,
KO+X1,1,86,1701.1918,
KO+X1,1,87,1679.7888,
KO+X1,1,88,1694.5186,
KO+X1,1,89,1169.2456,
KO+X1,1,90,1331.5387,
KO+X1,1,91,1612.806,
KO+X1,1,92,1598.4437,
KO+X1,1,93,1601.317,
KO+X1,1,94,1255.1212,
KO+X1,1,95,1472.9845,
KO+X1,1,96,1650.127,
KO+X1,1,97,1050.426,
KO+X1,1,98,1130.8,
KO+X1,1,99,661.9412,
KO+X1,1,100,4780.1323,
KO+X1,1,101,2350.615,
KO+X1,1,102,1093.5586,
KO+X1,1,103,1541.9875,
KO+X1,1,104,1665.762,
KO+X1,1,105,1357.3348,
KO+X1,1,106,1490.002,
KO+X1,1,107,2652.8311,
KO+X1,1,108,1369.1824,
KO+X1,1,109,1865.6172,
KO+X1,1,110,1576.5813,
KO+X1,1,111,7078.4419,
KO+X1,1,112,1860.2924,
KO+X1,1,113,1347.5468,
KO+X1,1,114,2692.7542,
KO+X1,1,115,2188.9978,
KO+X1,1,116,6579.6885,
KO+X1,1,117,1311.5143,
KO+X1,1,118,1377.7964,
KO+X1,1,119,1372.9512,
KO+X1,1,120,1583.1108,
KO+X1,1,121,2088.448,
KO+X1,1,122,1479.0575,
KO+X1,1,123,1090.998,
KO+X1,1,124,1395.5256,
KO+X1,1,125,2146.3213,
KO+X1,1,126,1669.0925,
KO+X1,1,127,1752.8501,
KO+X1,1,128,1516.0492,
KO+X1,1,129,1389.572,
KO+X1,1,130,1322.4761,
KO+X1,1,131,1609.4396,
KO+X1,1,132,1342.1475,
KO+X1,1,133,1105.8979,
KO+X1,1,134,1724.7,
KO+X1,1,135,2291.4678,
KO+X1,1,136,975.0559,
KO+X1,1,137,1022.6979,
KO+X1,1,138,3560.1257,
KO+X1,1,139,1346.0535,
KO+X1,1,140,1913.2609,
KO+X1,1,141,1183.8801,
KO+X1,1,142,1386.1847,
KO+X1,1,143,1539.3854,
KO+X1,1,144,1515.5609,
KO+X1,1,145,1527.1917,
KO+X1,1,146,1179.0319,
KO+X1,1,147,1277.1284,
KO+X1,1,148,762.9671,
KO+X1,1,149,1510.6171,
KO+X1,1,150,1300.8521,
KO+X1,1,151,1971.0466,
KO+X1,1,152,1702.0861,
KO+X1,1,153,1382.7118,
KO+X1,1,154,2030.0236,
KO+X1,1,155,1407.0743,
KO+X1,1,156,1168.3279,
KO+X1,1,157,1731.9347,
KO+X1,1,158,1120.0491,
KO+X1,1,159,6988.1934,
KO+X1,1,160,1333.4679,
KO+X1,1,161,1100.6553,
KO+X1,1,162,1884.724,
KO+X1,1,163,1222.2347,
KO+X1,1,164,1509.0748,
KO+X1,1,165,2441.3289,
KO+X1,1,166,5983.0444,
KO+X1,1,167,1293.9709,
KO+X1,1,168,1619.809,
KO+X1,1,169,1737.1964,
KO+X1,1,170,1495.6387,
KO+X1,1,171,1777.0901,
KO+X1,1,172,1899.7179,
KO+X1,1,173,1566.6556,
KO+X1,1,174,988.7644,
KO+X1,1,175,1221.5776,
KO+X1,1,176,1384.8956,
KO+X1,1,177,1450.9875,
KO+X1,1,178,1245.0514,
KO+X1,1,179,2138.1423,
KO+X1,1,180,1443.71,
KO+X1,1,181,1257.7694,
KO+X1,1,182,1892.2239,
KO+X1,1,183,1029.6744,
KO+X1,1,184,767.7751,
KO+X1,1,185,1608.042,
KO+X1,1,186,1665.1311,
KO+X1,1,187,1362.3582,
KO+X1,1,188,1609.179,
KO+X1,1,189,1503.863,
KO+X1,1,190,1341.8541,
KO+X1,1,191,2448.6655,
KO+X1,1,192,2121.7051,
KO+X1,1,193,1182.1722,
KO+X1,1,194,2314.0603,
KO+X1,1,195,772.1063,
KO+X1,1,196,1519.8949,
KO+X1,1,197,1616.8822,
KO+X1,1,198,1209.683,
KO+X1,1,199,1347.2008,
KO+X1,1,200,1297.0927,
KO+X1,1,201,1416.4796,
KO+X1,1,202,1356.4785,
KO+X1,1,203,7111.874,
KO+X1,1,204,1941.5742,
KO+X1,1,205,1312.1365,
KO+X1,1,206,1438.9015,
KO+X1,1,207,1152.1025,
KO+X1,1,208,1770.8704,
KO+X1,1,209,1343.0922,
KO+X1,1,210,986.5843,
KO+X1,1,211,1680.22,
KO+X1,1,212,2402.03,
KO+X1,1,213,1147.7185,
KO+X1,1,214,1702.5702,
KO+X1,1,215,1116.3792,
KO+X1,1,216,1975.2478,
KO+X1,1,217,1838.4155,
KO+X1,1,218,1788.6525,
KO+X1,1,219,1942.2621,
KO+X1,1,220,1182.0094,
KO+X1,1,221,1587.6333,
KO+X1,1,222,1212.2799,
KO+X1,1,223,1322.0608,
KO+X1,1,224,788.175,
KO+X1,1,225,1978.7113,
KO+X1,1,226,1652.2118,
KO+X1,1,227,1461.9767,
KO+X1,1,228,2184.1831,
KO+X1,1,229,1291.7949,
KO+X1,1,230,1829.8942,
KO+X1,1,231,901.8038,
KO+X1,1,232,1132.5597,
KO+X1,1,233,1045.942,
KO+X1,1,234,1462.1558,
KO+X1,1,235,1799.8082,
KO+X1,1,236,1335.9753,
KO+X1,1,237,1525.5969,
KO+X1,1,238,1432.2513,
KO+X1,1,239,1419.3864,
KO+X1,1,240,1560.2567,
KO+X1,1,241,1089.781,
KO+X1,1,242,2711.0967,
KO+X1,1,243,2615.4534,
KO+X1,1,244,1240.7712,
KO+X1,1,245,1740.1035,
KO+X1,1,246,1297.6559,
KO+X1,1,247,1501.9355,
KO+X1,1,248,1142.4417,
KO+X1,1,249,1795.1611,
KO+X1,1,250,1906.6871,
KO+X1,1,251,2305.1777,
KO+X1,1,252,1575.0437,
KO+X1,1,253,1625.2333,
KO+X1,1,254,1054.1042,
KO+X1,1,255,1714.8354,
KO+X1,1,256,1719.05,
KO+X1,1,257,946.6484,
KO+X1,1,258,1490.9686,
KO+X1,1,259,3382.7405,
KO+X1,1,260,1222.3674,
KO+X1,1,261,1701.3358,
KO+X1,1,262,1014.1048,
KO+X1,1,263,1927.0453,
KO+X1,1,264,1827.3906,
KO+X1,1,265,1526.4567,
KO+X1,1,266,1379.3274,
KO+X1,1,267,3432.2249,
KO+X1,1,268,3022.5117,
KO+X1,1,269,1268.8087,
KO+X1,1,270,1366.5,
KO+X1,1,271,1303.3807,
KO+X1,1,272,1513.5112,
KO+X1,1,273,3714.2043,
KO+X1,1,274,2037.4956,
KO+X1,1,275,1140.0785,
KO+X1,1,276,1576.5428,
KO+X1,1,277,2300.4666,
KO+X1,1,278,1669.4036,
KO+X1,1,279,1493.0276,
KO+X1,1,280,3962.855,
KO+X1,1,281,953.5881,
KO+X1,1,282,2052.0537,
KO+X1,1,283,1399.7677,
KO+X1,1,284,2388.4919,
KO+X1,1,285,983.0864,
KO+X1,1,286,5715.4263,
KO+X1,1,287,1152.7476,
KO+X1,1,288,1803.1177,
KO+X1,1,289,1241.0164,
KO+X1,1,290,2297.2126,
KO+X1,1,291,2027.1847,
KO+X1,1,292,933.7444,
KO+X1,1,293,5566.0142,
KO+X1,1,294,1876.5762,
KO+X1,1,295,634.2901,
KO+X1,1,296,7990.5747,
KO+X1,1,297,1956.7046,
KO+X1,1,298,1511.1957,
KO+X1,1,299,2534.3279,
KO+X1,1,300,2081.8066,
KO+X1,1,301,1751.1716,
KO+X1,1,302,2435.0054,
KO+X1,1,303,2055.0444,
KO+X1,1,304,2089.0168,
KO+X1,1,305,1061.9576,
KO+X1,1,306,1581.0878,
KO+X1,1,307,2967.5735,
KO+X1,1,308,2921.96,
KO+X1,1,309,1638.0836,
KO+X1,1,310,1340.1345,
KO+X1,1,311,1521.0677,
KO+X1,1,312,1479.7045,
KO+X1,1,313,1375.8778,
KO+X1,1,314,2199.9465,
KO+X1,1,315,1752.2144,
KO+X1,1,316,1750.1571,
KO+X1,1,317,1016.9936,
KO+X1,1,318,1464.1836,
KO+X1,1,319,3171.665,
KO+X1,1,320,2330.5269,
KO+X1,1,321,1522.7075,
KO+X1,1,322,1942.4517,
KO+X1,1,323,1761.2056,
KO+X1,1,324,1514.7743,
KO+X1,1,325,1055.2795,
KO+X1,1,326,5748.0015,
KO+X1,1,327,1586.8676,
KO+X1,1,328,2250.3799,
KO+X1,1,329,1275.025,
KO+X1,1,330,1540.3734,
KO+X1,1,331,2199.4045,
KO+X1,1,332,1873.5853,
KO+X1,1,333,2371.5024,
KO+X1,1,334,1545.8861,
KO+X1,1,335,2073.6067,
KO+X1,1,336,1933.5486,
KO+X1,1,337,1922.3275,
KO+X1,1,338,1920.1721,
KO+X1,1,339,4827.541,
KO+X1,1,340,2359.97,
KO+X1,1,341,1466.7633,
KO+X1,1,342,2703.3804,
KO+X1,1,343,2365.1824,
KO+X1,1,344,2193.8137,
KO+X1,1,345,1450.6471,
KO+X1,1,346,1334.7537,
KO+X1,1,347,2900.6526,
KO+X1,1,348,3203.0315,
KO+X1,1,349,1538.2482,
KO+X1,1,350,1914.5223,
KO+X1,1,351,1093.2242,
KO+X1,1,352,1367.3605,
KO+X1,1,353,1029.1434,
KO+X1,1,354,2697.9556,
KO+X1,1,355,4359.7661,
KO+X1,1,356,2249.7444,
KO+X1,1,357,2505.9053,
KO+X1,1,358,2988.2468,
KO+X1,1,359,1863.1091,
KO+X1,1,360,3326.4575,
KO+X1,1,361,2422.5671,
KO+X1,1,362,2873.8918,
KO+X1,1,363,2332.4236,
KO+X1,1,364,2608.8989,
KO+X1,1,365,1184.4972,
KO+X1,1,366,2408.2346,
KO+X1,1,367,2704.0383,
KO+X1,1,368,2211.2549,
KO+X1,1,369,2404.4373,
KO+X1,1,370,1329.5414,
KO+X1,1,371,1511.3427,
KO+X1,1,372,1754.6277,
KO+X1,1,373,6547.3442,
KO+X1,1,374,2096.9348,
KO+X1,1,375,3682.406,
KO+X1,1,376,2982.9229,
KO+X1,1,377,2663.8301,
KO+X1,1,378,1363,
KO+X1,1,379,1678.7101,
KO+X1,1,380,1328.4242,
KO+X1,1,381,3978.2068,
KO+X1,1,382,2453.2473,
KO+X1,1,383,1479.2073,
KO+X1,1,384,2629.4895,
KO+X1,1,385,999.6966,
KO+X1,1,386,2150.6362,
KO+X1,1,387,4575.6782,
KO+X1,1,388,2098.5562,
KO+X1,1,389,1904.2256,
KO+X1,1,390,1575.3,
KO+X1,1,391,2491.9382,
KO+X1,1,392,1920.8136,
KO+X1,1,393,3917.926,
KO+X1,1,394,2185.9663,
KO+X1,1,395,1429.1699,
KO+X1,1,396,2607.3477,
KO+X1,1,397,2627.6775,
KO+X1,1,398,3124.2288,
KO+X1,1,399,1777.1553,
KO+X1,1,400,1759.6997,
KO+X1,1,401,1171.8909,
KO+X1,1,402,4766.3125,
KO+X1,1,403,3184.0254,
KO+X1,1,404,1597.199,
KO+X1,1,405,2355.4937,
KO+X1,1,406,2528.9673,
KO+X1,1,407,1458.8979,
KO+X1,1,408,2295.9587,
KO+X1,1,409,2579.2031,
KO+X1,1,410,1367.6493,
KO+X1,1,411,1857.425,
KO+X1,1,412,2676.9634,
KO+X1,1,413,1515.7765,
KO+X1,1,414,2658.6716,
KO+X1,1,415,3149.9148,
KO+X1,1,416,917.834,
KO+X1,1,417,3101.8459,
KO+X1,1,418,1573.4485,
KO+X1,1,419,2272.3828,
KO+X1,1,420,1679.0552,
KO+X1,1,421,2470.6472,
KO+X1,1,422,3645.4783,
KO+X1,1,423,949.8712,
KO+X1,1,424,1300.355,
KO+X1,1,425,1465.5889,
KO+X1,1,426,1857.98,
KO+X1,1,427,1786.4836,
KO+X1,1,428,3210.1543,
KO+X1,1,429,2211.5342,
KO+X1,1,430,1202.0942,
KO+X1,1,431,2548.7803,
KO+X1,1,432,3782.8406,
KO+X1,1,433,2062.2412,
KO+X1,1,434,1944.1887,
KO+X1,1,435,1590.3616,
KO+X1,1,436,2673.8318,
KO+X1,1,437,1481.4203,
KO+X1,1,438,1616.4294,
KO+X1,1,439,2241.9919,
KO+X1,1,440,2375.2905,
KO+X1,1,441,1480.6461,
KO+X1,1,442,2281.9395,
KO+X1,1,443,1448.8818,
KO+X1,1,444,2686.2034,
KO+X1,1,445,1803.4127,
KO+X1,1,446,3251.3083,
KO+X1,1,447,2342.4597,
KO+X1,1,448,2107.8911,
KO+X1,1,449,2425.0342,
KO+X1,1,450,966.669,
KO+X1,1,451,3466.9236,
KO+X1,1,452,2042.437,
KO+X1,1,453,3518.1924,
KO+X1,1,454,3977.6462,
KO+X1,1,455,2153.521,
KO+X1,1,456,1542.9423,
KO+X1,1,457,2037.0605,
KO+X1,1,458,2744.1191,
KO+X1,1,459,2167.7151,
KO+X1,1,460,1259.3916,
KO+X1,1,461,1741.3287,
KO+X1,1,462,1453.6653,
KO+X1,1,463,1542.8572,
KO+X1,1,464,2511.1433,
KO+X1,1,465,2965.1489,
KO+X1,1,466,1467.826,
KO+X1,1,467,1940.8931,
KO+X1,1,468,1609.719,
KO+X1,1,469,2343.79,
KO+X1,1,470,3587.8416,
KO+X1,1,471,2370.8323,
KO+X1,1,472,2487.7014,
KO+X1,1,473,1598.9572,
KO+X1,1,474,3069.5913,
KO+X1,1,475,2272.8926,
KO+X1,1,476,2065.6697,
KO+X1,1,477,3182.6699,
KO+X1,1,478,1217.8943,
KO+X1,1,479,3470.3931,
KO+X1,1,480,3272.4045,
KO+X1,1,481,3857.5217,
KO+X1,1,482,1620.3413,
KO+X1,1,483,1762.1621,
KO+X1,1,484,1943.9053,
KO+X1,1,485,4803.9233,
KO+X1,1,486,1640.972,
KO+X1,1,487,2148.6023,
KO+X1,1,488,2248.8516,
KO+X1,1,489,2231.7449,
KO+X1,1,490,3264.8176,
KO+X1,1,491,1495.7844,
KO+X1,1,492,4457.8418,
KO+X1,1,493,3022.3782,
KO+X1,1,494,1498.0079,
KO+X1,1,495,1829.856,
KO+X1,1,496,2332.0574,
KO+X1,1,497,1724.1627,
KO+X1,1,498,3466.49,
KO+X1,1,499,3610.5957,
KO+X1,1,500,4392.6924,
KO+X1,1,501,2309.6082,
KO+X1,1,502,1550.1119,
KO+X1,1,503,1506.0658,
KO+X1,1,504,1522.4908,
KO+X1,1,505,1925.6587,
KO+X1,1,506,1274.1737,
KO+X1,1,507,2420.189,
KO+X1,1,508,8420.8096,
KO+X1,1,509,1633.5656,
KO+X1,1,510,1563.6715,
KO+X1,1,511,2296.1936,
KO+X1,1,512,2020.5162,
KO+X1,1,513,3348.7903,
KO+X1,1,514,2542.8,
KO+X1,1,515,939.6907,
KO+X1,1,516,1395.3383,
KO+X1,1,517,2608.9609,
KO+X1,1,518,1315.4597,
KO+X1,1,519,2377.2385,
KO+X1,1,520,2175.6477,
KO+X1,1,521,2966.0984,
KO+X1,1,522,1390.3867,
KO+X1,1,523,2116.3398,
KO+X1,1,524,3294.1526,
KO+X1,1,525,1941.354,
KO+X1,1,526,2527.4531,
KO+X1,1,527,3585.2637,
KO+X1,1,528,4429.8423,
KO+X1,1,529,1267.5642,
KO+X1,1,530,1629.3674,
KO+X1,1,531,2829.5227,
KO+X1,1,532,1886.2687,
KO+X1,1,533,1449.6707,
KO+X1,1,534,2462.4109,
KO+X1,1,535,2423.832,
KO+X1,1,536,2478.0928,
KO+X1,1,537,3393.4753,
KO+X1,1,538,4654.1255,
KO+X1,1,539,2039.496,
KO+X1,1,540,1536.8171,
KO+X1,1,541,3059.1228,
KO+X1,1,542,1287.2811,
KO+X1,1,543,1553.9473,
KO+X1,1,544,3064.76,
KO+X1,1,545,828.4716,
KO+X1,1,546,1813.864,
KO+X1,1,547,1361.7365,
KO+X1,1,548,2698.4512,
KO+X1,1,549,1488.002,
KO+X1,1,550,2807.2263,
KO+X1,1,551,784.582,
KO+X1,1,552,2670.5,
KO+X1,1,553,2604.4187,
KO+X1,1,554,2372.251,
KO+X1,1,555,2378.7278,
KO+X1,1,556,2722.6343,
KO+X1,1,557,1565.5581,
KO+X1,1,558,3697.8113,
KO+X1,1,559,4807.0615,
KO+X1,1,560,1374.4829,
KO+X1,1,561,1916.2056,
KO+X1,1,562,2877.5085,
KO+X1,1,563,3026.0229,
KO+X1,1,564,3678.2871,
KO+X1,1,565,2831.041,
KO+X1,1,566,2844.6011,
KO+X1,1,567,2085.3171,
KO+X1,1,568,1817.1686,
KO+X1,1,569,5018.395,
KO+X1,1,570,3189.3613,
KO+X1,1,571,1535.2262,
KO+X1,1,572,2020.4379,
KO+X1,1,573,1538.0188,
KO+X1,1,574,2838.4465,
KO+X1,1,575,1661.5748,
KO+X1,1,576,2359.697,
KO+X1,1,577,2171.1938,
KO+X1,1,578,924.5081,
KO+X1,1,579,1588.3121,
KO+X1,1,580,2496.9578,
KO+X1,1,581,3333.9966,
KO+X1,1,582,2609.1057,
KO+X1,1,583,1383.8674,
KO+X1,1,584,1030.4376,
KO+X1,1,585,1601.9363,
KO+X1,1,586,2240.2395,
KO+X1,1,587,2299.1504,
KO+X1,1,588,2602.1619,
KO+X1,1,589,1505.9135,
KO+X1,1,590,1433.3573,
KO+X1,1,591,1369.7611,
KO+X1,1,592,1690.3011,
KO+X1,1,593,1660.2313,
KO+X1,1,594,1971.9307,
KO+X1,1,595,1619.0573,
KO+X1,1,596,1430.3912,
KO+X1,1,597,6797.501,
KO+X1,1,598,2731.7778,
KO+X1,1,599,998.4988,
KO+X1,1,600,2356.0547,
KO+X1,1,601,2334.5366,
KO+X1,1,602,3374.0732,
KO+X1,1,603,2620.6584,
KO+X1,1,604,1573.4963,
KO+X1,1,605,3069.0706,
KO+X1,1,606,2008.1017,
KO+X1,1,607,2706.5205,
KO+X1,1,608,1696.8551,
KO+X1,1,609,3470.9321,
KO+X1,1,610,2314.1055,
KO+X1,1,611,2943.9822,
KO+X1,1,612,1789.0808,
KO+X1,1,613,4125.1514,
KO+X1,1,614,1861.6298,
KO+X1,1,615,2575.3376,
KO+X1,1,616,1948.8763,
KO+X1,1,617,3838.1685,
KO+X1,1,618,2179.7393,
KO+X1,1,619,2121.3896,
KO+X1,1,620,2889.9912,
KO+X1,1,621,1875.8279,
KO+X1,1,622,3365.2273,
KO+X1,1,623,1614.7162,
KO+X1,1,624,1769.4681,
KO+X1,1,625,1725.7795,
KO+X1,1,626,1764.4564,
KO+X1,1,627,2684.7429,
KO+X1,1,628,4035.6829,
KO+X1,1,629,1595.2256,
KO+X1,1,630,2669.4944,
KO+X1,1,631,1611.6794,
KO+X1,1,632,2113.7393,
KO+X1,1,633,1906.1156,
KO+X1,1,634,1487.9784,
KO+X1,1,635,2373.8796,
KO+X1,1,636,2734.4329,
KO+X1,1,637,3538.2532,
KO+X1,1,638,1492.34,
KO+X1,1,639,1789.4498,
KO+X1,1,640,2571.4951,
KO+X1,1,641,1051.1815,
KO+X1,1,642,1639.7638,
KO+X1,1,643,1587.5236,
KO+X1,1,644,2560.2327,
KO+X1,1,645,2282.7029,
KO+X1,1,646,2664.24,
KO+X1,1,647,1506.9718,
KO+X1,1,648,3526.6711,
KO+X1,1,649,3004.8672,
KO+X1,1,650,1754.6599,
KO+X1,1,651,3855.4709,
KO+X1,1,652,1668.344,
KO+X1,1,653,2571.1511,
KO+X1,1,654,2291.3503,
KO+X1,1,655,1551.3793,
KO+X1,1,656,1828.2791,
KO+X1,1,657,1330.4692,
KO+X1,1,658,1813.4657,
KO+X1,1,659,2397.6157,
KO+X1,1,660,2356.3921,
KO+X1,1,661,2050.1243,
KO+X1,1,662,1670.3063,
KO+X1,1,663,4621.7241,
KO+X1,1,664,2473.1018,
KO+X1,1,665,3441.3203,
KO+X1,1,666,3989.2593,
KO+X1,1,667,2552.363,
KO+X1,1,668,2024.4803,
KO+X1,1,669,1836.7892,
KO+X1,1,670,1543.9363,
KO+X1,1,671,1612.8884,
KO+X1,1,672,2002.6849,
KO+X1,1,673,2201.1528,
KO+X1,1,674,4435.3535,
KO+X1,1,675,2987.8728,
KO+X1,1,676,4454.4097,
KO+X1,1,677,1959.8254,
KO+X1,1,678,1630.4252,
KO+X1,1,679,1944.2261,
KO+X1,1,680,1660.3877,
KO+X1,1,681,1491.5945,
KO+X1,1,682,1943.1202,
KO+X1,1,683,5090.7529,
KO+X1,1,684,2545.9407,
KO+X1,1,685,2677.9656,
KO+X1,1,686,2480.8704,
KO+X1,1,687,1601.5576,
KO+X1,1,688,1503.8076,
KO+X1,1,689,1551.627,
KO+X1,1,690,1778.7539,
KO+X1,1,691,1892.0824,
KO+X1,1,692,3663.1868,
KO+X1,1,693,2436.5601,
KO+X1,1,694,4567.627,
KO+X1,1,695,2514.7634,
KO+X1,1,696,2899.356,
KO+X1,1,697,1804.6263,
KO+X1,1,698,2219.0942,
KO+X1,1,699,2475.3091,
KO+X1,1,700,2198.0381,
KO+X1,1,701,1963.6538,
KO+X1,1,702,1885.3695,
KO+X1,1,703,3644.0879,
KO+X1,1,704,2785.561,
KO+X1,1,705,1509.051,
KO+X1,1,706,2034.7933,
KO+X1,1,707,1534.4862,
KO+X1,1,708,1801.8671,
KO+X1,1,709,5896.7314,
KO+X1,1,710,2459.0908,
KO+X1,1,711,3141.1128,
KO+X1,1,712,2558.2207,
KO+X1,1,713,3876.6216,
KO+X1,1,714,2068.311,
KO+X1,1,715,2038.3911,
KO+X1,1,716,1517.8313,
KO+X1,1,717,3113.3015,
KO+X1,1,718,3130.2979,
KO+X1,1,719,2475.6379,
KO+X1,1,720,2489.2202,
KO+X1,1,721,2367.1482,
KO+X1,1,722,1590.0276,
KO+X1,1,723,5092.0806,
KO+X1,1,724,1618.0116,
KO+X1,1,725,1914.9888,
KO+X1,1,726,1998.9763,
KO+X1,1,727,1905.373,
KO+X1,1,728,1675.6188,
KO+X1,1,729,2067.7673,
KO+X1,1,730,2758.8372,
KO+X1,1,731,1701.7323,
KO+X1,1,732,1618.5481,
KO+X1,1,733,1880.236,
KO+X1,1,734,4349.1855,
KO+X1,1,735,3364.3628,
KO+X1,1,736,1966.5314,
KO+X1,1,737,1657.2417,
KO+X1,1,738,2275.1646,
KO+X1,1,739,1759.7677,
KO+X1,1,740,2753.1394,
KO+X1,1,741,2789.3486,
KO+X1,1,742,2055.7173,
KO+X1,1,743,2362.1504,
KO+X1,1,744,2014.0844,
KO+X1,1,745,2371.0464,
KO+X1,1,746,2481.3254,
KO+X1,1,747,2798.6384,
KO+X1,1,748,2637.2212,
KO+X1,1,749,1516.8286,
KO+X1,1,750,2842.4719,
KO+X1,1,751,2553.3833,
KO+X1,1,752,2725.2605,
KO+X1,1,753,2160.8157,
KO+X1,1,754,2213.3916,
KO+X1,1,755,2550.5063,
KO+X1,1,756,1611.0139,
KO+X1,1,757,1838.2385,
KO+X1,1,758,4381.2759,
KO+X1,1,759,1998.6548,
KO+X1,1,760,3463.2261,
KO+X1,1,761,2759.5776,
KO+X1,1,762,1375.8975,
KO+X1,1,763,3516.7124,
KO+X1,1,764,3280.1123,
KO+X1,1,765,2302,
KO+X1,1,766,2686.4934,
KO+X1,1,767,2070.8206,
KO+X1,1,768,3077.7744,
KO+X1,1,769,1706.1029,
KO+X1,1,770,2228.7383,
KO+X1,1,771,4064.5742,
KO+X1,1,772,1588.8547,
KO+X1,1,773,2366.5588,
KO+X1,1,774,3759.0486,
KO+X1,1,775,2350.9722,
KO+X1,1,776,3163.1125,
KO+X1,1,777,1900.4475,
KO+X1,1,778,2680.1946,
KO+X1,1,779,1857.5543,
KO+X1,1,780,1743.4067,
KO+X1,1,781,3368.2419,
KO+X1,1,782,2689.8572,
KO+X1,1,783,2325.5686,
KO+X1,1,784,1300.0619,
KO+X1,1,785,3149.0154,
KO+X1,1,786,3002.9414,
KO+X1,1,787,2076.8672,
KO+X1,1,788,2385.0027,
KO+X1,1,789,2471.29,
KO+X1,1,790,1652.8732,
KO+X1,1,791,3521.5312,
KO+X1,1,792,3011.3074,
KO+X1,1,793,2476.6316,
KO+X1,1,794,2916.926,
KO+X1,1,795,1604.3792,
KO+X1,1,796,2482.0935,
KO+X1,1,797,2699.0803,
KO+X1,1,798,1721.1934,
KO+X1,1,799,1740.7487,
KO+X1,1,800,1725.0994,
KO+X1,1,801,5899.4019,
KO+X1,1,802,4117.4404,
KO+X1,1,803,2795.7712,
KO+X1,1,804,1634.7164,
KO+X1,1,805,2936.6399,
KO+X1,1,806,2291.665,
KO+X1,1,807,2175.8394,
KO+X1,1,808,2274.3433,
KO+X1,1,809,2006.3844,
KO+X1,1,810,1964.2594,
KO+X1,1,811,2546.6167,
KO+X1,1,812,2082.9431,
KO+X1,1,813,2196.9834,
KO+X1,1,814,1644.4336,
KO+X1,1,815,2772.7793,
KO+X1,1,816,2701.8611,
KO+X1,1,817,1721.7695,
KO+X1,1,818,2587.3301,
KO+X1,1,819,2116.8979,
KO+X1,1,820,2989.3516,
KO+X1,1,821,2542.0142,
KO+X1,1,822,2367.3164,
KO+X1,1,823,2225.042,
KO+X1,1,824,1885.7434,
KO+X1,1,825,1827.6893,
KO+X1,1,826,1745.6917,
KO+X1,1,827,1957.7368,
KO+X1,1,828,2682.1465,
KO+X1,1,829,3624.0527,
KO+X1,1,830,1964.337,
KO+X1,1,831,2158.4854,
KO+X1,1,832,2803.0405,
KO+X1,1,833,3115.2617,
KO+X1,1,834,4552.6611,
KO+X1,1,835,2179.6155,
KO+X1,1,836,2638.3899,
KO+X1,1,837,3562.4973,
KO+X1,1,838,1708.8867,
KO+X1,1,839,3259.4048,
KO+X1,1,840,3514.3779,
KO+X1,1,841,2816.9641,
KO+X1,1,842,2246.3179,
KO+X1,1,843,1891.4976,
KO+X1,1,844,1787.3501,
KO+X1,1,845,3582.166,
KO+X1,1,846,2169.5762,
KO+X1,1,847,2767.8325,
KO+X1,1,848,3136.7163,
KO+X1,1,849,9018.9854,
KO+X1,1,850,1725.5415,
KO+X1,1,851,1977.7272,
KO+X1,1,852,2218.55,
KO+X1,1,853,3410.8486,
KO+X1,1,854,1803.1437,
KO+X1,1,855,1792.3484,
KO+X1,1,856,4270.1782,
KO+X1,1,857,3621.5085,
KO+X1,1,858,2676.8718,
KO+X1,1,859,2312.616,
KO+X1,1,860,1236.3242,
KO+X1,1,861,3348.1858,
KO+X1,1,862,1945.3254,
KO+X1,1,863,1762.2003,
KO+X1,1,864,1953.7126,
KO+X1,1,865,3577.5825,
KO+X1,1,866,4526.5703,
KO+X1,1,867,1833.9479,
KO+X1,1,868,1620.8035,
KO+X1,1,869,1976.4342,
KO+X1,1,870,2283.6274,
KO+X1,1,871,3834.3562,
KO+X1,1,872,4957.0767,
KO+X1,1,873,1928.0698,
KO+X1,1,874,1434.2336,
KO+X1,1,875,2121.1521,
KO+X1,1,876,3073.4753,
KO+X1,1,877,2507.1001,
KO+X1,1,878,3894.1433,
KO+X1,1,879,2770.6758,
KO+X1,1,880,1839.2075,
KO+X1,1,881,2892.1294,
KO+X1,1,882,1792.9912,
KO+X1,1,883,2504.4746,
KO+X1,1,884,3074.4189,
KO+X1,1,885,2599.5762,
KO+X1,1,886,2598.1912,
KO+X1,1,887,1823.5714,
KO+X1,1,888,1966.5927,
KO+X1,1,889,5178.4888,
KO+X1,1,890,2179.541,
KO+X1,1,891,2816.9443,
KO+X1,1,892,6318.5249,
KO+X1,1,893,2047.1895,
KO+X1,1,894,3672.084,
KO+X1,1,895,1713.2749,
KO+X1,1,896,4698.6416,
KO+X1,1,897,2522.5305,
KO+X1,1,898,4636.8022,
KO+X1,1,899,7065.2627,
KO+X1,1,900,1916.8186,
KO+X1,1,901,2051.3418,
KO+X1,1,902,1973.8926,
KO+X1,1,903,1760.1143,
KO+X1,1,904,1924.2246,
KO+X1,1,905,1987.8229,
KO+X1,1,906,2671.9854,
KO+X1,1,907,2605.6802,
KO+X1,1,908,1887.5686,
KO+X1,1,909,2684.9951,
KO+X1,1,910,5007.2559,
KO+X1,1,911,1996.8596,
KO+X1,1,912,3075.0632,
KO+X1,1,913,2159.4775,
KO+X1,1,914,2572.8147,
KO+X1,1,915,7011.8716,
KO+X1,1,916,2133.179,
KO+X1,1,917,1880.5719,
KO+X1,1,918,2453.1323,
KO+X1,1,919,3051.322,
KO+X1,1,920,2218.1208,
KO+X1,1,921,2381.6948,
KO+X1,1,922,5187.5508,
KO+X1,1,923,2394.7007,
KO+X1,1,924,1899.2906,
KO+X1,1,925,6213.7271,
KO+X1,1,926,1986.1311,
KO+X1,1,927,1864.8042,
KO+X1,1,928,2809.959,
KO+X1,1,929,2881.8296,
KO+X1,1,930,1705.7758,
KO+X1,1,931,3521.7334,
KO+X1,1,932,1874.0574,
KO+X1,1,933,1183.4834,
KO+X1,1,934,2953.5181,
KO+X1,1,935,2129.6116,
KO+X1,1,936,2021.4375,
KO+X1,1,937,3325.45,
KO+X1,1,938,2857.8315,
KO+X1,1,939,5579.6323,
KO+X1,1,940,2182.3884,
KO+X1,1,941,2741.1428,
KO+X1,1,942,3320.0161,
KO+X1,1,943,4906.4604,
KO+X1,1,944,1742.6639,
KO+X1,1,945,2217.6697,
KO+X1,1,946,2171.2595,
KO+X1,1,947,2012.7611,
KO+X1,1,948,3199.8796,
KO+X1,1,949,1703.7877,
KO+X1,1,950,2487.0916,
KO+X1,1,951,1998.1769,
KO+X1,1,952,5176.4917,
KO+X1,1,953,2298.0056,
KO+X1,1,954,2080.0325,
KO+X1,1,955,3667.5464,
KO+X1,1,956,2095.4792,
KO+X1,1,957,2031.0247,
KO+X1,1,958,2869.0996,
KO+X1,1,959,2639.0466,
KO+X1,1,960,2264.5969,
KO+X1,1,961,3238.7803,
KO+X1,1,962,2123.1384,
KO+X1,1,963,4444.2056,
KO+X1,1,964,2562.3,
KO+X1,1,965,2104.5657,
KO+X1,1,966,2617.989,
KO+X1,1,967,5553.5352,
KO+X1,1,968,1772.2882,
KO+X1,1,969,1705.9606,
KO+X1,1,970,1746.2852,
KO+X1,1,971,2696.1807,
KO+X1,1,972,1690.5869,
KO+X1,1,973,4636.96,
KO+X1,1,974,1668.0265,
KO+X1,1,975,2061.5764,
KO+X1,1,976,2736.0112,
KO+X1,1,977,3430.085,
KO+X1,1,978,3000.749,
KO+X1,1,979,9437.6514,
KO+X1,1,980,1888.6957,
KO+X1,1,981,1599.9872,
KO+X1,1,982,1701.7222,
KO+X1,1,983,2362.6917,
KO+X1,1,984,2430.0759,
KO+X1,1,985,2264.4482,
KO+X1,1,986,2501.4927,
KO+X1,1,987,3917.8044,
KO+X1,1,988,1721.8657,
KO+X1,1,989,3772.8452,
KO+X1,1,990,3022.7578,
KO+X1,1,991,3140.1006,
KO+X1,1,992,1709.5234,
KO+X1,1,993,1901.4556,
KO+X1,1,994,2376.4851,
KO+X1,1,995,2150.6282,
KO+X1,1,996,3048.7439,
KO+X1,1,997,3720.9048,
KO+X1,1,998,1875.3464,
KO+X1,1,999,2265.197,
KO+X1,1,1000,3625.3145,
KO+X1,1,1001,2385.0901,
KO+X1,1,1002,1588.0533,
KO+X1,1,1003,1283.1006,
KO+X1,1,1004,4243.5337,
KO+X1,1,1005,1504.7307,
KO+X1,1,1006,3816.0857,
KO+X1,1,1007,3309.9048,
KO+X1,1,1008,1988.7073,
KO+X1,1,1009,2786.0742,
KO+X1,1,1010,2950.418,
KO+X1,1,1011,2406.6448,
KO+X1,1,1012,2787.9043,
KO+X1,1,1013,3619.6423,
KO+X1,1,1014,4207.1885,
KO+X1,1,1015,1857.9847,
KO+X1,1,1016,3172.3403,
KO+X1,1,1017,5369.7656,
KO+X1,1,1018,4694.0747,
KO+X1,1,1019,3837.2668,
KO+X1,1,1020,1747.3936,
KO+X1,1,1021,3289.884,
KO+X1,1,1022,1817.7863,
KO+X1,1,1023,4497.5518,
KO+X1,1,1024,2757.3167,
KO+X1,1,1025,3350.1536,
KO+X1,1,1026,1902.2814,
KO+X1,1,1027,2242.4983,
KO+X1,1,1028,1958.4961,
KO+X1,1,1029,6217.894,
KO+X1,1,1030,5371.3223,
KO+X1,1,1031,2636.5796,
KO+X1,1,1032,4478.3921,
KO+X1,1,1033,2651.3818,
KO+X1,1,1034,3837.6367,
KO+X1,1,1035,1874.1792,
KO+X1,1,1036,4900.6177,
KO+X1,1,1037,3119.2334,
KO+X1,1,1038,2430.6536,
KO+X1,1,1039,1589.6353,
KO+X1,1,1040,3728.5173,
KO+X1,1,1041,2211.3481,
KO+X1,1,1042,3238.4097,
KO+X1,1,1043,3685.2402,
KO+X1,1,1044,4281.7446,
KO+X1,1,1045,2225.0649,
KO+X1,1,1046,3960.5862,
KO+X1,1,1047,1000.5886,
KO+X1,1,1048,1609.5604,
KO+X1,1,1049,1594.3813,
KO+X1,1,1050,1620.7531,
KO+X1,1,1051,2558.4136,
KO+X1,1,1052,4805.7812,
KO+X1,1,1053,3555.5107,
KO+X1,1,1054,1053.3627,
KO+X1,1,1055,2206.4768,
KO+X1,1,1056,1532.21,
KO+X1,1,1057,2357.7095,
KO+X1,1,1058,1706.4315,
KO+X1,1,1059,4494.4751,
KO+X1,1,1060,1735.5056,
KO+X1,1,1061,4504.0264,
KO+X1,1,1062,1675.1392,
KO+X1,1,1063,1576.3254,
KO+X1,1,1064,3186.8293,
KO+X1,1,1065,1552.5625,
KO+X1,1,1066,1770.27,
KO+X1,1,1067,3190.083,
KO+X1,1,1068,4787.9033,
KO+X1,1,1069,2578.1726,
KO+X1,1,1070,3118.21,
KO+X1,1,1071,5125.7773,
KO+X1,1,1072,3391.6223,
KO+X1,1,1073,3407.061,
KO+X1,1,1074,10440.3994,
KO+X1,1,1075,11576.8223,
KO+X1,1,1076,1988.4091,
KO+X1,1,1077,1741.7128,
KO+X1,1,1078,2984.6938,
KO+X1,1,1079,1793.4213,
KO+X1,1,1080,7867.418,
KO+X1,1,1081,4669.252,
KO+X1,1,1082,3967.2686,
KO+X1,1,1083,1860.0448,
KO+X1,1,1084,1874.2357,
KO+X1,1,1085,2714.6099,
KO+X1,1,1086,5448.1157,
KO+X1,1,1087,1656.9281,
KO+X1,1,1088,5035.0039,
KO+X1,1,1089,1724.3433,
KO+X1,1,1090,2404.8909,
KO+X1,1,1091,2432.9229,
KO+X1,1,1092,9042.3545,
KO+X1,1,1093,1683.3287,
KO+X1,1,1094,3780.0837,
KO+X1,1,1095,2072.4783,
KO+X1,1,1096,1099.7996,
KO+X1,1,1097,2403.7361,
KO+X1,1,1098,6121.3237,
KO+X1,1,1099,2929.1353,
KO+X1,1,1100,2045.3376,
KO+X1,1,1101,5361.4751,
KO+X1,1,1102,3127.4644,
KO+X1,1,1103,6185.6079,
KO+X1,1,1104,956.951,
KO+X1,1,1105,1637.9601,
KO+X1,1,1106,2575.8459,
KO+X1,1,1107,3256.3623,
KO+X1,1,1108,4986.1753,
KO+X1,1,1109,1420.7612,
KO+X1,1,1110,2255.5728,
KO+X1,1,1111,17704.9922,
KO+X1,1,1112,2737.8794,
KO+X1,1,1113,1894.1775,
KO+X1,1,1114,1597.625,
KO+X1,1,1115,1647.5564,
KO+X1,1,1116,4329.3604,
KO+X1,1,1117,1690.5918,
KO+X1,1,1118,2915.606,
KO+X1,1,1119,7609.6865,
KO+X1,1,1120,6583.7998,
KO+X1,1,1121,10361.9365,
KO+X1,1,1122,2972.9629,
KO+X1,1,1123,1825.2158,
KO+X1,1,1124,2482.9729,
KO+X1,1,1125,4640.9248,
KO+X1,1,1126,1993.6565,
KO+X1,1,1127,2117.5229,
KO+X1,1,1128,2348.6382,
KO+X1,1,1129,3368.0674,
KO+X1,1,1130,1710.7336,
KO+X1,1,1131,1694.2151,
KO+X1,1,1132,4619.8564,
KO+X1,1,1133,10106.5879,
KO+X1,1,1134,3060.7363,
KO+X1,1,1135,12083.8633,
KO+X1,1,1136,3621.7734,
KO+X1,1,1137,1631.5918,
KO+X1,1,1138,1571.729,
KO+X1,1,1139,2273.5696,
KO+X1,1,1140,1808.9961,
KO+X1,1,1141,3585.3999,
KO+X1,1,1142,3118.8784,
KO+X1,1,1143,2756.3191,
KO+X1,1,1144,1650.5166,
KO+X1,1,1145,6268.75,
KO+X1,1,1146,9822.3057,
KO+X1,1,1147,3137.6257,
KO+X1,1,1148,7663.5889,
KO+X1,1,1149,6477.9536,
KO+X1,1,1150,1646.5912,
KO+X1,1,1151,3177.1521,
KO+X1,1,1152,3134.8462,
KO+X1,1,1153,5764.3286,
KO+X1,1,1154,3925.3662,
KO+X1,1,1155,2007.9364,
KO+X1,1,1156,2158.8955,
KO+X1,1,1157,2589.3503,
KO+X1,1,1158,2634.9546,
KO+X1,1,1159,2811.9839,
KO+X1,1,1160,1952.4313,
KO+X1,1,1161,4828.2246,
KO+X1,1,1162,1714.7419,
KO+X1,1,1163,5154.1348,
KO+X1,1,1164,1546.4404,
KO+X1,1,1165,2784.8792,
KO+X1,1,1166,6655.6211,
KO+X1,1,1167,8628.3301,
KO+X1,1,1168,1686.9564,
KO+X1,1,1169,3031.2393,
KO+X1,1,1170,2796.4766,
KO+X1,1,1171,1539.5272,
KO+X1,1,1172,7314.252,
KO+X1,1,1173,1555.6437,
KO+X1,1,1174,1632.7638,
KO+X1,1,1175,2159.5378,
KO+X1,1,1176,5202.3076,
KO+X1,1,1177,2824.3591,
KO+X1,1,1178,3153.9956,
KO+X1,1,1179,2624.6279,
KO+X1,1,1180,1664.9651,
KO+X1,1,1181,2961.2659,
KO+X1,1,1182,1339.6035,
KO+X1,1,1183,1460.8608,
KO+X1,1,1184,6162.3584,
KO+X1,1,1185,2441.3521,
KO+X1,1,1186,1575.9294,
KO+X1,1,1187,6780.5083,
KO+X1,1,1188,3550.1992,
KO+X1,1,1189,1717.6367,
KO+X1,1,1190,1578.2076,
KO+X1,1,1191,2405.8484,
KO+X1,1,1192,3806.3755,
KO+X1,1,1193,1463,
KO+X1,1,1194,1839.071,
KO+X1,1,1195,4116.2666,
KO+X1,1,1196,2362.0452,
KO+X1,1,1197,1510.9807,
KO+X1,1,1198,7016.9082,
KO+X1,1,1199,8275.1143,
KO+X1,1,1200,2056.2512,
KO+X1,1,1201,1602.556,
KO+X1,1,1202,2068.3108,
KO+X1,1,1203,5479.5415,
KO+X1,1,1204,4760.6445,
KO+X1,1,1205,1089.891,
KO+X1,1,1206,1817.7833,
KO+X1,1,1207,2014.4379,
KO+X1,1,1208,1892.5231,
KO+X1,1,1209,1559.4764,
KO+X1,1,1210,1688.5714,
KO+X1,1,1211,3860.0552,
KO+X1,1,1212,1451.9644,
KO+X1,1,1213,1524.9784,
KO+X1,1,1214,5256.5234,
KO+X1,1,1215,4140.9033,
KO+X1,1,1216,1778,
KO+X1,1,1217,2005.2769,
KO+X1,1,1218,1981.7697,
KO+X1,1,1219,1518.1394,
KO+X1,1,1220,1458.908,
KO+X1,1,1221,1563.9727,
KO+X1,1,1222,1518.9677,
KO+X1,1,1223,1913.5771,
KO+X1,1,1224,6845.6655,
KO+X1,1,1225,1683.9146,
KO+X1,1,1226,1628.0681,
KO+X1,1,1227,1749.9858,
KO+X1,1,1228,1764.6716,
KO+X1,1,1229,4740.1895,
KO+X1,1,1230,2033.1217,
KO+X1,1,1231,1861.2412,
KO+X1,1,1232,2748.2292,
KO+X1,1,1233,1944.448,
KO+X1,1,1234,5578.856,
KO+X1,1,1235,1595.3608,
KO+X1,1,1236,5276.2661,
KO+X1,1,1237,1972.4619,
KO+X1,1,1238,1768.755,
KO+X1,1,1239,3503.1357,
KO+X1,1,1240,2881.3389,
KO+X1,1,1241,1620.9551,
KO+X1,1,1242,1691.6033,
KO+X1,1,1243,1451.8552,
KO+X1,1,1244,876.8416,
KO+X1,1,1245,1529.5709,
KO+X1,1,1246,6208.4062,
KO+X1,1,1247,1663.3926,
KO+X1,1,1248,1390.6864,
KO+X1,1,1249,1401.4745,
KO+X1,1,1250,1737.5293,
KO+X1,1,1251,1856.4539,
KO+X1,1,1252,2946.7576,
KO+X1,1,1253,1730.5186,
KO+X1,1,1254,2594.1714,
KO+X1,1,1255,1898.5693,
KO+X1,1,1256,1474.8838,
KO+X1,1,1257,1472.9381,
KO+X1,1,1258,1626.6857,
KO+X1,1,1259,1767.0946,
KO+X1,1,1260,2869.3398,
KO+X1,1,1261,2858.1584,
KO+X1,1,1262,1467.8947,
KO+X1,1,1263,1495.1523,
KO+X1,1,1264,8744.9697,
KO+X1,1,1265,1791.3915,
KO+X1,1,1266,1206.1833,
KO+X1,1,1267,4590.6743,
KO+X1,1,1268,1631.0922,
KO+X1,1,1269,1597.7588,
KO+X1,1,1270,2082.8374,
KO+X1,1,1271,1396.6298,
KO+X1,1,1272,2054.3711,
KO+X1,1,1273,1935.2732,
KO+X1,1,1274,1645.5427,
KO+X1,1,1275,1572.7386,
KO+X1,1,1276,1846.2979,
KO+X1,1,1277,2416.2407,
KO+X1,1,1278,1325.5859,
KO+X1,1,1279,1315.7808,
KO+X1,1,1280,2123.7461,
KO+X1,1,1281,1420.9061,
KO+X1,1,1282,1747.6648,
KO+X1,1,1283,1549.1051,
KO+X1,1,1284,1719.9716,
KO+X1,1,1285,3297.9712,
KO+X1,1,1286,1880.4728,
KO+X1,1,1287,1517.5388,
KO+X1,1,1288,1434,
KO+X1,1,1289,2843.8564,
KO+X1,1,1290,9666.2031,
KO+X1,1,1291,1457.0228,
KO+X1,1,1292,1775.5868,
KO+X1,1,1293,2065.3682,
KO+X1,1,1294,1722.3499,
KO+X1,1,1295,1658.2163,
KO+X1,1,1296,1392.4764,
KO+X1,1,1297,6114.3584,
KO+X1,1,1298,1052.6458,
KO+X1,1,1299,1662.2166,
KO+X1,1,1300,1765.483,
KO+X1,1,1301,1756.1852,
KO+X1,1,1302,1684.7146,
KO+X1,1,1303,1635.3059,
KO+X1,1,1304,1489.1787,
KO+X1,1,1305,1583.5929,
KO+X1,1,1306,1728.25,
KO+X1,1,1307,1420.3616,
KO+X1,1,1308,3094.1072,
KO+X1,1,1309,1452.6866,
KO+X1,1,1310,1542.6892,
KO+X1,1,1311,2179.2568,
KO+X1,1,1312,1572.7081,
KO+X1,1,1313,1510.4327,
KO+X1,1,1314,4537.5352,
KO+X1,1,1315,2755.2573,
KO+X1,1,1316,1463.7128,
KO+X1,1,1317,2342.2214,
KO+X1,1,1318,2940.2747,
KO+X1,1,1319,1422.5131,
KO+X1,1,1320,1609.3756,
KO+X1,1,1321,5870.3643,
KO+X1,1,1322,6500.2617,
KO+X1,1,1323,1673.078,
KO+X1,1,1324,985.7672,
KO+X1,1,1325,1854.9331,
KO+X1,1,1326,1559.8535,
KO+X1,1,1327,1688.0488,
KO+X1,1,1328,1145.3076,
KO+X1,1,1329,1187.3357,
KO+X1,1,1330,1516.9576,
KO+X1,1,1331,1394.6528,
KO+X1,1,1332,6242.4058,
KO+X1,1,1333,1585.4943,
KO+X1,1,1334,1286.0649,
KO+X1,1,1335,1366.3582,
KO+X1,1,1336,1259.8127,
KO+X1,1,1337,2195.0425,
KO+X1,1,1338,1205.0588,
KO+X1,1,1339,2020.4642,
KO+X1,1,1340,1566.542,
KO+X1,1,1341,4171.1455,
KO+X1,1,1342,1436.8651,
KO+X1,1,1343,1615.8214,
KO+X1,1,1344,2026.4686,
KO+X1,1,1345,2835.0349,
KO+X1,1,1346,1585.5435,
KO+X1,1,1347,1906.2053,
KO+X1,1,1348,969.2354,
KO+X1,1,1349,2050.5745,
KO+X1,1,1350,4090.2937,
KO+X1,1,1351,1832.2072,
KO+X1,1,1352,2143.5322,
KO+X1,1,1353,2802.6318,
KO+X1,1,1354,1346.2228,
KO+X1,1,1355,1427.3464,
KO+X1,1,1356,1541.1135,
KO+X1,1,1357,1510.2484,
KO+X1,1,1358,1820.702,
KO+X1,1,1359,2713.8413,
KO+X1,1,1360,1512.3636,
KO+X1,1,1361,844.5988,
KO+X1,1,1362,1339.0714,
KO+X1,1,1363,2607.5623,
KO+X1,1,1364,1611.6754,
KO+X1,1,1365,1407.436,
KO+X1,1,1366,3442.938,
KO+X1,1,1367,3797.8721,
KO+X1,1,1368,1469.3984,
KO+X1,1,1369,1797.8075,
KO+X1,1,1370,2390.2576,
KO+X1,1,1371,1379.683,
KO+X1,1,1372,1084.9692,
KO+X1,1,1373,1443.713,
KO+X1,1,1374,1585.9009,
KO+X1,1,1375,2288.5159,
KO+X1,1,1376,2557.5674,
KO+X1,1,1377,1633.8743,
KO+X1,1,1378,1242.8975,
KO+X1,1,1379,1250.9445,
KO+X1,1,1380,1964.8859,
KO+X1,1,1381,1139.9769,
KO+X1,1,1382,2226.7368,
KO+X1,1,1383,2022.1316,
KO+X1,1,1384,673.629,
KO+X1,1,1385,3317.7922,
KO+X1,1,1386,1506.8673,
KO+X1,1,1387,4752.1631,
KO+X1,1,1388,3214.5271,
KO+X1,1,1389,1967,
KO+X1,1,1390,1838.7532,
KO+X1,1,1391,884.3212,
KO+X1,1,1392,1236.2986,
KO+X1,1,1393,912.5768,
KO+X1,1,1394,3758.05,
KO+X1,1,1395,932.069,
KO+X1,1,1396,1340.7623,
KO+X1,1,1397,1307.1703,
KO+X1,1,1398,1876.8407,
KO+X1,1,1399,1085.9286,
KO+X1,1,1400,1475.1846,
KO+X1,1,1401,3690.3242,
KO+X1,1,1402,3245.7944,
KO+X1,1,1403,2058.8513,
KO+X1,1,1404,1394.4944,
KO+X1,1,1405,1008.0378,
KO+X1,1,1406,3949.8518,
KO+X1,1,1407,2860.2124,
KO+X1,1,1408,1234.5066,
KO+X1,1,1409,2368.6187,
KO+X1,1,1410,5873.853,
KO+X1,1,1411,2793.9707,
KO+X1,1,1412,891.1182,
KO+X1,1,1413,1380.1937,
KO+X1,1,1414,1369.2513,
KO+X1,1,1415,2571.7896,
KO+X1,1,1416,4229.5781,
KO+X1,1,1417,1731.1387,
KO+X1,1,1418,1255.7614,
KO+X1,1,1419,1288.8938,
KO+X1,1,1420,1429.6709,
KO+X1,1,1421,996.1627,
KO+X1,1,1422,6148.0581,
KO+X1,1,1423,956.6066,
KO+X1,1,1424,740.4492,
KO+X1,1,1425,1756.1588,
KO+X1,1,1426,1371.2172,
KO+X1,1,1427,1894.463,
KO+X1,1,1428,5425.4326,
KO+X1,1,1429,1452.5046,
KO+X1,1,1430,1737.0907,
KO+X1,1,1431,1584.3704,
KO+X1,1,1432,1649.3824,
KO+X1,1,1433,1450.1428,
KO+X1,1,1434,1334.8068,
KO+X1,1,1435,1586.1294,
KO+X1,1,1436,928.8719,
KO+X1,1,1437,1441.1095,
KO+X1,1,1438,1230.1962,
KO+X1,1,1439,3490.1821,
KO+X1,1,1440,1328.5968,
KO+X1,1,1441,1333.1078,
KO+X1,1,1442,1499.0115,
KO+X1,1,1443,1236.3309,
KO+X1,1,1444,587.6683,
KO+X1,1,1445,4827.9507,
KO+X1,1,1446,1458.5925,
KO+X1,1,1447,1655.217,
KO+X1,1,1448,2252.561,
KO+X1,1,1449,1111.7582,
KO+X1,1,1450,2290.1157,
KO+X1,1,1451,1259.5438,
KO+X1,1,1452,1536.4856,
KO+X1,1,1453,1724.7203,
KO+X1,1,1454,2713.2119,
KO+X1,1,1455,1383.4324,
KO+X1,1,1456,1579.9626,
KO+X1,1,1457,1161.4429,
KO+X1,1,1458,1372.6466,
KO+X1,1,1459,1364.4349,
KO+X1,1,1460,5024.916,
KO+X1,1,1461,1255.9023,
KO+X1,1,1462,1632.7902,
KO+X1,1,1463,1362.5676,
KO+X1,1,1464,2313.7769,
KO+X1,1,1465,1340.4832,
KO+X1,1,1466,1391.3967,
KO+X1,1,1467,3977.5964,
KO+X1,1,1468,1177.7327,
KO+X1,1,1469,2332.8987,
KO+X1,1,1470,1216.0734,
KO+X1,1,1471,1541.3108,
KO+X1,1,1472,1305.8322,
KO+X1,1,1473,1391.6802,
KO+X1,1,1474,1071.5232,
KO+X1,1,1475,1362.0162,
KO+X1,1,1476,2552.1201,
KO+X1,1,1477,1204.675,
KO+X1,1,1478,1276.9387,
KO+X1,1,1479,2358.0447,
KO+X1,1,1480,1207.931,
KO+X1,1,1481,982.6947,
KO+X1,1,1482,1416.8438,
KO+X1,1,1483,1151.7026,
KO+X1,1,1484,1297.2312,
KO+X1,1,1485,1297.7935,
KO+X1,1,1486,1051.2086,
KO+X1,1,1487,1157.655,
KO+X1,1,1488,823.7592,
KO+X1,1,1489,1417.1512,
KO+X1,1,1490,1287.2355,
KO+X1,1,1491,1208.3763,
KO+X1,1,1492,1354.056,
KO+X1,1,1493,916.9182,
KO+X1,1,1494,1284.7059,
KO+X1,1,1495,1140.7019,
KO+X1,1,1496,1403.1478,
KO+X1,1,1497,873.6938,
KO+X1,1,1498,559.408,
KO+X1,1,1499,1063.9316,
KO+X1,1,1500,1364.498,
KO+X1,1,1501,1039.493,
KO+X1,1,1502,582.1948,
KO+X1,1,1503,870.0699,
KO+X1,1,1504,984.3476,
KO+X1,1,1505,989.3869,
KO+X1,1,1506,811.2825,
KO+X1,1,1507,572.0574,
KO+X1,1,1508,1015.0448,
