Group,Subcolumn,Source_row,Value,Excluded
WT,1,1,353.56,
WT,1,2,456.8082,
WT,1,3,350.5974,
WT,1,4,553.7675,
WT,1,5,355.88,
WT,1,6,717.8235,
WT,1,7,490.9643,
WT,1,8,422.8281,
WT,1,9,436.4203,
WT,1,10,483.0074,
WT,1,11,377.725,
WT,1,12,500.0882,
WT,1,13,375.3608,
WT,1,14,525.6588,
WT,1,15,423.8657,
WT,1,16,523.7692,
WT,1,17,339.2419,
WT,1,18,485.369,
WT,1,19,1517.4182,
WT,1,20,585.1844,
WT,1,21,342,
WT,1,22,1027.3334,
WT,1,23,390.2857,
WT,1,24,467.3243,
WT,1,25,365.3451,
WT,1,26,790.6424,
WT,1,27,573.7692,
WT,1,28,389.2363,
WT,1,29,474.6855,
WT,1,30,298.3537,
WT,1,31,1103.3793,
WT,1,32,499.4766,
WT,1,33,377.9565,
WT,1,34,441.1416,
WT,1,35,495.6398,
WT,1,36,1906.875,
WT,1,37,895.3723,
WT,1,38,1027.1709,
WT,1,39,312.303,
WT,1,40,337.3617,
WT,1,41,395.194,
WT,1,42,502.203,
WT,1,43,272.3185,
WT,1,44,550.9062,
WT,1,45,291.2397,
WT,1,46,505.1945,
WT,1,47,346.2703,
WT,1,48,347.4041,
WT,1,49,319.4407,
WT,1,50,521.0659,
WT,1,51,385.9489,
WT,1,52,800.8455,
WT,1,53,414.3667,
WT,1,54,329.949,
WT,1,55,485.2658,
WT,1,56,548.3704,
WT,1,57,671.5782,
WT,1,58,561.8965,
WT,1,59,586.0941,
WT,1,60,293.6899,
WT,1,61,519,
WT,1,62,555.313,
WT,1,63,539.7,
WT,1,64,489.4,
WT,1,65,376.1416,
WT,1,66,694.5363,
WT,1,67,272.2,
WT,1,68,838.9445,
WT,1,69,914.8,
WT,1,70,407.6493,
WT,1,71,3104.9321,
WT,1,72,643.9702,
WT,1,73,882.6275,
WT,1,74,693.8305,
WT,1,75,479.5555,
WT,1,76,529.9565,
WT,1,77,476.4615,
WT,1,78,290.72,
WT,1,79,320.9853,
WT,1,80,578.7586,
WT,1,81,400.1454,
WT,1,82,401.2982,
WT,1,83,348.2419,
WT,1,84,2325.3479,
WT,1,85,617.0298,
WT,1,86,683.1719,
WT,1,87,604.4365,
WT,1,88,447.1691,
WT,1,89,378.2398,
WT,1,90,416.0686,
WT,1,91,934.7037,
WT,1,92,538.1543,
WT,1,93,841.0353,
WT,1,94,437.9884,
WT,1,95,1236.9286,
WT,1,96,1264.1538,
WT,1,97,596.8823,
WT,1,98,279.5217,
WT,1,99,418.6407,
WT,1,100,299.681,
WT,1,101,311.314,
WT,1,102,333.8356,
WT,1,103,707.44,
WT,1,104,598.4752,
WT,1,105,403.8625,
WT,1,106,392.4222,
WT,1,107,293.2264,
WT,1,108,394.7574,
WT,1,109,585.4375,
WT,1,110,806.2827,
WT,1,111,432.8034,
WT,1,112,1732.1467,
WT,1,113,475.2157,
WT,1,114,557.7963,
WT,1,115,553.012,
WT,1,116,488.7826,
WT,1,117,302.5263,
WT,1,118,402.1753,
WT,1,119,527.4865,
WT,1,120,494.6491,
WT,1,121,508.0747,
WT,1,122,645.2576,
WT,1,123,551.5641,
WT,1,124,381.1311,
WT,1,125,1426.3905,
WT,1,126,2402.7561,
WT,1,127,1152.6183,
WT,1,128,412.093,
WT,1,129,555.0275,
WT,1,130,602.1901,
WT,1,131,571.082,
WT,1,132,576.5942,
WT,1,133,383.1908,
WT,1,134,658.7722,
WT,1,135,396.7843,
WT,1,136,607.8961,
WT,1,137,859.8546,
WT,1,138,353.6863,
WT,1,139,548.0617,
WT,1,140,558.7387,
WT,1,141,588.1429,
WT,1,142,303.4014,
WT,1,143,591.2941,
WT,1,144,404.0606,
WT,1,145,607.9398,
WT,1,146,777.8095,
WT,1,147,454.6389,
WT,1,148,416.195,
WT,1,149,1012.0588,
WT,1,150,1384.177,
WT,1,151,1420.6235,
WT,1,152,466.8265,
WT,1,153,261.1127,
WT,1,154,480.9697,
WT,1,155,297.0833,
WT,1,156,449.6685,
WT,1,157,587.9474,
WT,1,158,546.6491,
WT,1,159,548.4578,
WT,1,160,676.8087,
WT,1,161,1082.0164,
WT,1,162,492.0526,
WT,1,163,747.5125,
WT,1,164,546.1166,
WT,1,165,800.5833,
WT,1,166,1228.8823,
WT,1,167,2242.1648,
WT,1,168,835.0341,
WT,1,169,308.7481,
WT,1,170,851.6908,
WT,1,171,678.3173,
WT,1,172,350.4712,
WT,1,173,564.3854,
WT,1,174,504.8247,
WT,1,175,360.3148,
WT,1,176,350.5533,
WT,1,177,1345.4773,
WT,1,178,353,
WT,1,179,424.0898,
WT,1,180,572.5211,
WT,1,181,818.9418,
WT,1,182,658.1151,
WT,1,183,377.9709,
WT,1,184,550.0811,
WT,1,185,418.6966,
WT,1,186,282.1803,
WT,1,187,1010.9773,
WT,1,188,700.5474,
WT,1,189,728.0933,
WT,1,190,312.4051,
WT,1,191,788.4889,
WT,1,192,475.1447,
WT,1,193,626.4035,
WT,1,194,773.4387,
WT,1,195,542.5785,
WT,1,196,1091.3959,
WT,1,197,1970.2947,
WT,1,198,641.12,
WT,1,199,344.6607,
WT,1,200,1636.1,
WT,1,201,295.1461,
WT,1,202,357.6146,
WT,1,203,379.2982,
WT,1,204,732.3898,
WT,1,205,645.528,
WT,1,206,716.9903,
WT,1,207,495.6136,
WT,1,208,1251.2135,
WT,1,209,638.9117,
WT,1,210,576.0797,
WT,1,211,480.3951,
WT,1,212,539.632,
WT,1,213,400.8798,
WT,1,214,315.1364,
WT,1,215,418.75,
WT,1,216,1017.5792,
WT,1,217,866.25,
WT,1,218,1316.4554,
WT,1,219,983.8947,
WT,1,220,466.6011,
WT,1,221,500.5234,
WT,1,222,1029.6339,
WT,1,223,1740.0125,
WT,1,224,2427.7874,
WT,1,225,488.7963,
WT,1,226,572.2137,
WT,1,227,441.1848,
WT,1,228,452.5349,
WT,1,229,823.2308,
WT,1,230,802.6857,
WT,1,231,489.5659,
WT,1,232,1012.7985,
WT,1,233,883.4266,
WT,1,234,483.3379,
WT,1,235,806.5238,
WT,1,236,507.5349,
WT,1,237,3529.0845,
WT,1,238,333.2295,
WT,1,239,501.2997,
WT,1,240,985.1364,
WT,1,241,1462.9722,
WT,1,242,844.983,
WT,1,243,4626.9756,
WT,1,244,590.0526,
WT,1,245,401.0769,
WT,1,246,1204.0111,
WT,1,247,357.1465,
WT,1,248,696.1224,
WT,1,249,908.9464,
WT,1,250,731.8041,
WT,1,251,675.7945,
WT,1,252,449.6667,
WT,1,253,957.4675,
WT,1,254,1344.5555,
WT,1,255,542.3295,
WT,1,256,502.3117,
WT,1,257,374.3864,
WT,1,258,327.408,
WT,1,259,351.086,
WT,1,260,572.1875,
WT,1,261,2420.3953,
WT,1,262,342.875,
WT,1,263,378.1682,
WT,1,264,492.5962,
WT,1,265,939.6448,
WT,1,266,976.402,
WT,1,267,828.8495,
WT,1,268,835.4957,
WT,1,269,1439.2222,
WT,1,270,350.2441,
WT,1,271,446.5645,
WT,1,272,1913.7356,
WT,1,273,647.2192,
WT,1,274,780.0793,
WT,1,275,970.4615,
WT,1,276,547.9449,
WT,1,277,516.397,
WT,1,278,490.8421,
WT,1,279,602.6901,
WT,1,280,968.1,
WT,1,281,927.8279,
WT,1,282,345.4783,
WT,1,283,383.6046,
WT,1,284,722.5806,
WT,1,285,541.125,
WT,1,286,1006.4445,
WT,1,287,507.5929,
WT,1,288,780.5268,
WT,1,289,763.339,
WT,1,290,471.1899,
WT,1,291,760.1634,
WT,1,292,823.8486,
WT,1,293,4019.1719,
WT,1,294,538.7013,
WT,1,295,696.25,
WT,1,296,479.0133,
WT,1,297,451.0417,
WT,1,298,849.7131,
WT,1,299,522.3879,
WT,1,300,316.0268,
WT,1,301,704.6035,
WT,1,302,898.544,
WT,1,303,256.4528,
WT,1,304,825.0769,
WT,1,305,1059.3182,
WT,1,306,3175.9883,
WT,1,307,592.1774,
WT,1,308,2119,
WT,1,309,413.9118,
WT,1,310,716.6146,
WT,1,311,922.37,
WT,1,312,895.8167,
WT,1,313,686.7857,
WT,1,314,777.2917,
WT,1,315,873.9445,
WT,1,316,899.5175,
WT,1,317,283.8667,
WT,1,318,716.1475,
WT,1,319,508.9274,
WT,1,320,857.887,
WT,1,321,3134.6819,
WT,1,322,909.2637,
WT,1,323,399.4102,
WT,1,324,1680.3334,
WT,1,325,299.2131,
WT,1,326,2317.3333,
WT,1,327,932.8295,
WT,1,328,2353.1924,
WT,1,329,827.2754,
WT,1,330,479.1055,
WT,1,331,1477.7593,
WT,1,332,681.9241,
WT,1,333,759.3658,
WT,1,334,374.7442,
WT,1,335,307.2969,
WT,1,336,845.9539,
WT,1,337,1420.9192,
WT,1,338,888.8975,
WT,1,339,738.1312,
WT,1,340,512.0244,
WT,1,341,453.275,
WT,1,342,397.0991,
WT,1,343,1165.8928,
WT,1,344,1384.2598,
WT,1,345,655.7607,
WT,1,346,442.3736,
WT,1,347,647.9947,
WT,1,348,478.1196,
WT,1,349,1587.8971,
WT,1,350,848.353,
WT,1,351,962.0345,
WT,1,352,345.2526,
WT,1,353,493.6509,
WT,1,354,353.6097,
WT,1,355,669,
WT,1,356,890.8043,
WT,1,357,1019.8816,
WT,1,358,820.9091,
WT,1,359,797.48,
WT,1,360,665.9572,
WT,1,361,460.5376,
WT,1,362,795.0676,
WT,1,363,709.3026,
WT,1,364,451.0454,
WT,1,365,721.0588,
WT,1,366,1500.3082,
WT,1,367,1529.4634,
WT,1,368,637.8654,
WT,1,369,897.4733,
WT,1,370,1956.5176,
WT,1,371,787.6923,
WT,1,372,659.7477,
WT,1,373,854.3823,
WT,1,374,749.3205,
WT,1,375,593.3158,
WT,1,376,648.689,
WT,1,377,877.25,
WT,1,378,572.9299,
WT,1,379,507.4026,
WT,1,380,423.08,
WT,1,381,598.428,
WT,1,382,719.1379,
WT,1,383,822.1579,
WT,1,384,479.8933,
WT,1,385,385.1753,
WT,1,386,1002.449,
WT,1,387,874.9067,
WT,1,388,386.9686,
WT,1,389,1205.8191,
WT,1,390,809.5769,
WT,1,391,389.1429,
WT,1,392,855.5555,
WT,1,393,527.24,
WT,1,394,795.9672,
WT,1,395,415.0649,
WT,1,396,560.8889,
WT,1,397,762.3,
WT,1,398,804.2262,
WT,1,399,447,
WT,1,400,677.6092,
WT,1,401,1228.512,
WT,1,402,674.877,
WT,1,403,508.9237,
WT,1,404,906.6667,
WT,1,405,818.5686,
WT,1,406,814.7266,
WT,1,407,549.1014,
WT,1,408,532.1519,
WT,1,409,676.0146,
WT,1,410,631.6771,
WT,1,411,1596.1926,
WT,1,412,837.6769,
WT,1,413,746.0667,
WT,1,414,757.616,
WT,1,415,791.6594,
WT,1,416,389.7213,
WT,1,417,606.4042,
WT,1,418,1111.9642,
WT,1,419,587.7101,
WT,1,420,525.7778,
WT,1,421,581.0228,
WT,1,422,920.791,
WT,1,423,832.7581,
WT,1,424,755.939,
WT,1,425,568.16,
WT,1,426,1759.2106,
WT,1,427,447.5424,
WT,1,428,732.6964,
WT,1,429,661.1522,
WT,1,430,748.8317,
WT,1,431,611.8351,
WT,1,432,548.144,
WT,1,433,1216.656,
WT,1,434,936.9904,
WT,1,435,907.8201,
WT,1,436,1085.1615,
WT,1,437,413.8304,
WT,1,438,363.9825,
WT,1,439,695.1621,
WT,1,440,865.3418,
WT,1,441,636.5237,
WT,1,442,435.375,
WT,1,443,892.3802,
WT,1,444,1109.4697,
WT,1,445,1351.3523,
WT,1,446,777.0604,
WT,1,447,714.2609,
WT,1,448,546.4061,
WT,1,449,670.3066,
WT,1,450,1549.1748,
WT,1,451,617.5767,
WT,1,452,406.2296,
WT,1,453,500.6483,
WT,1,454,851.0538,
WT,1,455,708.5859,
WT,1,456,1489.2407,
WT,1,457,370.0504,
WT,1,458,514.8173,
WT,1,459,834.7352,
WT,1,460,777.3478,
WT,1,461,845.0173,
WT,1,462,1058.9939,
WT,1,463,1095.8055,
WT,1,464,949.5,
WT,1,465,508.9355,
WT,1,466,778.7833,
WT,1,467,503.3077,
WT,1,468,655.8114,
WT,1,469,770.7872,
WT,1,470,911.9518,
WT,1,471,828.3898,
WT,1,472,585.5051,
WT,1,473,1457.3385,
WT,1,474,511.4237,
WT,1,475,798.3778,
WT,1,476,1293.6025,
WT,1,477,792.6144,
WT,1,478,525.3013,
WT,1,479,726.1243,
WT,1,480,1664.2118,
WT,1,481,516.125,
WT,1,482,591.0282,
WT,1,483,481.85,
WT,1,484,798.9536,
WT,1,485,658.608,
WT,1,486,4067.8547,
WT,1,487,779.4667,
WT,1,488,869.353,
WT,1,489,626.4835,
WT,1,490,745.5846,
WT,1,491,786.0685,
WT,1,492,1845.9482,
WT,1,493,527.1187,
WT,1,494,602.3309,
WT,1,495,998.519,
WT,1,496,585,
WT,1,497,915.3881,
WT,1,498,1015.6905,
WT,1,499,291.7561,
WT,1,500,529.6607,
WT,1,501,1513.5563,
WT,1,502,537.2823,
WT,1,503,731.9679,
WT,1,504,1050.5753,
WT,1,505,752.9052,
WT,1,506,955.0714,
WT,1,507,677.2296,
WT,1,508,1650.7539,
WT,1,509,317.8197,
WT,1,510,511.375,
WT,1,511,595.4949,
WT,1,512,1005.0385,
WT,1,513,680.3,
WT,1,514,481.1195,
WT,1,515,627.536,
WT,1,516,604.3494,
WT,1,517,493.2868,
WT,1,518,746.9694,
WT,1,519,937.7789,
WT,1,520,1941.683,
WT,1,521,597.0578,
WT,1,522,400.3261,
WT,1,523,745.8781,
WT,1,524,654.3154,
WT,1,525,1111.7887,
WT,1,526,1888.5333,
WT,1,527,663.9872,
WT,1,528,765.835,
WT,1,529,978.0555,
WT,1,530,972,
WT,1,531,1074.0244,
WT,1,532,6230.2949,
WT,1,533,748.7815,
WT,1,534,514.6122,
WT,1,535,1058.9828,
WT,1,536,759.2895,
WT,1,537,489.2727,
WT,1,538,724.0112,
WT,1,539,2938.55,
WT,1,540,796.4225,
WT,1,541,756.597,
WT,1,542,901.7949,
WT,1,543,765.0354,
WT,1,544,534.397,
WT,1,545,758.6186,
WT,1,546,968.5269,
WT,1,547,352.3492,
WT,1,548,1346.2333,
WT,1,549,606.4961,
WT,1,550,567.0952,
WT,1,551,593.2105,
WT,1,552,1051.3462,
WT,1,553,854.6184,
WT,1,554,694.4524,
WT,1,555,767.124,
WT,1,556,665.513,
WT,1,557,723.7077,
WT,1,558,559.5,
WT,1,559,512,
WT,1,560,680.5439,
WT,1,561,679.2982,
WT,1,562,998.4286,
WT,1,563,871.4586,
WT,1,564,675.9756,
WT,1,565,575.6552,
WT,1,566,652.8047,
WT,1,567,424.7882,
WT,1,568,672.5476,
WT,1,569,803.116,
WT,1,570,506.5238,
WT,1,571,664.925,
WT,1,572,676.7697,
WT,1,573,509.5435,
WT,1,574,778.5,
WT,1,575,566.1481,
WT,1,576,791.0961,
WT,1,577,917.125,
WT,1,578,504.5538,
WT,1,579,993,
WT,1,580,1470.2388,
WT,1,581,813.9279,
WT,1,582,1131.4965,
WT,1,583,873.39,
WT,1,584,1006.2807,
WT,1,585,627.9811,
WT,1,586,659.6136,
WT,1,587,679.6344,
WT,1,588,1141.4,
WT,1,589,686.8112,
WT,1,590,704.1134,
WT,1,591,762.5964,
WT,1,592,650.6081,
WT,1,593,843.1498,
WT,1,594,567.1,
WT,1,595,853.5289,
WT,1,596,732.0634,
WT,1,597,761.8732,
WT,1,598,602.5793,
WT,1,599,692.681,
WT,1,600,803.5303,
WT,1,601,816.6057,
WT,1,602,2235.4236,
WT,1,603,898.489,
WT,1,604,784.5333,
WT,1,605,701.957,
WT,1,606,1402.8276,
WT,1,607,861.3381,
WT,1,608,719.8965,
WT,1,609,676.3494,
WT,1,610,755.9716,
WT,1,611,629.3087,
WT,1,612,724.0339,
WT,1,613,700.541,
WT,1,614,829.8729,
WT,1,615,485.7258,
WT,1,616,835.6064,
WT,1,617,1091.3296,
WT,1,618,1231.6,
WT,1,619,450.9879,
WT,1,620,662.75,
WT,1,621,860.6379,
WT,1,622,1163.1464,
WT,1,623,1147.85,
WT,1,624,472.5338,
WT,1,625,783.9474,
WT,1,626,934.8738,
WT,1,627,670.1,
WT,1,628,1505.045,
WT,1,629,658.66,
WT,1,630,857.3284,
WT,1,631,491.7083,
WT,1,632,2091.0896,
WT,1,633,496.2783,
WT,1,634,658.6245,
WT,1,635,1145.8613,
WT,1,636,7321.7891,
WT,1,637,731.2222,
WT,1,638,1274.6884,
WT,1,639,624.3,
WT,1,640,887.4745,
WT,1,641,1042.9674,
WT,1,642,938.2759,
WT,1,643,2451.52,
WT,1,644,956.5582,
WT,1,645,1023.3923,
WT,1,646,948.6667,
WT,1,647,1687.6279,
WT,1,648,955.7045,
WT,1,649,886.0778,
WT,1,650,755.8205,
WT,1,651,785.3205,
WT,1,652,959.7377,
WT,1,653,1020.9121,
WT,1,654,429.1522,
WT,1,655,786.3984,
WT,1,656,1017.0806,
WT,1,657,929.0938,
WT,1,658,765.8161,
WT,1,659,795.1475,
WT,1,660,949.6387,
WT,1,661,1733.8572,
WT,1,662,757.5363,
WT,1,663,1053.7321,
WT,1,664,740,
WT,1,665,701.0357,
WT,1,666,707.6161,
WT,1,667,749.8546,
WT,1,668,671.3835,
WT,1,669,791.2622,
WT,1,670,763.1629,
WT,1,671,826.3071,
WT,1,672,941.1234,
WT,1,673,1027.5533,
WT,1,674,673.6958,
WT,1,675,2070.9375,
WT,1,676,1377.5837,
WT,1,677,616.6776,
WT,1,678,690.2627,
WT,1,679,792.7679,
WT,1,680,646.2769,
WT,1,681,725.908,
WT,1,682,2914.4827,
WT,1,683,788.9117,
WT,1,684,711.5833,
WT,1,685,538.4247,
WT,1,686,1018.8347,
WT,1,687,853.6667,
WT,1,688,1008.9385,
WT,1,689,1101.0638,
WT,1,690,419.8222,
WT,1,691,840.3483,
WT,1,692,960.0175,
WT,1,693,1045.3967,
WT,1,694,743.5829,
WT,1,695,894.9875,
WT,1,696,777.4675,
WT,1,697,752.4737,
WT,1,698,818.3095,
WT,1,699,891.7024,
WT,1,700,918.7698,
WT,1,701,699.123,
WT,1,702,2140.4517,
WT,1,703,468.1,
WT,1,704,1113.8182,
WT,1,705,805.7007,
WT,1,706,882.25,
WT,1,707,972.1044,
WT,1,708,1031.8258,
WT,1,709,1371.1428,
WT,1,710,1463.0834,
WT,1,711,964.2258,
WT,1,712,1287.9495,
WT,1,713,1162.91,
WT,1,714,1109.328,
WT,1,715,663.2532,
WT,1,716,625.6835,
WT,1,717,824.7563,
WT,1,718,985.0375,
WT,1,719,740.3459,
WT,1,720,915.7521,
WT,1,721,873.3669,
WT,1,722,911.3778,
WT,1,723,1088.7264,
WT,1,724,755.4551,
WT,1,725,798.3171,
WT,1,726,1754.5968,
WT,1,727,3425.2424,
WT,1,728,983.9832,
WT,1,729,876.1799,
WT,1,730,1003.4048,
WT,1,731,1386.6022,
WT,1,732,4543.5762,
WT,1,733,1316.723,
WT,1,734,871.7612,
WT,1,735,868.1312,
WT,1,736,1433.1128,
WT,1,737,613.9643,
WT,1,738,434.7831,
WT,1,739,1621.1052,
WT,1,740,891.9132,
WT,1,741,1011.2885,
WT,1,742,3907.5222,
WT,1,743,624.3878,
WT,1,744,961.7831,
WT,1,745,806.479,
WT,1,746,1183.3287,
WT,1,747,1060.1393,
WT,1,748,1126.7069,
WT,1,749,920.5965,
WT,1,750,749.6979,
WT,1,751,672.0847,
WT,1,752,624.8846,
WT,1,753,576.4528,
WT,1,754,846.7659,
WT,1,755,740.8741,
WT,1,756,755.1445,
WT,1,757,765.3273,
WT,1,758,1156.7172,
WT,1,759,1648.675,
WT,1,760,740.5306,
WT,1,761,927.8348,
WT,1,762,751.0588,
WT,1,763,1070.2435,
WT,1,764,823.2615,
WT,1,765,890.7424,
WT,1,766,610.295,
WT,1,767,957.098,
WT,1,768,855.7676,
WT,1,769,782.7726,
WT,1,770,858.0992,
WT,1,771,475.437,
WT,1,772,1375.6493,
WT,1,773,1783.8572,
WT,1,774,1049.85,
WT,1,775,1165.2273,
WT,1,776,1138.7419,
WT,1,777,1071.5848,
WT,1,778,694.875,
WT,1,779,2118.196,
WT,1,780,739.2466,
WT,1,781,877.3004,
WT,1,782,1091.9733,
WT,1,783,1141.1919,
WT,1,784,864.6929,
WT,1,785,640.6272,
WT,1,786,1157.9333,
WT,1,787,1358.9269,
WT,1,788,1039.3032,
WT,1,789,1007.2971,
WT,1,790,1136.4918,
WT,1,791,750.4863,
WT,1,792,933.3315,
WT,1,793,1076.8853,
WT,1,794,2325.374,
WT,1,795,1522.9562,
WT,1,796,892.0508,
WT,1,797,885.8205,
WT,1,798,1230.1106,
WT,1,799,845.8013,
WT,1,800,1193.7452,
WT,1,801,730.4253,
WT,1,802,995.6986,
WT,1,803,765.9412,
WT,1,804,468.8,
WT,1,805,1022.0891,
WT,1,806,1002.9091,
WT,1,807,981.7375,
WT,1,808,1136.5,
WT,1,809,825.5852,
WT,1,810,785.9857,
WT,1,811,773.8831,
WT,1,812,1075.201,
WT,1,813,1033.9658,
WT,1,814,805.2911,
WT,1,815,1111.814,
WT,1,816,798.7939,
WT,1,817,816.5402,
WT,1,818,1079.7898,
WT,1,819,868.1492,
WT,1,820,859.5698,
WT,1,821,773.9828,
WT,1,822,1077.7,
WT,1,823,912.1898,
WT,1,824,821.0789,
WT,1,825,899.2317,
WT,1,826,880.8919,
WT,1,827,1130.7764,
WT,1,828,889.5938,
WT,1,829,1016.4588,
WT,1,830,1126.075,
WT,1,831,861.6857,
WT,1,832,767.2927,
WT,1,833,584.8696,
WT,1,834,696.1882,
WT,1,835,1358.236,
WT,1,836,712.93,
WT,1,837,898.4658,
WT,1,838,1073.1631,
WT,1,839,3719.0776,
WT,1,840,844.8022,
WT,1,841,1268.2018,
WT,1,842,963.6396,
WT,1,843,661.8163,
WT,1,844,1079.9692,
WT,1,845,1045.1034,
WT,1,846,1629.5173,
WT,1,847,839.8889,
WT,1,848,809.8225,
WT,1,849,863.3265,
WT,1,850,1181.0699,
WT,1,851,918.914,
WT,1,852,853.4,
WT,1,853,1481.7261,
WT,1,854,823.9863,
WT,1,855,825.1219,
WT,1,856,1249.4489,
WT,1,857,828.3,
WT,1,858,1291.2097,
WT,1,859,1189.6052,
WT,1,860,901.2558,
WT,1,861,770.8156,
WT,1,862,1105.0442,
WT,1,863,917.25,
WT,1,864,823.644,
WT,1,865,664.0638,
WT,1,866,960.5417,
WT,1,867,918.6309,
WT,1,868,630.3636,
WT,1,869,861.0534,
WT,1,870,599.0685,
WT,1,871,821.6667,
WT,1,872,728.8083,
WT,1,873,760.9386,
WT,1,874,699.4844,
WT,1,875,710.087,
WT,1,876,998.7803,
WT,1,877,795.0375,
WT,1,878,1196.7301,
WT,1,879,907.1719,
WT,1,880,732.0663,
WT,1,881,902.3088,
WT,1,882,1035.7234,
WT,1,883,679.0147,
WT,1,884,709.5684,
WT,1,885,737.509,
WT,1,886,1936.4,
WT,1,887,935.2564,
WT,1,888,957.1547,
WT,1,889,529.2129,
WT,1,890,609.3869,
WT,1,891,531.9087,
WT,1,892,996.779,
WT,1,893,973.1803,
WT,1,894,928.4039,
WT,1,895,1071.1904,
WT,1,896,1463.483,
WT,1,897,1282.8572,
WT,1,898,543.0877,
WT,1,899,717.3333,
WT,1,900,921.8961,
WT,1,901,1059.4819,
WT,1,902,1105.5734,
WT,1,903,860.6068,
WT,1,904,1241.8243,
WT,1,905,864.0618,
WT,1,906,741.9704,
WT,1,907,1332.3483,
WT,1,908,973.8328,
WT,1,909,657.1863,
WT,1,910,723.5472,
WT,1,911,769.9833,
WT,1,912,776,
WT,1,913,798.65,
WT,1,914,845.4091,
WT,1,915,999.3125,
WT,1,916,706.581,
WT,1,917,2361.5408,
WT,1,918,800.9607,
WT,1,919,823.7009,
WT,1,920,704.3243,
WT,1,921,720.8366,
WT,1,922,779.8503,
WT,1,923,1023.6205,
WT,1,924,1015.963,
WT,1,925,1855.625,
WT,1,926,1033.3658,
WT,1,927,766.4,
WT,1,928,910.3,
WT,1,929,499.7551,
WT,1,930,1524.8356,
WT,1,931,880.3564,
WT,1,932,788.3017,
WT,1,933,530.1143,
WT,1,934,2164.4587,
WT,1,935,864.3712,
WT,1,936,929.9418,
WT,1,937,1044.1902,
WT,1,938,865.4445,
WT,1,939,1117.097,
WT,1,940,589.2299,
WT,1,941,873.3383,
WT,1,942,844.8846,
WT,1,943,1173.3024,
WT,1,944,466.6863,
WT,1,945,798.4035,
WT,1,946,1038.1471,
WT,1,947,637.975,
WT,1,948,748.8219,
WT,1,949,906.8235,
WT,1,950,840.7249,
WT,1,951,808.763,
WT,1,952,813.8532,
WT,1,953,1088.925,
WT,1,954,1380.9767,
WT,1,955,846,
WT,1,956,930.186,
WT,1,957,3299.3147,
WT,1,958,1064.3423,
WT,1,959,1092,
WT,1,960,787.5181,
WT,1,961,802.1646,
WT,1,962,579.7143,
WT,1,963,823.2632,
WT,1,964,966.619,
WT,1,965,964.5987,
WT,1,966,710.3,
WT,1,967,4223.9536,
WT,1,968,963.3207,
WT,1,969,939.6119,
WT,1,970,747.0769,
WT,1,971,1875.92,
WT,1,972,1020.7871,
WT,1,973,909.902,
WT,1,974,830.5372,
WT,1,975,1050.0312,
WT,1,976,769.1461,
WT,1,977,1311.495,
WT,1,978,585.2456,
WT,1,979,976.6288,
WT,1,980,690.7816,
WT,1,981,860.0536,
WT,1,982,1079.8274,
WT,1,983,849.32,
WT,1,984,856.3677,
WT,1,985,835.1105,
WT,1,986,1124.0682,
WT,1,987,1098.0566,
WT,1,988,852.5695,
WT,1,989,1256.902,
WT,1,990,1283.37,
WT,1,991,901.6622,
WT,1,992,713.433,
WT,1,993,1201.2554,
WT,1,994,958.2564,
WT,1,995,765.7647,
WT,1,996,620.7313,
WT,1,997,873.1484,
WT,1,998,948.4717,
WT,1,999,506.0875,
WT,1,1000,1045.6698,
WT,1,1001,825.4025,
WT,1,1002,845.9909,
WT,1,1003,763.8118,
WT,1,1004,781.7861,
WT,1,1005,2257.8132,
WT,1,1006,1740.619,
WT,1,1007,922.7115,
WT,1,1008,1117.4344,
WT,1,1009,1677.1229,
WT,1,1010,893.5634,
WT,1,1011,794.0167,
WT,1,1012,637.8688,
WT,1,1013,862.037,
WT,1,1014,1259.5753,
WT,1,1015,804.1646,
WT,1,1016,884.8787,
WT,1,1017,790.2069,
WT,1,1018,1052.1464,
WT,1,1019,354.1286,
WT,1,1020,681.327,
WT,1,1021,1172.3984,
WT,1,1022,1096.9152,
WT,1,1023,842.5405,
WT,1,1024,713.56,
WT,1,1025,1151.5294,
WT,1,1026,702.561,
WT,1,1027,602.877,
WT,1,1028,1099.4335,
WT,1,1029,687.5263,
WT,1,1030,877.9344,
WT,1,1031,761.6898,
WT,1,1032,681.3684,
WT,1,1033,904.3852,
WT,1,1034,1696.46,
WT,1,1035,502.9528,
WT,1,1036,749.7222,
WT,1,1037,1608.5411,
WT,1,1038,827.3,
WT,1,1039,968.7368,
WT,1,1040,978.2203,
WT,1,1041,746.41,
WT,1,1042,1133.0192,
WT,1,1043,607.7353,
WT,1,1044,1538.3448,
WT,1,1045,712.8734,
WT,1,1046,749.8581,
WT,1,1047,296.9804,
WT,1,1048,1075.84,
WT,1,1049,1340,
WT,1,1050,743.0961,
WT,1,1051,664.8904,
WT,1,1052,687.3706,
WT,1,1053,635.3125,
WT,1,1054,689.8688,
WT,1,1055,847.4488,
WT,1,1056,1080.3705,
WT,1,1057,2050.7222,
WT,1,1058,844.0826,
WT,1,1059,856.0877,
WT,1,1060,751,
WT,1,1061,793.5618,
WT,1,1062,963.0625,
WT,1,1063,1007.2,
WT,1,1064,854.0881,
WT,1,1065,780.4079,
WT,1,1066,1069.0625,
WT,1,1067,846.288,
WT,1,1068,1016.6636,
WT,1,1069,763.3153,
WT,1,1070,985.5897,
WT,1,1071,1140.1968,
WT,1,1072,998.0261,
WT,1,1073,1048.3765,
WT,1,1074,890.7795,
WT,1,1075,822.0192,
WT,1,1076,1292.309,
WT,1,1077,694.096,
WT,1,1078,756.3835,
WT,1,1079,1171.5845,
WT,1,1080,1239.4875,
WT,1,1081,712.7,
WT,1,1082,728.8621,
WT,1,1083,656.7853,
WT,1,1084,1105.156,
WT,1,1085,642.2651,
WT,1,1086,1290.6418,
WT,1,1087,886.4167,
WT,1,1088,667.8878,
WT,1,1089,1041.0731,
WT,1,1090,981.3448,
WT,1,1091,2196.4629,
WT,1,1092,918.4194,
WT,1,1093,1025.1682,
WT,1,1094,642.4762,
WT,1,1095,902.5258,
WT,1,1096,710.6569,
WT,1,1097,889.9583,
WT,1,1098,670.4561,
WT,1,1099,764.9151,
WT,1,1100,722.6237,
WT,1,1101,756.1071,
WT,1,1102,769.4866,
WT,1,1103,737.88,
WT,1,1104,714.8571,
WT,1,1105,1128.7041,
WT,1,1106,798.8544,
WT,1,1107,753.338,
WT,1,1108,1615.4045,
WT,1,1109,820.3457,
WT,1,1110,695.92,
WT,1,1111,794.5577,
WT,1,1112,955.0759,
WT,1,1113,989.3837,
WT,1,1114,907.3091,
WT,1,1115,832.7711,
WT,1,1116,657.2159,
WT,1,1117,788.36,
WT,1,1118,1225.9449,
WT,1,1119,992.9881,
WT,1,1120,952.0746,
WT,1,1121,744.2925,
WT,1,1122,803.85,
WT,1,1123,689.2267,
WT,1,1124,837.7523,
WT,1,1125,524.6374,
WT,1,1126,707.2805,
WT,1,1127,607.5472,
WT,1,1128,1151.4904,
WT,1,1129,917.169,
WT,1,1130,756.2448,
WT,1,1131,809.5695,
WT,1,1132,740.4504,
WT,1,1133,778.2133,
WT,1,1134,1075.8018,
WT,1,1135,664.5784,
WT,1,1136,760.7826,
WT,1,1137,742.3007,
WT,1,1138,938.8765,
WT,1,1139,1040.6915,
WT,1,1140,710.5726,
WT,1,1141,1005.2766,
WT,1,1142,900.6076,
WT,1,1143,1275.2963,
WT,1,1144,753.6338,
WT,1,1145,781.0411,
WT,1,1146,868.3093,
WT,1,1147,1707.1476,
WT,1,1148,954.6849,
WT,1,1149,747.5952,
WT,1,1150,719.6645,
WT,1,1151,1725.1111,
WT,1,1152,1957.1768,
WT,1,1153,840.4117,
WT,1,1154,822.6734,
WT,1,1155,893.585,
WT,1,1156,1502.0776,
WT,1,1157,1402.5555,
WT,1,1158,1297.8021,
WT,1,1159,792.9691,
WT,1,1160,1162.4706,
WT,1,1161,573.8333,
WT,1,1162,745.5625,
WT,1,1163,933.55,
WT,1,1164,852.8493,
WT,1,1165,864.5877,
WT,1,1166,684.629,
WT,1,1167,1240.9125,
WT,1,1168,724.2409,
WT,1,1169,1102.7025,
WT,1,1170,654.7816,
WT,1,1171,877.3972,
WT,1,1172,886.9474,
WT,1,1173,1520.439,
WT,1,1174,638.097,
WT,1,1175,993.8704,
WT,1,1176,694.7977,
WT,1,1177,1141.9208,
WT,1,1178,633.8058,
WT,1,1179,644.2139,
WT,1,1180,980.8955,
WT,1,1181,1127.6237,
WT,1,1182,640.9683,
WT,1,1183,522.7778,
WT,1,1184,669.0325,
WT,1,1185,636.8333,
WT,1,1186,1263.8191,
WT,1,1187,1416.374,
WT,1,1188,1070.77,
WT,1,1189,664.1742,
WT,1,1190,951.9787,
WT,1,1191,741.1594,
WT,1,1192,1151.1863,
WT,1,1193,2204.1277,
WT,1,1194,722.087,
WT,1,1195,684.56,
WT,1,1196,673.6407,
WT,1,1197,699.7129,
WT,1,1198,793.6835,
WT,1,1199,678.5074,
WT,1,1200,916,
WT,1,1201,1040.7858,
WT,1,1202,823.8879,
WT,1,1203,707.217,
WT,1,1204,1105.2463,
WT,1,1205,692.3182,
WT,1,1206,669.2981,
WT,1,1207,761.4167,
WT,1,1208,681.9868,
WT,1,1209,900.353,
WT,1,1210,1306.7043,
WT,1,1211,652.2708,
WT,1,1212,648.2079,
WT,1,1213,1033.708,
WT,1,1214,1021.1024,
WT,1,1215,712.9858,
WT,1,1216,1508.9857,
WT,1,1217,674.7628,
WT,1,1218,818.4117,
WT,1,1219,1175.0731,
WT,1,1220,750.2706,
WT,1,1221,654.3903,
WT,1,1222,1177.4934,
WT,1,1223,854.3698,
WT,1,1224,895.5,
WT,1,1225,1177.9337,
WT,1,1226,801.768,
WT,1,1227,682.1551,
WT,1,1228,770.1845,
WT,1,1229,2568.6633,
WT,1,1230,901.2781,
WT,1,1231,1185.7031,
WT,1,1232,905.8737,
WT,1,1233,529.0164,
WT,1,1234,1110.9086,
WT,1,1235,949.194,
WT,1,1236,1275.7662,
WT,1,1237,997.3267,
WT,1,1238,1022.7094,
WT,1,1239,745.7617,
WT,1,1240,742.5714,
WT,1,1241,1061.7535,
WT,1,1242,2201.0081,
WT,1,1243,1240.6545,
WT,1,1244,700.5238,
WT,1,1245,682.4789,
WT,1,1246,762.7308,
WT,1,1247,781.983,
WT,1,1248,665.4875,
WT,1,1249,667.7273,
WT,1,1250,616.1983,
WT,1,1251,1124.9055,
WT,1,1252,1141.6747,
WT,1,1253,680.1495,
WT,1,1254,698.7215,
WT,1,1255,746.2,
WT,1,1256,1412.1757,
WT,1,1257,1056.5846,
WT,1,1258,648.1383,
WT,1,1259,723.9355,
WT,1,1260,651.3333,
WT,1,1261,1083.6274,
WT,1,1262,996.6467,
WT,1,1263,819.1321,
WT,1,1264,881.8898,
WT,1,1265,899,
WT,1,1266,947.128,
WT,1,1267,866.7879,
WT,1,1268,751.3182,
WT,1,1269,673.9688,
WT,1,1270,1137.4923,
WT,1,1271,914.3448,
WT,1,1272,686.8051,
WT,1,1273,819.9,
WT,1,1274,700.2716,
WT,1,1275,764.5392,
WT,1,1276,658.5,
WT,1,1277,664.6271,
WT,1,1278,673.8,
WT,1,1279,1041.5968,
WT,1,1280,751.1882,
WT,1,1281,810.0707,
WT,1,1282,733.165,
WT,1,1283,760.6214,
WT,1,1284,660.6889,
WT,1,1285,1254.0405,
WT,1,1286,625.0845,
WT,1,1287,1097.4386,
WT,1,1288,1102.5,
WT,1,1289,784.5052,
WT,1,1290,667.2679,
WT,1,1291,793.0101,
WT,1,1292,873.7778,
WT,1,1293,917.5543,
WT,1,1294,645.9819,
WT,1,1295,674.5966,
WT,1,1296,1064.1936,
WT,1,1297,750.2301,
WT,1,1298,806.5789,
WT,1,1299,1100.6941,
WT,1,1300,957.3485,
WT,1,1301,1194.0798,
WT,1,1302,1390.7539,
WT,1,1303,706.73,
WT,1,1304,797.3239,
WT,1,1305,1246.566,
WT,1,1306,1002.3867,
WT,1,1307,939.4312,
WT,1,1308,764.1336,
WT,1,1309,993.2639,
WT,1,1310,845.2203,
WT,1,1311,1390.1061,
WT,1,1312,848.3115,
WT,1,1313,933.3235,
WT,1,1314,2240.0693,
WT,1,1315,808.8134,
WT,1,1316,981.3511,
WT,1,1317,637.5756,
WT,1,1318,832.6296,
WT,1,1319,591.477,
WT,1,1320,755.951,
WT,1,1321,753,
WT,1,1322,946,
WT,1,1323,722.8959,
WT,1,1324,664.2054,
WT,1,1325,698.1667,
WT,1,1326,1493.196,
WT,1,1327,715.16,
WT,1,1328,863,
WT,1,1329,1057.1428,
WT,1,1330,1314.0834,
WT,1,1331,865.1818,
WT,1,1332,812.5156,
WT,1,1333,693.517,
WT,1,1334,1063.594,
WT,1,1335,676.3554,
WT,1,1336,878.9081,
WT,1,1337,2062.8286,
WT,1,1338,830.6276,
WT,1,1339,757.1266,
WT,1,1340,937.0472,
WT,1,1341,1071.8334,
WT,1,1342,939.9769,
WT,1,1343,1119.4424,
WT,1,1344,1022.6406,
WT,1,1345,1244.8104,
WT,1,1346,960.3947,
WT,1,1347,772.8558,
WT,1,1348,1196.4637,
WT,1,1349,2319.8289,
WT,1,1350,1043.7947,
WT,1,1351,873.6812,
WT,1,1352,775.884,
WT,1,1353,1967.2411,
WT,1,1354,642.2255,
WT,1,1355,919.8068,
WT,1,1356,954.9204,
WT,1,1357,826.7125,
WT,1,1358,1224.6991,
WT,1,1359,1245.762,
WT,1,1360,876.9431,
WT,1,1361,1140.4777,
WT,1,1362,1031.5096,
WT,1,1363,830.5547,
WT,1,1364,1082.1875,
WT,1,1365,759.0923,
WT,1,1366,896.5504,
WT,1,1367,1131.4857,
WT,1,1368,1104.0975,
WT,1,1369,1688.87,
WT,1,1370,911.3621,
WT,1,1371,1371.4641,
WT,1,1372,1030.3494,
WT,1,1373,1046.29,
WT,1,1374,1246.1205,
WT,1,1375,1071,
WT,1,1376,1252.7413,
WT,1,1377,767.6268,
WT,1,1378,852.6826,
WT,1,1379,750.4062,
WT,1,1380,777.2,
WT,1,1381,816.2609,
WT,1,1382,747,
WT,1,1383,1079.3368,
WT,1,1384,1216.6573,
WT,1,1385,1329.4717,
WT,1,1386,901.1967,
WT,1,1387,1181.7142,
WT,1,1388,1539.38,
WT,1,1389,1182.5276,
WT,1,1390,1092.9623,
WT,1,1391,831.5798,
WT,1,1392,717.8475,
WT,1,1393,634.4123,
WT,1,1394,751.0963,
WT,1,1395,1061.5385,
WT,1,1396,763.4257,
WT,1,1397,1170.8639,
WT,1,1398,1099.5972,
WT,1,1399,1096.5636,
WT,1,1400,1060.2719,
WT,1,1401,766.0315,
WT,1,1402,1643.5768,
WT,1,1403,1554.6462,
WT,1,1404,851.6769,
WT,1,1405,853.2708,
WT,1,1406,754.8333,
WT,1,1407,652.9802,
WT,1,1408,1573.2395,
WT,1,1409,1326.0924,
WT,1,1410,670.2455,
WT,1,1411,796.1149,
WT,1,1412,1152.4066,
WT,1,1413,1463.4117,
WT,1,1414,892.0921,
WT,1,1415,859.7079,
WT,1,1416,1050.4,
WT,1,1417,789.0128,
WT,1,1418,1187.0952,
WT,1,1419,1044.5569,
WT,1,1420,641.2653,
WT,1,1421,1027.2516,
WT,1,1422,983.8148,
WT,1,1423,1208.7883,
WT,1,1424,790.4158,
WT,1,1425,629.9213,
WT,1,1426,1024.4052,
WT,1,1427,867.2056,
WT,1,1428,1122.1143,
WT,1,1429,1012.4463,
WT,1,1430,890.6418,
WT,1,1431,900.8571,
WT,1,1432,757.8421,
WT,1,1433,772.3636,
WT,1,1434,1038.5214,
WT,1,1435,823.0604,
WT,1,1436,820.9825,
WT,1,1437,1424.1354,
WT,1,1438,946.8333,
WT,1,1439,709.8654,
WT,1,1440,1364.3019,
WT,1,1441,1085.4833,
WT,1,1442,1174.1976,
WT,1,1443,872.7206,
WT,1,1444,1241.9275,
WT,1,1445,1449.4321,
WT,1,1446,1047.2228,
WT,1,1447,985.3908,
WT,1,1448,698.3121,
WT,1,1449,878.8043,
WT,1,1450,1241.396,
WT,1,1451,640.9792,
WT,1,1452,189.449,
WT,1,1453,935.9474,
WT,1,1454,950.1166,
WT,1,1455,698,
WT,1,1456,1092.1328,
WT,1,1457,1008,
WT,1,1458,1181.7693,
WT,1,1459,658.3395,
WT,1,1460,1341.4822,
WT,1,1461,1282.806,
WT,1,1462,721.6907,
WT,1,1463,1046.994,
WT,1,1464,986.5433,
WT,1,1465,821.0227,
WT,1,1466,864.6555,
WT,1,1467,723.1485,
WT,1,1468,657.8109,
WT,1,1469,1068.0085,
WT,1,1470,757.1234,
WT,1,1471,1583.9059,
WT,1,1472,1272.4756,
WT,1,1473,1508.0554,
WT,1,1474,1229.7307,
WT,1,1475,631.1611,
WT,1,1476,1002.8032,
WT,1,1477,777.6992,
WT,1,1478,626.4909,
WT,1,1479,1116.0469,
WT,1,1480,1137.6078,
WT,1,1481,1021.2105,
WT,1,1482,799.4886,
WT,1,1483,994.6555,
WT,1,1484,591.1706,
WT,1,1485,1403.7117,
WT,1,1486,621.4188,
WT,1,1487,1139.5046,
WT,1,1488,786.879,
WT,1,1489,811.8371,
WT,1,1490,1180.8098,
WT,1,1491,2334.6533,
WT,1,1492,895.8984,
WT,1,1493,1086.2667,
WT,1,1494,929.725,
WT,1,1495,1021.9091,
WT,1,1496,1123.5308,
WT,1,1497,1088.2235,
WT,1,1498,684.9559,
WT,1,1499,937.0789,
WT,1,1500,738,
WT,1,1501,945.0187,
WT,1,1502,958.6577,
WT,1,1503,457.1465,
WT,1,1504,812.873,
WT,1,1505,1001.5323,
WT,1,1506,688.9611,
WT,1,1507,467.7799,
WT,1,1508,1155.2933,
WT,1,1509,851.8907,
WT,1,1510,881.2812,
WT,1,1511,978.5582,
WT,1,1512,1057.7111,
WT+X1,1,1,1269.4113,
WT+X1,1,2,1198.0796,
WT+X1,1,3,1010.8414,
WT+X1,1,4,728.1379,
WT+X1,1,5,856.8857,
WT+X1,1,6,725.2396,
WT+X1,1,7,776.8163,
WT+X1,1,8,849.5021,
WT+X1,1,9,713.9412,
WT+X1,1,10,819.6839,
WT+X1,1,11,741.45,
WT+X1,1,12,744.4213,
WT+X1,1,13,755.757,
WT+X1,1,14,821.5414,
WT+X1,1,15,867.4586,
WT+X1,1,16,853.0231,
WT+X1,1,17,930.1774,
WT+X1,1,18,1223.4343,
WT+X1,1,19,1561.703,
WT+X1,1,20,817.032,
WT+X1,1,21,848.4186,
WT+X1,1,22,1275.8966,
WT+X1,1,23,895.7625,
WT+X1,1,24,833.037,
WT+X1,1,25,839.8965,
WT+X1,1,26,863.4615,
WT+X1,1,27,871.6854,
WT+X1,1,28,1014.9464,
WT+X1,1,29,825.1461,
WT+X1,1,30,1041.5577,
WT+X1,1,31,890.6627,
WT+X1,1,32,873.3511,
WT+X1,1,33,833.1749,
WT+X1,1,34,710.5546,
WT+X1,1,35,771.1712,
WT+X1,1,36,841.6854,
WT+X1,1,37,1013.8333,
WT+X1,1,38,801.3906,
WT+X1,1,39,565.1549,
WT+X1,1,40,1074.4355,
WT+X1,1,41,758.7108,
WT+X1,1,42,965.5769,
WT+X1,1,43,733.7843,
WT+X1,1,44,948.6917,
WT+X1,1,45,944.08,
WT+X1,1,46,786.3461,
WT+X1,1,47,1224.7322,
WT+X1,1,48,1778.7688,
WT+X1,1,49,852.7692,
WT+X1,1,50,583.25,
WT+X1,1,51,973.3363,
WT+X1,1,52,1312.546,
WT+X1,1,53,949.2484,
WT+X1,1,54,833.9318,
WT+X1,1,55,841.6667,
WT+X1,1,56,712.4807,
WT+X1,1,57,725.6116,
WT+X1,1,58,1401,
WT+X1,1,59,902,
WT+X1,1,60,951.2645,
WT+X1,1,61,861.4595,
WT+X1,1,62,1742.9827,
WT+X1,1,63,850.6871,
WT+X1,1,64,876.0745,
WT+X1,1,65,1406.1313,
WT+X1,1,66,876.3815,
WT+X1,1,67,891.8298,
WT+X1,1,68,810.9474,
WT+X1,1,69,860.5529,
WT+X1,1,70,1612.046,
WT+X1,1,71,946.79,
WT+X1,1,72,788.537,
WT+X1,1,73,1151.9663,
WT+X1,1,74,1467.5983,
WT+X1,1,75,1524.4656,
WT+X1,1,76,941.9339,
WT+X1,1,77,1016.521,
WT+X1,1,78,709.3448,
WT+X1,1,79,694.2945,
WT+X1,1,80,1229.34,
WT+X1,1,81,1461.2963,
WT+X1,1,82,1250.8646,
WT+X1,1,83,849.6869,
WT+X1,1,84,1031.6326,
WT+X1,1,85,879.1008,
WT+X1,1,86,828.4222,
WT+X1,1,87,731.5024,
WT+X1,1,88,893.0841,
WT+X1,1,89,722.25,
WT+X1,1,90,837.5833,
WT+X1,1,91,1292.8969,
WT+X1,1,92,940.2593,
WT+X1,1,93,1110.5096,
WT+X1,1,94,1206.26,
WT+X1,1,95,830.0568,
WT+X1,1,96,897.7518,
WT+X1,1,97,894.5593,
WT+X1,1,98,740.6739,
WT+X1,1,99,402.3223,
WT+X1,1,100,848.426,
WT+X1,1,101,781.4049,
WT+X1,1,102,826.0633,
WT+X1,1,103,824.6047,
WT+X1,1,104,864.2526,
WT+X1,1,105,960.8441,
WT+X1,1,106,879.8066,
WT+X1,1,107,942.5656,
WT+X1,1,108,648.9565,
WT+X1,1,109,836.5135,
WT+X1,1,110,692.3506,
WT+X1,1,111,825.3714,
WT+X1,1,112,875.7326,
WT+X1,1,113,636.6607,
WT+X1,1,114,723.6649,
WT+X1,1,115,536.0667,
WT+X1,1,116,911.5067,
WT+X1,1,117,663.4026,
WT+X1,1,118,795.5366,
WT+X1,1,119,797.6326,
WT+X1,1,120,681,
WT+X1,1,121,1107.6428,
WT+X1,1,122,1053.0438,
WT+X1,1,123,836.688,
WT+X1,1,124,673.9835,
WT+X1,1,125,1989.958,
WT+X1,1,126,1129.2963,
WT+X1,1,127,1255.0289,
WT+X1,1,128,812.5331,
WT+X1,1,129,659.7619,
WT+X1,1,130,883.0085,
WT+X1,1,131,1277.9058,
WT+X1,1,132,736.8104,
WT+X1,1,133,1100.3116,
WT+X1,1,134,843.2295,
WT+X1,1,135,989.7319,
WT+X1,1,136,910.0844,
WT+X1,1,137,497.2433,
WT+X1,1,138,887.9407,
WT+X1,1,139,743.3171,
WT+X1,1,140,741.7513,
WT+X1,1,141,820.0676,
WT+X1,1,142,1180.6957,
WT+X1,1,143,864.9912,
WT+X1,1,144,980.5175,
WT+X1,1,145,527.4,
WT+X1,1,146,1093.9756,
WT+X1,1,147,997.6255,
WT+X1,1,148,764.1395,
WT+X1,1,149,1579.766,
WT+X1,1,150,905.4258,
WT+X1,1,151,654.847,
WT+X1,1,152,840.2143,
WT+X1,1,153,862.5564,
WT+X1,1,154,938.4154,
WT+X1,1,155,856.7297,
WT+X1,1,156,746.8192,
WT+X1,1,157,888.7551,
WT+X1,1,158,888.9786,
WT+X1,1,159,979,
WT+X1,1,160,816.704,
WT+X1,1,161,782.1411,
WT+X1,1,162,756.3871,
WT+X1,1,163,721.4967,
WT+X1,1,164,831.7202,
WT+X1,1,165,996.1132,
WT+X1,1,166,1017.165,
WT+X1,1,167,402.459,
WT+X1,1,168,833.7123,
WT+X1,1,169,1015.5062,
WT+X1,1,170,724.057,
WT+X1,1,171,886.0917,
WT+X1,1,172,1162.2363,
WT+X1,1,173,1002.6729,
WT+X1,1,174,800.3862,
WT+X1,1,175,979.1156,
WT+X1,1,176,510.52,
WT+X1,1,177,763.531,
WT+X1,1,178,890.0282,
WT+X1,1,179,784.7766,
WT+X1,1,180,1550.1947,
WT+X1,1,181,910.413,
WT+X1,1,182,579.6068,
WT+X1,1,183,396.2672,
WT+X1,1,184,832.2836,
WT+X1,1,185,787.3483,
WT+X1,1,186,835.316,
WT+X1,1,187,847.4942,
WT+X1,1,188,1021.7901,
WT+X1,1,189,814.1083,
WT+X1,1,190,763.2857,
WT+X1,1,191,726.8543,
WT+X1,1,192,753.5695,
WT+X1,1,193,803.2353,
WT+X1,1,194,743.2,
WT+X1,1,195,857.6464,
WT+X1,1,196,1115.0583,
WT+X1,1,197,891.0938,
WT+X1,1,198,728.5848,
WT+X1,1,199,710.194,
WT+X1,1,200,953.7,
WT+X1,1,201,857.2562,
WT+X1,1,202,977.4883,
WT+X1,1,203,852.2643,
WT+X1,1,204,1017.7761,
WT+X1,1,205,539.4673,
WT+X1,1,206,821.7027,
WT+X1,1,207,757.9888,
WT+X1,1,208,788.8669,
WT+X1,1,209,841.4853,
WT+X1,1,210,547.6832,
WT+X1,1,211,430.2831,
WT+X1,1,212,796.5536,
WT+X1,1,213,751.6524,
WT+X1,1,214,598.7401,
WT+X1,1,215,381.3,
WT+X1,1,216,1297.6648,
WT+X1,1,217,851.0289,
WT+X1,1,218,863.6022,
WT+X1,1,219,851.9811,
WT+X1,1,220,786.9103,
WT+X1,1,221,429.1846,
WT+X1,1,222,856.8316,
WT+X1,1,223,495.0117,
WT+X1,1,224,710.4637,
WT+X1,1,225,815.1392,
WT+X1,1,226,717.5039,
WT+X1,1,227,749.533,
WT+X1,1,228,757.4308,
WT+X1,1,229,396.9667,
WT+X1,1,230,834.5318,
WT+X1,1,231,897.4641,
WT+X1,1,232,919,
WT+X1,1,233,860.1658,
WT+X1,1,234,1644.8848,
WT+X1,1,235,742.9236,
WT+X1,1,236,828.329,
WT+X1,1,237,775.1219,
WT+X1,1,238,800.6793,
WT+X1,1,239,532.1943,
WT+X1,1,240,881.9272,
WT+X1,1,241,622.816,
WT+X1,1,242,671.8983,
WT+X1,1,243,417.1333,
WT+X1,1,244,774.1133,
WT+X1,1,245,868,
WT+X1,1,246,733.9667,
WT+X1,1,247,879.3018,
WT+X1,1,248,531.2561,
WT+X1,1,249,437.2183,
WT+X1,1,250,964.7692,
WT+X1,1,251,477.0169,
WT+X1,1,252,892.0804,
WT+X1,1,253,517.6932,
WT+X1,1,254,1410.3981,
WT+X1,1,255,940.9027,
WT+X1,1,256,844.9785,
WT+X1,1,257,468.3761,
WT+X1,1,258,817.8699,
WT+X1,1,259,829.1934,
WT+X1,1,260,749.3519,
WT+X1,1,261,728.1595,
WT+X1,1,262,1077.015,
WT+X1,1,263,535.3778,
WT+X1,1,264,602.0756,
WT+X1,1,265,541.2751,
WT+X1,1,266,847.8438,
WT+X1,1,267,513.7579,
WT+X1,1,268,469.4898,
WT+X1,1,269,874.5914,
WT+X1,1,270,629.4265,
WT+X1,1,271,1901.061,
WT+X1,1,272,730.2195,
WT+X1,1,273,777.2569,
WT+X1,1,274,625.823,
WT+X1,1,275,474.8571,
WT+X1,1,276,700.8256,
WT+X1,1,277,768.9874,
WT+X1,1,278,766.2394,
WT+X1,1,279,909.4407,
WT+X1,1,280,560.7471,
WT+X1,1,281,761.5446,
WT+X1,1,282,792.4976,
WT+X1,1,283,705.5217,
WT+X1,1,284,756.6045,
WT+X1,1,285,659.1696,
WT+X1,1,286,1373.2706,
WT+X1,1,287,973.5574,
WT+X1,1,288,769.1983,
WT+X1,1,289,388.9243,
WT+X1,1,290,901.6364,
WT+X1,1,291,990.9286,
WT+X1,1,292,614.96,
WT+X1,1,293,1273.093,
WT+X1,1,294,2145.9766,
WT+X1,1,295,864.2342,
WT+X1,1,296,717.3436,
WT+X1,1,297,738.5161,
WT+X1,1,298,850.0206,
WT+X1,1,299,795.5682,
WT+X1,1,300,614.5472,
WT+X1,1,301,421.5029,
WT+X1,1,302,945,
WT+X1,1,303,789.3714,
WT+X1,1,304,821.1488,
WT+X1,1,305,331.246,
WT+X1,1,306,924.7702,
WT+X1,1,307,701.4296,
WT+X1,1,308,608.7722,
WT+X1,1,309,874.0811,
WT+X1,1,310,775.6961,
WT+X1,1,311,789.3547,
WT+X1,1,312,738.7027,
WT+X1,1,313,917.6849,
WT+X1,1,314,729.9254,
WT+X1,1,315,664.8526,
WT+X1,1,316,538.8286,
WT+X1,1,317,660.6979,
WT+X1,1,318,700.369,
WT+X1,1,319,756.2957,
WT+X1,1,320,817.5894,
WT+X1,1,321,824.7193,
WT+X1,1,322,617.9809,
WT+X1,1,323,581.1334,
WT+X1,1,324,411.5986,
WT+X1,1,325,411.0685,
WT+X1,1,326,687.9091,
WT+X1,1,327,802.3143,
WT+X1,1,328,1787.7965,
WT+X1,1,329,858.2381,
WT+X1,1,330,699.375,
WT+X1,1,331,668.0444,
WT+X1,1,332,572.9091,
WT+X1,1,333,734.7083,
WT+X1,1,334,490.0167,
WT+X1,1,335,1007.1855,
WT+X1,1,336,885.1953,
WT+X1,1,337,825.8726,
WT+X1,1,338,550.9615,
WT+X1,1,339,988.647,
WT+X1,1,340,852.7391,
WT+X1,1,341,812.3267,
WT+X1,1,342,653.6154,
WT+X1,1,343,753.3004,
WT+X1,1,344,753.1143,
WT+X1,1,345,1102.7424,
WT+X1,1,346,1116.5106,
WT+X1,1,347,499.6187,
WT+X1,1,348,696.0112,
WT+X1,1,349,906.1625,
WT+X1,1,350,828.5737,
WT+X1,1,351,476,
WT+X1,1,352,589.2866,
WT+X1,1,353,896.6782,
WT+X1,1,354,923.1622,
WT+X1,1,355,735.5082,
WT+X1,1,356,980.5178,
WT+X1,1,357,659.2558,
WT+X1,1,358,892.1548,
WT+X1,1,359,920.3373,
WT+X1,1,360,647.35,
WT+X1,1,361,851.5439,
WT+X1,1,362,728.1948,
WT+X1,1,363,1648.8846,
WT+X1,1,364,802.5679,
WT+X1,1,365,883.1839,
WT+X1,1,366,869.907,
WT+X1,1,367,650.32,
WT+X1,1,368,397.208,
WT+X1,1,369,582.8169,
WT+X1,1,370,391.9366,
WT+X1,1,371,814.2727,
WT+X1,1,372,2333.6978,
WT+X1,1,373,853.217,
WT+X1,1,374,861.3405,
WT+X1,1,375,438.33,
WT+X1,1,376,1085.5601,
WT+X1,1,377,849.7069,
WT+X1,1,378,410.2608,
WT+X1,1,379,725.4338,
WT+X1,1,380,719.7972,
WT+X1,1,381,726.9375,
WT+X1,1,382,765.5923,
WT+X1,1,383,988.9315,
WT+X1,1,384,819.2733,
WT+X1,1,385,760.8606,
WT+X1,1,386,404.2909,
WT+X1,1,387,969.8182,
WT+X1,1,388,650.7473,
WT+X1,1,389,441.2368,
WT+X1,1,390,1476.1493,
WT+X1,1,391,910.2598,
WT+X1,1,392,647.356,
WT+X1,1,393,693.3633,
WT+X1,1,394,518.8511,
WT+X1,1,395,334.5612,
WT+X1,1,396,872.2444,
WT+X1,1,397,696.4333,
WT+X1,1,398,493.5917,
WT+X1,1,399,730.2745,
WT+X1,1,400,402.777,
WT+X1,1,401,641.8718,
WT+X1,1,402,601.9763,
WT+X1,1,403,1701.2739,
WT+X1,1,404,726.6907,
WT+X1,1,405,746.1233,
WT+X1,1,406,748.045,
WT+X1,1,407,835.2195,
WT+X1,1,408,734.3431,
WT+X1,1,409,533.7196,
WT+X1,1,410,830,
WT+X1,1,411,621.5172,
WT+X1,1,412,885.9362,
WT+X1,1,413,481.8105,
WT+X1,1,414,889.064,
WT+X1,1,415,966.4905,
WT+X1,1,416,900.2857,
WT+X1,1,417,598.8889,
WT+X1,1,418,421.0661,
WT+X1,1,419,485.62,
WT+X1,1,420,805.41,
WT+X1,1,421,834.4318,
WT+X1,1,422,698.4531,
WT+X1,1,423,489.8772,
WT+X1,1,424,810.1931,
WT+X1,1,425,643.4388,
WT+X1,1,426,427.9541,
WT+X1,1,427,948.58,
WT+X1,1,428,828.8475,
WT+X1,1,429,555.5367,
WT+X1,1,430,1401.4783,
WT+X1,1,431,796.8293,
WT+X1,1,432,884.0355,
WT+X1,1,433,590.2152,
WT+X1,1,434,696.9167,
WT+X1,1,435,520.4659,
WT+X1,1,436,599.3275,
WT+X1,1,437,718.0227,
WT+X1,1,438,731.6154,
WT+X1,1,439,738.6667,
WT+X1,1,440,799.2949,
WT+X1,1,441,669.95,
WT+X1,1,442,517.8813,
WT+X1,1,443,1779.9611,
WT+X1,1,444,414.4384,
WT+X1,1,445,1522.1825,
WT+X1,1,446,882.7973,
WT+X1,1,447,526.8684,
WT+X1,1,448,936.5652,
WT+X1,1,449,433.2156,
WT+X1,1,450,462.301,
WT+X1,1,451,420.4457,
WT+X1,1,452,425.0298,
WT+X1,1,453,388.2875,
WT+X1,1,454,845.1445,
WT+X1,1,455,705.6992,
WT+X1,1,456,1027.5747,
WT+X1,1,457,391.1429,
WT+X1,1,458,1515.2644,
WT+X1,1,459,726.9843,
WT+X1,1,460,649.5049,
WT+X1,1,461,397.8909,
WT+X1,1,462,769.4872,
WT+X1,1,463,1105.355,
WT+X1,1,464,717.0424,
WT+X1,1,465,767.3958,
WT+X1,1,466,512.2945,
WT+X1,1,467,451.0935,
WT+X1,1,468,404.981,
WT+X1,1,469,573.3607,
WT+X1,1,470,1111.1796,
WT+X1,1,471,1701.8265,
WT+X1,1,472,650.7888,
WT+X1,1,473,364.607,
WT+X1,1,474,374.0838,
WT+X1,1,475,989.9874,
WT+X1,1,476,676.9789,
WT+X1,1,477,876.4927,
WT+X1,1,478,1152.6383,
WT+X1,1,479,929.4645,
WT+X1,1,480,378.186,
WT+X1,1,481,425.1656,
WT+X1,1,482,632.3533,
WT+X1,1,483,638.2302,
WT+X1,1,484,887.9333,
WT+X1,1,485,746.7391,
WT+X1,1,486,686.5217,
WT+X1,1,487,656.8969,
WT+X1,1,488,583.1758,
WT+X1,1,489,835.7284,
WT+X1,1,490,701.8666,
WT+X1,1,491,765.1881,
WT+X1,1,492,571.1321,
WT+X1,1,493,872.4868,
WT+X1,1,494,461.0138,
WT+X1,1,495,778.2812,
WT+X1,1,496,485.2,
WT+X1,1,497,1704.0725,
WT+X1,1,498,2370.4343,
WT+X1,1,499,448.8079,
WT+X1,1,500,1536.0564,
WT+X1,1,501,852.6439,
WT+X1,1,502,736.9785,
WT+X1,1,503,850.9531,
WT+X1,1,504,627.06,
WT+X1,1,505,714.5055,
WT+X1,1,506,770.7975,
WT+X1,1,507,440.5821,
WT+X1,1,508,434.8357,
WT+X1,1,509,950.3077,
WT+X1,1,510,415.6981,
WT+X1,1,511,557.3741,
WT+X1,1,512,784.907,
WT+X1,1,513,623.5278,
WT+X1,1,514,373.1538,
WT+X1,1,515,904.038,
WT+X1,1,516,722.5578,
WT+X1,1,517,594.4424,
WT+X1,1,518,1143.8407,
WT+X1,1,519,702.8461,
WT+X1,1,520,659.1746,
WT+X1,1,521,404.1478,
WT+X1,1,522,649.015,
WT+X1,1,523,393.6688,
WT+X1,1,524,1415.7841,
WT+X1,1,525,1241.2307,
WT+X1,1,526,799.9367,
WT+X1,1,527,422.7778,
WT+X1,1,528,619.1779,
WT+X1,1,529,529.9643,
WT+X1,1,530,535.9697,
WT+X1,1,531,904.5309,
WT+X1,1,532,688.2403,
WT+X1,1,533,416.5748,
WT+X1,1,534,477.5035,
WT+X1,1,535,827.71,
WT+X1,1,536,796.4074,
WT+X1,1,537,634.2958,
WT+X1,1,538,921.5873,
WT+X1,1,539,839.1927,
WT+X1,1,540,640.8489,
WT+X1,1,541,467.2533,
WT+X1,1,542,464.4468,
WT+X1,1,543,727.1,
WT+X1,1,544,614.0615,
WT+X1,1,545,979.8485,
WT+X1,1,546,633.571,
WT+X1,1,547,435.576,
WT+X1,1,548,420.2571,
WT+X1,1,549,949.8611,
WT+X1,1,550,1313.5046,
WT+X1,1,551,742.3889,
WT+X1,1,552,958.8774,
WT+X1,1,553,709,
WT+X1,1,554,406.8333,
WT+X1,1,555,452.0701,
WT+X1,1,556,398.9869,
WT+X1,1,557,748.3305,
WT+X1,1,558,758.8625,
WT+X1,1,559,1322.1852,
WT+X1,1,560,574.4353,
WT+X1,1,561,492.5194,
WT+X1,1,562,593.6445,
WT+X1,1,563,693.0561,
WT+X1,1,564,850.7807,
WT+X1,1,565,461.3361,
WT+X1,1,566,473.4839,
WT+X1,1,567,2013.5543,
WT+X1,1,568,849.777,
WT+X1,1,569,826.5236,
WT+X1,1,570,753.7885,
WT+X1,1,571,1074.938,
WT+X1,1,572,730.4561,
WT+X1,1,573,828.5051,
WT+X1,1,574,833.3931,
WT+X1,1,575,764.7759,
WT+X1,1,576,525.0171,
WT+X1,1,577,728.6143,
WT+X1,1,578,828.6677,
WT+X1,1,579,927.7336,
WT+X1,1,580,846.9665,
WT+X1,1,581,503.6555,
WT+X1,1,582,682.1221,
WT+X1,1,583,372.8527,
WT+X1,1,584,303.1471,
WT+X1,1,585,1701.1904,
WT+X1,1,586,927.7284,
WT+X1,1,587,424.6937,
WT+X1,1,588,428.3111,
WT+X1,1,589,865.8811,
WT+X1,1,590,1344.6061,
WT+X1,1,591,825.4097,
WT+X1,1,592,893.0557,
WT+X1,1,593,586.7953,
WT+X1,1,594,1078.7695,
WT+X1,1,595,832.7005,
WT+X1,1,596,727.4684,
WT+X1,1,597,898.4706,
WT+X1,1,598,755.9072,
WT+X1,1,599,2040.5159,
WT+X1,1,600,413.4471,
WT+X1,1,601,483.7424,
WT+X1,1,602,1919.8564,
WT+X1,1,603,552.3319,
WT+X1,1,604,436.4062,
WT+X1,1,605,578.7333,
WT+X1,1,606,1136.9519,
WT+X1,1,607,581.7584,
WT+X1,1,608,380.2281,
WT+X1,1,609,803.2131,
WT+X1,1,610,566.9512,
WT+X1,1,611,863.6486,
WT+X1,1,612,525.539,
WT+X1,1,613,513.7222,
WT+X1,1,614,385.2319,
WT+X1,1,615,825.7968,
WT+X1,1,616,558.9946,
WT+X1,1,617,521.6172,
WT+X1,1,618,689.1277,
WT+X1,1,619,399.6489,
WT+X1,1,620,903.7349,
WT+X1,1,621,378.7089,
WT+X1,1,622,1550.9728,
WT+X1,1,623,928.1595,
WT+X1,1,624,588.7604,
WT+X1,1,625,441.8856,
WT+X1,1,626,994.1136,
WT+X1,1,627,819.5082,
WT+X1,1,628,892.3438,
WT+X1,1,629,476.0496,
WT+X1,1,630,807.6667,
WT+X1,1,631,1717.8148,
WT+X1,1,632,830.7473,
WT+X1,1,633,735.4681,
WT+X1,1,634,549.25,
WT+X1,1,635,3602.2913,
WT+X1,1,636,1033.6323,
WT+X1,1,637,637.4196,
WT+X1,1,638,828.8704,
WT+X1,1,639,776.5408,
WT+X1,1,640,788.3787,
WT+X1,1,641,632.3834,
WT+X1,1,642,513.1833,
WT+X1,1,643,418.0823,
WT+X1,1,644,680.1797,
WT+X1,1,645,573.1935,
WT+X1,1,646,822.8495,
WT+X1,1,647,508.0882,
WT+X1,1,648,845.9814,
WT+X1,1,649,392.054,
WT+X1,1,650,918.3055,
WT+X1,1,651,828.2273,
WT+X1,1,652,857.711,
WT+X1,1,653,390.8718,
WT+X1,1,654,1740.8462,
WT+X1,1,655,960.9264,
WT+X1,1,656,1590.7803,
WT+X1,1,657,375.1336,
WT+X1,1,658,534.3698,
WT+X1,1,659,463.75,
WT+X1,1,660,599.7143,
WT+X1,1,661,1851.0278,
WT+X1,1,662,2369.8823,
WT+X1,1,663,2674.2891,
WT+X1,1,664,781.3721,
WT+X1,1,665,1091.8282,
WT+X1,1,666,692.1338,
WT+X1,1,667,1737.1296,
WT+X1,1,668,618.919,
WT+X1,1,669,7601.647,
WT+X1,1,670,716.3772,
WT+X1,1,671,512.2388,
WT+X1,1,672,840.0678,
WT+X1,1,673,908.912,
WT+X1,1,674,851.9841,
WT+X1,1,675,750.3957,
WT+X1,1,676,562.4755,
WT+X1,1,677,627.0804,
WT+X1,1,678,892.6902,
WT+X1,1,679,795.814,
WT+X1,1,680,568.1513,
WT+X1,1,681,464.2294,
WT+X1,1,682,706.0187,
WT+X1,1,683,914.8333,
WT+X1,1,684,1575.9283,
WT+X1,1,685,1665.9747,
WT+X1,1,686,1499.4885,
WT+X1,1,687,832.5886,
WT+X1,1,688,540.3077,
WT+X1,1,689,522.2933,
WT+X1,1,690,411.5033,
WT+X1,1,691,378.5085,
WT+X1,1,692,903.8538,
WT+X1,1,693,308.1837,
WT+X1,1,694,457.9561,
WT+X1,1,695,1811.3014,
WT+X1,1,696,1173.6786,
WT+X1,1,697,816.9318,
WT+X1,1,698,814.5814,
WT+X1,1,699,1623.2439,
WT+X1,1,700,830.9783,
WT+X1,1,701,458.9533,
WT+X1,1,702,1008.1215,
WT+X1,1,703,1496.0471,
WT+X1,1,704,857.8889,
WT+X1,1,705,570.7534,
WT+X1,1,706,545.8713,
WT+X1,1,707,413.6078,
WT+X1,1,708,766.1717,
WT+X1,1,709,501.698,
WT+X1,1,710,570.4554,
WT+X1,1,711,854.2587,
WT+X1,1,712,779.7638,
WT+X1,1,713,565.2283,
WT+X1,1,714,468.7875,
WT+X1,1,715,466.4082,
WT+X1,1,716,1638.7886,
WT+X1,1,717,922.7863,
WT+X1,1,718,818.7263,
WT+X1,1,719,500.9739,
WT+X1,1,720,964.6299,
WT+X1,1,721,701.0309,
WT+X1,1,722,528.9408,
WT+X1,1,723,455.5802,
WT+X1,1,724,355.7252,
WT+X1,1,725,1193.7252,
WT+X1,1,726,746.4016,
WT+X1,1,727,671.9918,
WT+X1,1,728,385.6842,
WT+X1,1,729,2764.3333,
WT+X1,1,730,979.3466,
WT+X1,1,731,797.8611,
WT+X1,1,732,488.6494,
WT+X1,1,733,432.3932,
WT+X1,1,734,896.8651,
WT+X1,1,735,971.785,
WT+X1,1,736,842.0206,
WT+X1,1,737,907.1406,
WT+X1,1,738,463.2817,
WT+X1,1,739,1211.8896,
WT+X1,1,740,936.2443,
WT+X1,1,741,406.62,
WT+X1,1,742,515.1058,
WT+X1,1,743,800.9085,
WT+X1,1,744,573.9216,
WT+X1,1,745,597.4167,
WT+X1,1,746,2274.8511,
WT+X1,1,747,410.36,
WT+X1,1,748,1233.2375,
WT+X1,1,749,763.8182,
WT+X1,1,750,698.3768,
WT+X1,1,751,1007.6885,
WT+X1,1,752,912.5331,
WT+X1,1,753,636.9154,
WT+X1,1,754,617.5637,
WT+X1,1,755,448.8899,
WT+X1,1,756,599.0476,
WT+X1,1,757,376.9568,
WT+X1,1,758,1675.9927,
WT+X1,1,759,1282.8591,
WT+X1,1,760,749.9405,
WT+X1,1,761,784.5897,
WT+X1,1,762,412.6417,
WT+X1,1,763,870.8217,
WT+X1,1,764,810.2975,
WT+X1,1,765,663.7966,
WT+X1,1,766,539.9308,
WT+X1,1,767,638.6024,
WT+X1,1,768,1267.9163,
WT+X1,1,769,1140.8833,
WT+X1,1,770,485.0429,
WT+X1,1,771,597.7879,
WT+X1,1,772,550.3636,
WT+X1,1,773,931.4819,
WT+X1,1,774,786.1,
WT+X1,1,775,569.6595,
WT+X1,1,776,454.3241,
WT+X1,1,777,1069.0909,
WT+X1,1,778,379.5688,
WT+X1,1,779,1559,
WT+X1,1,780,5229.8652,
WT+X1,1,781,892.7675,
WT+X1,1,782,1718.1379,
WT+X1,1,783,1414.3387,
WT+X1,1,784,540.8734,
WT+X1,1,785,439.0286,
WT+X1,1,786,396.8933,
WT+X1,1,787,464.8899,
WT+X1,1,788,630.2105,
WT+X1,1,789,816.2301,
WT+X1,1,790,473.3543,
WT+X1,1,791,1462.7222,
WT+X1,1,792,803.5425,
WT+X1,1,793,755.8452,
WT+X1,1,794,616.349,
WT+X1,1,795,678.5,
WT+X1,1,796,407.6344,
WT+X1,1,797,733.9325,
WT+X1,1,798,593.9091,
WT+X1,1,799,546.9703,
WT+X1,1,800,580.6334,
WT+X1,1,801,1138.5536,
WT+X1,1,802,658.7912,
WT+X1,1,803,678.5266,
WT+X1,1,804,597.5267,
WT+X1,1,805,1052.9324,
WT+X1,1,806,466.0408,
WT+X1,1,807,816.3047,
WT+X1,1,808,348.1367,
WT+X1,1,809,562.5507,
WT+X1,1,810,1467.5588,
WT+X1,1,811,2027.3672,
WT+X1,1,812,802.1531,
WT+X1,1,813,563.0508,
WT+X1,1,814,772.2769,
WT+X1,1,815,423.133,
WT+X1,1,816,1165.1666,
WT+X1,1,817,857.5396,
WT+X1,1,818,1561.7952,
WT+X1,1,819,1702.5359,
WT+X1,1,820,868.6059,
WT+X1,1,821,731.4592,
WT+X1,1,822,684.4483,
WT+X1,1,823,1550.4779,
WT+X1,1,824,965.6477,
WT+X1,1,825,712.5769,
WT+X1,1,826,399.2,
WT+X1,1,827,1116.2153,
WT+X1,1,828,964.1173,
WT+X1,1,829,853.6923,
WT+X1,1,830,382.6087,
WT+X1,1,831,1803.0278,
WT+X1,1,832,476.7647,
WT+X1,1,833,745.4167,
WT+X1,1,834,497.4133,
WT+X1,1,835,739.4402,
WT+X1,1,836,612.1542,
WT+X1,1,837,477.7984,
WT+X1,1,838,448.1093,
WT+X1,1,839,770.1719,
WT+X1,1,840,494.0328,
WT+X1,1,841,393.3889,
WT+X1,1,842,1147.4683,
WT+X1,1,843,645.7619,
WT+X1,1,844,457.4336,
WT+X1,1,845,830.3004,
WT+X1,1,846,766.6667,
WT+X1,1,847,587.8431,
WT+X1,1,848,487.5538,
WT+X1,1,849,1087.2201,
WT+X1,1,850,740.9754,
WT+X1,1,851,649.7426,
WT+X1,1,852,1061.1136,
WT+X1,1,853,1320.6993,
WT+X1,1,854,719.9875,
WT+X1,1,855,587.9005,
WT+X1,1,856,442.4725,
WT+X1,1,857,490.8396,
WT+X1,1,858,392.5941,
WT+X1,1,859,1019.9868,
WT+X1,1,860,656.54,
WT+X1,1,861,604.8467,
WT+X1,1,862,1473.0776,
WT+X1,1,863,1201.7817,
WT+X1,1,864,1741.8,
WT+X1,1,865,560.75,
WT+X1,1,866,494.4804,
WT+X1,1,867,841.3894,
WT+X1,1,868,2438.4172,
WT+X1,1,869,825.1733,
WT+X1,1,870,651.6739,
WT+X1,1,871,346.9672,
WT+X1,1,872,1080.6045,
WT+X1,1,873,851.914,
WT+X1,1,874,1108.8636,
WT+X1,1,875,589.9042,
WT+X1,1,876,490.1623,
WT+X1,1,877,404.5047,
WT+X1,1,878,468.0921,
WT+X1,1,879,1086.3374,
WT+X1,1,880,1263.3684,
WT+X1,1,881,804.3591,
WT+X1,1,882,427.9174,
WT+X1,1,883,1406.8823,
WT+X1,1,884,1383.0537,
WT+X1,1,885,735.7925,
WT+X1,1,886,626,
WT+X1,1,887,545.1157,
WT+X1,1,888,1665.0072,
WT+X1,1,889,609.2,
WT+X1,1,890,550.1099,
WT+X1,1,891,445.71,
WT+X1,1,892,889.678,
WT+X1,1,893,550.718,
WT+X1,1,894,1406.0588,
WT+X1,1,895,714.9857,
WT+X1,1,896,612.6536,
WT+X1,1,897,507,
WT+X1,1,898,419.3226,
WT+X1,1,899,597.2128,
WT+X1,1,900,860.6448,
WT+X1,1,901,923.3834,
WT+X1,1,902,729.5692,
WT+X1,1,903,505.1939,
WT+X1,1,904,1330.2687,
WT+X1,1,905,668.1284,
WT+X1,1,906,410.0879,
WT+X1,1,907,624.8008,
WT+X1,1,908,1207.7086,
WT+X1,1,909,628.9074,
WT+X1,1,910,610.701,
WT+X1,1,911,429.1549,
WT+X1,1,912,1631.2142,
WT+X1,1,913,1131.8829,
WT+X1,1,914,858.1884,
WT+X1,1,915,998.5833,
WT+X1,1,916,804.3636,
WT+X1,1,917,576.967,
WT+X1,1,918,611.8553,
WT+X1,1,919,616.7595,
WT+X1,1,920,521.9889,
WT+X1,1,921,482.2857,
WT+X1,1,922,1475.2993,
WT+X1,1,923,631.2619,
WT+X1,1,924,668.116,
WT+X1,1,925,843.4587,
WT+X1,1,926,746.1625,
WT+X1,1,927,420.6701,
WT+X1,1,928,795.4286,
WT+X1,1,929,397.757,
WT+X1,1,930,1049.3779,
WT+X1,1,931,720.0968,
WT+X1,1,932,695.8203,
WT+X1,1,933,831.815,
WT+X1,1,934,690.1774,
WT+X1,1,935,543.5176,
WT+X1,1,936,877.215,
WT+X1,1,937,733.7163,
WT+X1,1,938,663.487,
WT+X1,1,939,627.2808,
WT+X1,1,940,645.3091,
WT+X1,1,941,753.4157,
WT+X1,1,942,522.3923,
WT+X1,1,943,995.752,
WT+X1,1,944,516.3958,
WT+X1,1,945,755.0806,
WT+X1,1,946,1023.7432,
WT+X1,1,947,539.7957,
WT+X1,1,948,559.3448,
WT+X1,1,949,404.451,
WT+X1,1,950,449.4732,
WT+X1,1,951,842.9945,
WT+X1,1,952,712.5,
WT+X1,1,953,567.9149,
WT+X1,1,954,561.1149,
WT+X1,1,955,475.16,
WT+X1,1,956,864.3943,
WT+X1,1,957,581.3975,
WT+X1,1,958,523.1795,
WT+X1,1,959,476.7143,
WT+X1,1,960,438.0986,
WT+X1,1,961,1534.8655,
WT+X1,1,962,801.1008,
WT+X1,1,963,683.886,
WT+X1,1,964,906.2095,
WT+X1,1,965,994.9885,
WT+X1,1,966,894.2945,
WT+X1,1,967,681.5854,
WT+X1,1,968,522.7657,
WT+X1,1,969,918.1364,
WT+X1,1,970,884.7994,
WT+X1,1,971,541.2867,
WT+X1,1,972,596.75,
WT+X1,1,973,638,
WT+X1,1,974,1539.957,
WT+X1,1,975,1211.8383,
WT+X1,1,976,1089.0148,
WT+X1,1,977,1247.7084,
WT+X1,1,978,1369.3846,
WT+X1,1,979,476.06,
WT+X1,1,980,692.843,
WT+X1,1,981,927.9211,
WT+X1,1,982,427.0063,
WT+X1,1,983,682.2485,
WT+X1,1,984,407.6571,
WT+X1,1,985,1218.2893,
WT+X1,1,986,1124.0531,
WT+X1,1,987,1023.0283,
WT+X1,1,988,792.4806,
WT+X1,1,989,518.8441,
WT+X1,1,990,514.0417,
WT+X1,1,991,718.3279,
WT+X1,1,992,648.5891,
WT+X1,1,993,466.6723,
WT+X1,1,994,598.4,
WT+X1,1,995,1185.4678,
WT+X1,1,996,932.3333,
WT+X1,1,997,691.0893,
WT+X1,1,998,760.1049,
WT+X1,1,999,1131.0923,
WT+X1,1,1000,1349.3815,
WT+X1,1,1001,528.6595,
WT+X1,1,1002,575.9508,
WT+X1,1,1003,1228.5909,
WT+X1,1,1004,503.2308,
WT+X1,1,1005,740.0272,
WT+X1,1,1006,545.1829,
WT+X1,1,1007,1180.9592,
WT+X1,1,1008,945.0198,
WT+X1,1,1009,863.2098,
WT+X1,1,1010,740.4324,
WT+X1,1,1011,683.647,
WT+X1,1,1012,456.3836,
WT+X1,1,1013,866.2794,
WT+X1,1,1014,591.3102,
WT+X1,1,1015,890.6,
WT+X1,1,1016,706.9478,
WT+X1,1,1017,932.7818,
WT+X1,1,1018,415.8,
WT+X1,1,1019,1107.3269,
WT+X1,1,1020,1036.3186,
WT+X1,1,1021,974.8685,
WT+X1,1,1022,500.0746,
WT+X1,1,1023,1152.5378,
WT+X1,1,1024,1085.9508,
WT+X1,1,1025,625.5555,
WT+X1,1,1026,961.1918,
WT+X1,1,1027,861,
WT+X1,1,1028,423.9541,
WT+X1,1,1029,536.7085,
WT+X1,1,1030,506.9429,
WT+X1,1,1031,774.4382,
WT+X1,1,1032,771.2785,
WT+X1,1,1033,721.6115,
WT+X1,1,1034,558.2381,
WT+X1,1,1035,912.6316,
WT+X1,1,1036,924.8073,
WT+X1,1,1037,584.6526,
WT+X1,1,1038,777.4291,
WT+X1,1,1039,976.0374,
WT+X1,1,1040,615.1604,
WT+X1,1,1041,975.4506,
WT+X1,1,1042,875.4151,
WT+X1,1,1043,528.086,
WT+X1,1,1044,918.1636,
WT+X1,1,1045,724.0555,
WT+X1,1,1046,726.4643,
WT+X1,1,1047,563.2651,
WT+X1,1,1048,480.3529,
WT+X1,1,1049,640.2571,
WT+X1,1,1050,428.36,
WT+X1,1,1051,502.3,
WT+X1,1,1052,501.6068,
WT+X1,1,1053,866.7863,
WT+X1,1,1054,1187.5212,
WT+X1,1,1055,1044.8788,
WT+X1,1,1056,1030.16,
WT+X1,1,1057,875.3782,
WT+X1,1,1058,944.5949,
WT+X1,1,1059,642.6992,
WT+X1,1,1060,576.0548,
WT+X1,1,1061,789.1343,
WT+X1,1,1062,481.47,
WT+X1,1,1063,754.0278,
WT+X1,1,1064,743.8203,
WT+X1,1,1065,575.1865,
WT+X1,1,1066,687.373,
WT+X1,1,1067,730.9519,
WT+X1,1,1068,803.4624,
WT+X1,1,1069,901.4775,
WT+X1,1,1070,1281.9844,
WT+X1,1,1071,692.3032,
WT+X1,1,1072,961.5566,
WT+X1,1,1073,840.1302,
WT+X1,1,1074,676.2895,
WT+X1,1,1075,196.2376,
WT+X1,1,1076,543.3587,
WT+X1,1,1077,862.0139,
WT+X1,1,1078,533.1395,
WT+X1,1,1079,1077.8085,
WT+X1,1,1080,1006.7907,
WT+X1,1,1081,699.4792,
WT+X1,1,1082,867.9792,
WT+X1,1,1083,525.4205,
WT+X1,1,1084,523.3816,
WT+X1,1,1085,1350.3616,
WT+X1,1,1086,1014.5714,
WT+X1,1,1087,1042.6807,
WT+X1,1,1088,891.6292,
WT+X1,1,1089,680.5167,
WT+X1,1,1090,714.2993,
WT+X1,1,1091,735.8472,
WT+X1,1,1092,521.9375,
WT+X1,1,1093,594.6566,
WT+X1,1,1094,1020.3527,
WT+X1,1,1095,724.8036,
WT+X1,1,1096,626.9081,
WT+X1,1,1097,541.4932,
WT+X1,1,1098,1342.8959,
WT+X1,1,1099,561.4,
WT+X1,1,1100,490.0204,
WT+X1,1,1101,916.2396,
WT+X1,1,1102,1124.6475,
WT+X1,1,1103,747.0133,
WT+X1,1,1104,362.9562,
WT+X1,1,1105,985.121,
WT+X1,1,1106,836.0612,
WT+X1,1,1107,875.3367,
WT+X1,1,1108,929.1277,
WT+X1,1,1109,834.9545,
WT+X1,1,1110,881.0326,
WT+X1,1,1111,859.2386,
WT+X1,1,1112,737.0204,
WT+X1,1,1113,585.7143,
WT+X1,1,1114,568.7745,
WT+X1,1,1115,1189.8431,
WT+X1,1,1116,768.7982,
WT+X1,1,1117,865.7518,
WT+X1,1,1118,999.5476,
WT+X1,1,1119,710.2457,
WT+X1,1,1120,532.1359,
WT+X1,1,1121,716.6624,
WT+X1,1,1122,955.6667,
WT+X1,1,1123,773.1919,
WT+X1,1,1124,576.887,
WT+X1,1,1125,653.7422,
WT+X1,1,1126,1049.9928,
WT+X1,1,1127,804.7267,
WT+X1,1,1128,703.9412,
WT+X1,1,1129,606.7091,
WT+X1,1,1130,595.4875,
WT+X1,1,1131,973.0465,
WT+X1,1,1132,696.9445,
WT+X1,1,1133,546.1212,
WT+X1,1,1134,592.1986,
WT+X1,1,1135,886.6842,
WT+X1,1,1136,722.7665,
WT+X1,1,1137,526.5441,
WT+X1,1,1138,836.6097,
WT+X1,1,1139,706.7966,
WT+X1,1,1140,770.8134,
WT+X1,1,1141,532.006,
WT+X1,1,1142,695.8256,
WT+X1,1,1143,586.8093,
WT+X1,1,1144,823.2051,
WT+X1,1,1145,850.1771,
WT+X1,1,1146,697.9811,
WT+X1,1,1147,1210.1666,
WT+X1,1,1148,820.9575,
WT+X1,1,1149,715.7853,
WT+X1,1,1150,849.4615,
WT+X1,1,1151,905.6451,
WT+X1,1,1152,741.0657,
WT+X1,1,1153,607.1628,
WT+X1,1,1154,1110.8667,
WT+X1,1,1155,653.1053,
WT+X1,1,1156,563.0921,
WT+X1,1,1157,880.9207,
WT+X1,1,1158,926.7629,
WT+X1,1,1159,780.3793,
WT+X1,1,1160,702.7273,
WT+X1,1,1161,490.9808,
WT+X1,1,1162,1468.5222,
WT+X1,1,1163,831.9211,
WT+X1,1,1164,637.9039,
WT+X1,1,1165,576.9623,
WT+X1,1,1166,818.239,
WT+X1,1,1167,629.0877,
WT+X1,1,1168,737,
WT+X1,1,1169,667.3455,
WT+X1,1,1170,761.4366,
WT+X1,1,1171,687.8395,
WT+X1,1,1172,1060.7307,
WT+X1,1,1173,742.1943,
WT+X1,1,1174,826.9733,
WT+X1,1,1175,844.72,
WT+X1,1,1176,907.934,
WT+X1,1,1177,808.3333,
WT+X1,1,1178,1217.7557,
WT+X1,1,1179,1098.6842,
WT+X1,1,1180,447.3478,
WT+X1,1,1181,764.6857,
WT+X1,1,1182,940.3781,
WT+X1,1,1183,616.4022,
WT+X1,1,1184,712.725,
WT+X1,1,1185,722.7672,
WT+X1,1,1186,597.7526,
WT+X1,1,1187,970.7434,
WT+X1,1,1188,690.3333,
WT+X1,1,1189,568.5625,
WT+X1,1,1190,505.1234,
WT+X1,1,1191,937.9647,
WT+X1,1,1192,786.5088,
WT+X1,1,1193,1103.6923,
WT+X1,1,1194,919.4553,
WT+X1,1,1195,856.0069,
WT+X1,1,1196,913.8941,
WT+X1,1,1197,604.52,
WT+X1,1,1198,526.5645,
WT+X1,1,1199,833.1705,
WT+X1,1,1200,843.5591,
WT+X1,1,1201,815.8691,
WT+X1,1,1202,831.6537,
WT+X1,1,1203,963.0633,
WT+X1,1,1204,851.2677,
WT+X1,1,1205,666.2338,
WT+X1,1,1206,588.9403,
WT+X1,1,1207,1164.9103,
WT+X1,1,1208,956.2907,
WT+X1,1,1209,714.2928,
WT+X1,1,1210,858.6458,
WT+X1,1,1211,498.925,
WT+X1,1,1212,795.28,
WT+X1,1,1213,728.5154,
WT+X1,1,1214,889.5949,
WT+X1,1,1215,943.4842,
WT+X1,1,1216,598.6103,
WT+X1,1,1217,756.6591,
WT+X1,1,1218,706.9567,
WT+X1,1,1219,1063.4155,
WT+X1,1,1220,715.6484,
WT+X1,1,1221,905.7308,
WT+X1,1,1222,716.4167,
WT+X1,1,1223,801.6127,
WT+X1,1,1224,528.8864,
WT+X1,1,1225,955.6519,
WT+X1,1,1226,650.6973,
WT+X1,1,1227,1014.9514,
WT+X1,1,1228,842.6081,
WT+X1,1,1229,687.2977,
WT+X1,1,1230,481.5674,
WT+X1,1,1231,1055.7076,
WT+X1,1,1232,1043.0585,
WT+X1,1,1233,705.0141,
WT+X1,1,1234,469.8965,
WT+X1,1,1235,346.5761,
WT+X1,1,1236,1033.09,
WT+X1,1,1237,603.5,
WT+X1,1,1238,188.8039,
WT+X1,1,1239,877.7368,
WT+X1,1,1240,565.0083,
WT+X1,1,1241,1010.967,
WT+X1,1,1242,877.1987,
WT+X1,1,1243,2852.9827,
WT+X1,1,1244,622.4445,
WT+X1,1,1245,918.1359,
WT+X1,1,1246,639.7802,
WT+X1,1,1247,862.4146,
WT+X1,1,1248,913.8091,
WT+X1,1,1249,657.6967,
WT+X1,1,1250,623.2976,
WT+X1,1,1251,992.5267,
WT+X1,1,1252,726.7683,
WT+X1,1,1253,710.3585,
WT+X1,1,1254,910.5278,
WT+X1,1,1255,754.6707,
WT+X1,1,1256,717.2267,
WT+X1,1,1257,806.3454,
WT+X1,1,1258,686.9617,
WT+X1,1,1259,1118.6735,
WT+X1,1,1260,1002.9,
WT+X1,1,1261,831.8387,
WT+X1,1,1262,849.8444,
WT+X1,1,1263,677.9128,
WT+X1,1,1264,932.0965,
WT+X1,1,1265,893.4286,
WT+X1,1,1266,1189.502,
WT+X1,1,1267,1097.8385,
WT+X1,1,1268,841.5323,
WT+X1,1,1269,647.8372,
WT+X1,1,1270,421.6566,
WT+X1,1,1271,1099.0511,
WT+X1,1,1272,737.1919,
WT+X1,1,1273,853.7316,
WT+X1,1,1274,1120.8077,
WT+X1,1,1275,936.8355,
WT+X1,1,1276,810.8513,
WT+X1,1,1277,697.629,
WT+X1,1,1278,602.3922,
WT+X1,1,1279,1202.4733,
WT+X1,1,1280,379.0882,
WT+X1,1,1281,635.5227,
WT+X1,1,1282,561.8069,
WT+X1,1,1283,791.4476,
WT+X1,1,1284,662.1855,
WT+X1,1,1285,560.1682,
WT+X1,1,1286,271.4337,
WT+X1,1,1287,462.8398,
WT+X1,1,1288,426.7453,
WT+X1,1,1289,2523.7717,
WT+X1,1,1290,931.8968,
WT+X1,1,1291,662.7614,
WT+X1,1,1292,856.6212,
WT+X1,1,1293,924.5446,
WT+X1,1,1294,954.2727,
WT+X1,1,1295,756.3535,
WT+X1,1,1296,704.6478,
WT+X1,1,1297,344.5135,
WT+X1,1,1298,1021.549,
WT+X1,1,1299,1132.754,
WT+X1,1,1300,1021.5695,
WT+X1,1,1301,819.6243,
WT+X1,1,1302,691.2867,
WT+X1,1,1303,905.5674,
WT+X1,1,1304,942.8077,
WT+X1,1,1305,1517.5566,
WT+X1,1,1306,939.5929,
WT+X1,1,1307,787.6814,
WT+X1,1,1308,1023.8393,
WT+X1,1,1309,847.8131,
WT+X1,1,1310,661.1667,
WT+X1,1,1311,788.037,
WT+X1,1,1312,714.8158,
WT+X1,1,1313,789.5333,
WT+X1,1,1314,734.7564,
WT+X1,1,1315,1044.1951,
WT+X1,1,1316,862.4891,
WT+X1,1,1317,642.3478,
WT+X1,1,1318,797.4066,
WT+X1,1,1319,249.0726,
WT+X1,1,1320,739.5931,
WT+X1,1,1321,1107.5358,
WT+X1,1,1322,591.375,
WT+X1,1,1323,1150.9135,
WT+X1,1,1324,871.4329,
WT+X1,1,1325,798.6992,
WT+X1,1,1326,1048.5947,
WT+X1,1,1327,697.022,
WT+X1,1,1328,949.0097,
WT+X1,1,1329,894.2703,
WT+X1,1,1330,768.2593,
WT+X1,1,1331,913.4369,
WT+X1,1,1332,919.8077,
WT+X1,1,1333,738.757,
WT+X1,1,1334,758.2706,
WT+X1,1,1335,1213.6337,
WT+X1,1,1336,774.9408,
WT+X1,1,1337,766.0874,
WT+X1,1,1338,710.1902,
WT+X1,1,1339,750.9256,
WT+X1,1,1340,758.4091,
WT+X1,1,1341,864.9578,
WT+X1,1,1342,757.7,
WT+X1,1,1343,825.6182,
WT+X1,1,1344,1012.1064,
WT+X1,1,1345,781.1,
WT+X1,1,1346,801.2642,
WT+X1,1,1347,937.0179,
WT+X1,1,1348,912.0331,
WT+X1,1,1349,733.3306,
WT+X1,1,1350,886.1143,
WT+X1,1,1351,935.8131,
WT+X1,1,1352,768.6979,
WT+X1,1,1353,782.2315,
WT+X1,1,1354,476.4623,
WT+X1,1,1355,1012.0379,
WT+X1,1,1356,695.7207,
WT+X1,1,1357,1008.0292,
WT+X1,1,1358,819.7252,
WT+X1,1,1359,705.1667,
WT+X1,1,1360,793.1854,
WT+X1,1,1361,1142.1782,
WT+X1,1,1362,807.3962,
WT+X1,1,1363,706.2775,
WT+X1,1,1364,806.4135,
WT+X1,1,1365,892.7041,
WT+X1,1,1366,744.2024,
WT+X1,1,1367,921.8682,
WT+X1,1,1368,707.1923,
WT+X1,1,1369,459.9325,
WT+X1,1,1370,702.847,
WT+X1,1,1371,1136.3625,
WT+X1,1,1372,740.9818,
WT+X1,1,1373,861.3798,
WT+X1,1,1374,689.632,
WT+X1,1,1375,742.1512,
WT+X1,1,1376,946.3361,
WT+X1,1,1377,695.0891,
WT+X1,1,1378,328.2534,
WT+X1,1,1379,1021.1553,
WT+X1,1,1380,810.8082,
WT+X1,1,1381,997.2439,
WT+X1,1,1382,1004.7297,
WT+X1,1,1383,677,
WT+X1,1,1384,718.7657,
WT+X1,1,1385,868.1739,
WT+X1,1,1386,1078.8302,
WT+X1,1,1387,727.4698,
WT+X1,1,1388,279.0952,
WT+X1,1,1389,703.8583,
WT+X1,1,1390,786.1166,
WT+X1,1,1391,877.15,
WT+X1,1,1392,835.0355,
WT+X1,1,1393,852.2895,
WT+X1,1,1394,505.76,
WT+X1,1,1395,699.6454,
WT+X1,1,1396,782.4648,
WT+X1,1,1397,855.9326,
WT+X1,1,1398,936.6429,
WT+X1,1,1399,798.823,
WT+X1,1,1400,937.9487,
WT+X1,1,1401,684.1454,
WT+X1,1,1402,1045.2745,
WT+X1,1,1403,399.3636,
WT+X1,1,1404,1073.5125,
WT+X1,1,1405,770.8686,
WT+X1,1,1406,544.3062,
WT+X1,1,1407,263.4463,
WT+X1,1,1408,651.5959,
WT+X1,1,1409,748.381,
WT+X1,1,1410,534.2768,
WT+X1,1,1411,941.13,
WT+X1,1,1412,658.2593,
WT+X1,1,1413,728.3246,
WT+X1,1,1414,644.6136,
WT+X1,1,1415,897.8868,
WT+X1,1,1416,925.175,
WT+X1,1,1417,1171.2367,
WT+X1,1,1418,737.1069,
WT+X1,1,1419,671.4932,
WT+X1,1,1420,1057.3334,
WT+X1,1,1421,676.9625,
WT+X1,1,1422,978.3636,
WT+X1,1,1423,789.6986,
WT+X1,1,1424,944.7143,
WT+X1,1,1425,725.9298,
WT+X1,1,1426,770.5739,
WT+X1,1,1427,1002.5091,
WT+X1,1,1428,785.1351,
WT+X1,1,1429,704.25,
WT+X1,1,1430,843.9243,
WT+X1,1,1431,328.4419,
WT+X1,1,1432,1037.2028,
WT+X1,1,1433,980.3418,
WT+X1,1,1434,918.8182,
WT+X1,1,1435,915.92,
WT+X1,1,1436,903.8015,
WT+X1,1,1437,733.6119,
WT+X1,1,1438,705.3364,
WT+X1,1,1439,752.5586,
WT+X1,1,1440,1215.292,
WT+X1,1,1441,921.6667,
WT+X1,1,1442,945.85,
WT+X1,1,1443,434.3241,
WT+X1,1,1444,1086.3112,
WT+X1,1,1445,1044.0991,
WT+X1,1,1446,690.8889,
WT+X1,1,1447,793,
WT+X1,1,1448,368.2018,
WT+X1,1,1449,1050.2255,
WT+X1,1,1450,918.5555,
WT+X1,1,1451,594.775,
WT+X1,1,1452,650.4667,
WT+X1,1,1453,726.3696,
WT+X1,1,1454,892.1149,
WT+X1,1,1455,1244.9122,
WT+X1,1,1456,825.8132,
WT+X1,1,1457,708.7538,
WT+X1,1,1458,1186.282,
WT+X1,1,1459,761.3297,
WT+X1,1,1460,765.203,
WT+X1,1,1461,1137.7592,
WT+X1,1,1462,872.3551,
WT+X1,1,1463,249.7745,
WT+X1,1,1464,827.0469,
WT+X1,1,1465,735.3152,
WT+X1,1,1466,640.5893,
WT+X1,1,1467,823.22,
WT+X1,1,1468,594.1132,
WT+X1,1,1469,877.5981,
WT+X1,1,1470,1000.4117,
WT+X1,1,1471,703.1604,
WT+X1,1,1472,592.814,
WT+X1,1,1473,859.5875,
WT+X1,1,1474,854.0306,
WT+X1,1,1475,657.5906,
WT+X1,1,1476,130.2088,
WT+X1,1,1477,802.0441,
WT+X1,1,1478,699.7976,
WT+X1,1,1479,754.1866,
WT+X1,1,1480,463.4758,
WT+X1,1,1481,650.0211,
WT+X1,1,1482,781.2754,
WT+X1,1,1483,1011.8046,
WT+X1,1,1484,865.736,
WT+X1,1,1485,1161.3374,
WT+X1,1,1486,943.3925,
WT+X1,1,1487,901.8965,
WT+X1,1,1488,714.1031,
WT+X1,1,1489,388.1212,
WT+X1,1,1490,827.9882,
WT+X1,1,1491,824.6634,
WT+X1,1,1492,1076.3132,
WT+X1,1,1493,434.015,
WT+X1,1,1494,794.7155,
WT+X1,1,1495,651.0519,
WT+X1,1,1496,453.2993,
WT+X1,1,1497,713.8491,
WT+X1,1,1498,834.2697,
WT+X1,1,1499,741.3077,
WT+X1,1,1500,778.7361,
WT+X1,1,1501,908.8926,
WT+X1,1,1502,289.6852,
WT+X1,1,1503,1081.7656,
WT+X1,1,1504,393.7871,
WT+X1,1,1505,773.8955,
WT+X1,1,1506,691.8718,
WT+X1,1,1507,849.4237,
WT+X1,1,1508,425.3864,
WT+X1,1,1509,763.9272,
WT+X1,1,1510,290.8678,
WT+X1,1,1511,988.3806,
WT+X1,1,1512,739.9134,
WT+X1,1,1513,882.2857,
WT+X1,1,1514,698.2466,
WT+X1,1,1515,471.1938,
WT+X1,1,1516,812.562,
WT+X1,1,1517,936.194,
WT+X1,1,1518,1055.9749,
WT+X1,1,1519,330.8917,
WT+X1,1,1520,692.7073,
WT+X1,1,1521,923.5986,
WT+X1,1,1522,911.0217,
WT+X1,1,1523,878.2273,
WT+X1,1,1524,366.5789,
WT+X1,1,1525,719.9808,
WT+X1,1,1526,935.7659,
WT+X1,1,1527,879.5106,
WT+X1,1,1528,1219.882,
WT+X1,1,1529,864.0975,
WT+X1,1,1530,711.5246,
WT+X1,1,1531,914.4832,
WT+X1,1,1532,900.625,
WT+X1,1,1533,494.3187,
WT+X1,1,1534,749.026,
WT+X1,1,1535,686.0467,
WT+X1,1,1536,439.2917,
WT+X1,1,1537,694.2892,
WT+X1,1,1538,816.027,
WT+X1,1,1539,756.3469,
WT+X1,1,1540,843.6966,
WT+X1,1,1541,671.5319,
WT+X1,1,1542,933.7897,
WT+X1,1,1543,771.7386,
WT+X1,1,1544,725.5034,
WT+X1,1,1545,677.3658,
WT+X1,1,1546,785.2907,
WT+X1,1,1547,820.125,
WT+X1,1,1548,1102.6891,
WT+X1,1,1549,1017.4348,
WT+X1,1,1550,714.6883,
WT+X1,1,1551,823.535,
WT+X1,1,1552,753.0529,
WT+X1,1,1553,867.0448,
WT+X1,1,1554,286.6885,
WT+X1,1,1555,678.3111,
WT+X1,1,1556,832.7143,
WT+X1,1,1557,721.4766,
WT+X1,1,1558,642.2567,
WT+X1,1,1559,759.6834,
WT+X1,1,1560,905.9535,
WT+X1,1,1561,897.6607,
WT+X1,1,1562,250.4471,
WT+X1,1,1563,745.2242,
WT+X1,1,1564,400.2632,
WT+X1,1,1565,673.6818,
WT+X1,1,1566,396.5338,
WT+X1,1,1567,830.3333,
WT+X1,1,1568,602.8744,
WT+X1,1,1569,666.1219,
WT+X1,1,1570,815.2642,
WT+X1,1,1571,1023.104,
WT+X1,1,1572,892.8258,
WT+X1,1,1573,755.1187,
WT+X1,1,1574,786.3696,
WT+X1,1,1575,727.8095,
WT+X1,1,1576,867.8461,
WT+X1,1,1577,786.4853,
WT+X1,1,1578,423.6161,
WT+X1,1,1579,767.2147,
WT+X1,1,1580,983.9479,
WT+X1,1,1581,949.7158,
WT+X1,1,1582,739.4681,
WT+X1,1,1583,665.375,
WT+X1,1,1584,369.2051,
WT+X1,1,1585,746.5934,
WT+X1,1,1586,811.6154,
WT+X1,1,1587,537.3636,
WT+X1,1,1588,385.4,
WT+X1,1,1589,945.32,
WT+X1,1,1590,692.0938,
WT+X1,1,1591,935.3066,
WT+X1,1,1592,666.8583,
WT+X1,1,1593,865.6895,
WT+X1,1,1594,730.4155,
WT+X1,1,1595,804.4667,
WT+X1,1,1596,890.2222,
WT+X1,1,1597,683.5439,
WT+X1,1,1598,446.4133,
WT+X1,1,1599,306.3787,
WT+X1,1,1600,735.5844,
WT+X1,1,1601,767.5682,
WT+X1,1,1602,769.0978,
WT+X1,1,1603,886.6023,
WT+X1,1,1604,773.6562,
WT+X1,1,1605,1023.4521,
WT+X1,1,1606,485.7232,
WT+X1,1,1607,715.6818,
WT+X1,1,1608,846.0946,
WT+X1,1,1609,654.36,
WT+X1,1,1610,367.0517,
WT+X1,1,1611,910.5405,
WT+X1,1,1612,880.8739,
WT+X1,1,1613,751.5818,
WT+X1,1,1614,470.3518,
WT+X1,1,1615,520.4117,
WT+X1,1,1616,1256.6097,
WT+X1,1,1617,634.2222,
WT+X1,1,1618,372.4762,
WT+X1,1,1619,485.7021,
WT+X1,1,1620,768.4595,
WT+X1,1,1621,1003.1558,
WT+X1,1,1622,783.3661,
WT+X1,1,1623,373.0635,
WT+X1,1,1624,539.1591,
WT+X1,1,1625,1083.875,
WT+X1,1,1626,871.024,
WT+X1,1,1627,482.1605,
WT+X1,1,1628,725.7463,
WT+X1,1,1629,726.4819,
WT+X1,1,1630,1904.6219,
WT+X1,1,1631,955.3925,
WT+X1,1,1632,765.2115,
WT+X1,1,1633,996.9055,
WT+X1,1,1634,876.7315,
WT+X1,1,1635,719.1842,
WT+X1,1,1636,706.8837,
WT+X1,1,1637,647.9286,
WT+X1,1,1638,672.7344,
WT+X1,1,1639,854.5278,
WT+X1,1,1640,455.1394,
WT+X1,1,1641,661,
WT+X1,1,1642,1805.0605,
WT+X1,1,1643,798.4141,
WT+X1,1,1644,713.9081,
WT+X1,1,1645,876.5323,
WT+X1,1,1646,838.3661,
WT+X1,1,1647,632.6646,
WT+X1,1,1648,803.0168,
WT+X1,1,1649,704.9178,
WT+X1,1,1650,373.0577,
WT+X1,1,1651,844.252,
WT+X1,1,1652,944.1566,
WT+X1,1,1653,467.8722,
WT+X1,1,1654,490.2456,
WT+X1,1,1655,841.2381,
WT+X1,1,1656,833.7101,
WT+X1,1,1657,867.215,
WT+X1,1,1658,901.5743,
WT+X1,1,1659,882.5986,
WT+X1,1,1660,929.5726,
WT+X1,1,1661,472.7413,
WT+X1,1,1662,846.8627,
WT+X1,1,1663,794.4579,
WT+X1,1,1664,795.8889,
WT+X1,1,1665,641.963,
WT+X1,1,1666,357.7069,
WT+X1,1,1667,761.7123,
WT+X1,1,1668,748.3284,
WT+X1,1,1669,726.3768,
WT+X1,1,1670,713.9122,
WT+X1,1,1671,894.373,
WT+X1,1,1672,770.52,
WT+X1,1,1673,780.7793,
WT+X1,1,1674,771.8973,
WT+X1,1,1675,476.4914,
WT+X1,1,1676,804.6793,
WT+X1,1,1677,732.5185,
WT+X1,1,1678,791.5195,
WT+X1,1,1679,742.2374,
WT+X1,1,1680,866.1014,
WT+X1,1,1681,1083.3567,
WT+X1,1,1682,786.894,
WT+X1,1,1683,734.5634,
WT+X1,1,1684,743.7447,
WT+X1,1,1685,434.5873,
WT+X1,1,1686,442.4778,
WT+X1,1,1687,797.4231,
WT+X1,1,1688,938.7683,
WT+X1,1,1689,516.5637,
WT+X1,1,1690,718.5467,
WT+X1,1,1691,949.9398,
WT+X1,1,1692,716.8926,
WT+X1,1,1693,1025.0769,
WT+X1,1,1694,706.8017,
WT+X1,1,1695,753.1913,
WT+X1,1,1696,730.3793,
WT+X1,1,1697,469.0566,
WT+X1,1,1698,922.1066,
WT+X1,1,1699,697.0095,
WT+X1,1,1700,723.8264,
WT+X1,1,1701,828.1063,
WT+X1,1,1702,879.0494,
WT+X1,1,1703,842.9919,
WT+X1,1,1704,851.5753,
WT+X1,1,1705,791.2921,
WT+X1,1,1706,730.9,
WT+X1,1,1707,768.4615,
WT+X1,1,1708,902.4291,
WT+X1,1,1709,845.0229,
WT+X1,1,1710,842.8143,
WT+X1,1,1711,713.5294,
WT+X1,1,1712,1010.6429,
WT+X1,1,1713,457.0833,
WT+X1,1,1714,398.3855,
WT+X1,1,1715,1039.3418,
WT+X1,1,1716,671.0345,
WT+X1,1,1717,955.481,
WT+X1,1,1718,926.6434,
WT+X1,1,1719,784.2396,
WT+X1,1,1720,816.7244,
WT+X1,1,1721,886.8796,
WT+X1,1,1722,377.8909,
WT+X1,1,1723,812.0526,
WT+X1,1,1724,591.0411,
WT+X1,1,1725,785.5074,
WT+X1,1,1726,650.6512,
WT+X1,1,1727,777.5172,
WT+X1,1,1728,1158.464,
WT+X1,1,1729,783.7213,
WT+X1,1,1730,732.2055,
WT+X1,1,1731,706.4252,
WT+X1,1,1732,790.4031,
WT+X1,1,1733,388,
WT+X1,1,1734,716.2075,
WT+X1,1,1735,330.2197,
WT+X1,1,1736,797.6019,
WT+X1,1,1737,851.1921,
WT+X1,1,1738,793.4531,
WT+X1,1,1739,605.5938,
WT+X1,1,1740,761.5674,
WT+X1,1,1741,547.2067,
WT+X1,1,1742,233.1622,
WT+X1,1,1743,757.6652,
WT+X1,1,1744,812.6301,
WT+X1,1,1745,683.922,
WT+X1,1,1746,788.6943,
WT+X1,1,1747,732.6111,
WT+X1,1,1748,812.1,
WT+X1,1,1749,478.2064,
WT+X1,1,1750,830.3684,
WT+X1,1,1751,1062.0916,
WT+X1,1,1752,490.0667,
WT+X1,1,1753,345.3802,
WT+X1,1,1754,710.07,
WT+X1,1,1755,727.066,
WT+X1,1,1756,712.9773,
WT+X1,1,1757,407.725,
WT+X1,1,1758,630.8813,
WT+X1,1,1759,823.8309,
WT+X1,1,1760,853.9647,
WT+X1,1,1761,525.4915,
WT+X1,1,1762,903.91,
WT+X1,1,1763,852.8904,
WT+X1,1,1764,379.4297,
WT+X1,1,1765,1348.9231,
WT+X1,1,1766,420.4102,
WT+X1,1,1767,664.7544,
WT+X1,1,1768,146.2661,
WT+X1,1,1769,889,
WT+X1,1,1770,821.3466,
WT+X1,1,1771,505.4583,
WT+X1,1,1772,596.5312,
WT+X1,1,1773,795.8553,
WT+X1,1,1774,832.9041,
WT+X1,1,1775,748.72,
WT+X1,1,1776,800.4709,
WT+X1,1,1777,718.0612,
WT+X1,1,1778,851.3666,
WT+X1,1,1779,641.6739,
WT+X1,1,1780,237.0227,
WT+X1,1,1781,139.9508,
WT+X1,1,1782,712.4836,
WT+X1,1,1783,770.6847,
WT+X1,1,1784,761.8099,
WT+X1,1,1785,702.5243,
WT+X1,1,1786,670.1458,
WT+X1,1,1787,528.9505,
WT+X1,1,1788,630.2667,
WT+X1,1,1789,396.3333,
WT+X1,1,1790,705.7925,
WT+X1,1,1791,535.3254,
WT+X1,1,1792,613.087,
WT+X1,1,1793,694.3544,
WT+X1,1,1794,658.9304,
WT+X1,1,1795,656.6804,
WT+X1,1,1796,659.5682,
WT+X1,1,1797,922.7938,
WT+X1,1,1798,794.7545,
WT+X1,1,1799,693.2105,
WT+X1,1,1800,729.4622,
WT+X1,1,1801,700.7422,
WT+X1,1,1802,626.4135,
WT+X1,1,1803,947.2157,
WT+X1,1,1804,689.1846,
WT+X1,1,1805,347.3286,
WT+X1,1,1806,578.8087,
WT+X1,1,1807,649.0888,
WT+X1,1,1808,756.2987,
WT+X1,1,1809,725.6212,
WT+X1,1,1810,422.9758,
WT+X1,1,1811,556.5795,
WT+X1,1,1812,865.2839,
WT+X1,1,1813,628.5046,
WT+X1,1,1814,747.8889,
WT+X1,1,1815,728.7304,
WT+X1,1,1816,429.7521,
WT+X1,1,1817,735.2778,
WT+X1,1,1818,839.2075,
WT+X1,1,1819,721.8209,
WT+X1,1,1820,681.3823,
WT+X1,1,1821,657.8333,
WT+X1,1,1822,745.3426,
WT+X1,1,1823,843.9848,
WT+X1,1,1824,797.2769,
WT+X1,1,1825,836.5363,
WT+X1,1,1826,923.2191,
WT+X1,1,1827,648.84,
WT+X1,1,1828,276.2237,
WT+X1,1,1829,809.7327,
WT+X1,1,1830,742.7,
WT+X1,1,1831,810.3969,
WT+X1,1,1832,712.7203,
WT+X1,1,1833,708.3986,
WT+X1,1,1834,410.8264,
WT+X1,1,1835,1037.3496,
WT+X1,1,1836,798.4329,
WT+X1,1,1837,153.1754,
WT+X1,1,1838,803.5273,
WT+X1,1,1839,796.8782,
WT+X1,1,1840,752.7853,
WT+X1,1,1841,670.1429,
WT+X1,1,1842,866.2222,
WT+X1,1,1843,716.5652,
WT+X1,1,1844,548.2121,
WT+X1,1,1845,822.2955,
WT+X1,1,1846,788.701,
WT+X1,1,1847,734.4167,
WT+X1,1,1848,792.9379,
WT+X1,1,1849,900.3474,
WT+X1,1,1850,800.5691,
WT+X1,1,1851,811.0135,
WT+X1,1,1852,807.8232,
WT+X1,1,1853,807.0327,
WT+X1,1,1854,471.2347,
WT+X1,1,1855,864.8,
WT+X1,1,1856,829.1472,
WT+X1,1,1857,177.2385,
WT+X1,1,1858,700.5625,
WT+X1,1,1859,431.0052,
WT+X1,1,1860,724.9194,
WT+X1,1,1861,907.328,
WT+X1,1,1862,724.1875,
WT+X1,1,1863,692.627,
WT+X1,1,1864,781.189,
WT+X1,1,1865,697.1447,
WT+X1,1,1866,539.1085,
WT+X1,1,1867,283.9672,
WT+X1,1,1868,738.5582,
WT+X1,1,1869,750.9578,
WT+X1,1,1870,769.624,
WT+X1,1,1871,765.7747,
WT+X1,1,1872,816.6077,
WT+X1,1,1873,877.8932,
WT+X1,1,1874,739.1045,
WT+X1,1,1875,431.1,
WT+X1,1,1876,791.3177,
WT+X1,1,1877,933.9192,
WT+X1,1,1878,520.6959,
WT+X1,1,1879,753.1597,
WT+X1,1,1880,686.1195,
WT+X1,1,1881,561.1185,
WT+X1,1,1882,512.1729,
WT+X1,1,1883,507.8621,
WT+X1,1,1884,190.1808,
WT+X1,1,1885,259.0189,
WT+X1,1,1886,739.51,
WT+X1,1,1887,879.8571,
WT+X1,1,1888,429.6301,
WT+X1,1,1889,674.7551,
WT+X1,1,1890,355.2021,
WT+X1,1,1891,695.2713,
WT+X1,1,1892,781.934,
WT+X1,1,1893,821.512,
WT+X1,1,1894,739.4375,
WT+X1,1,1895,749.7899,
WT+X1,1,1896,411.3044,
WT+X1,1,1897,804.87,
WT+X1,1,1898,788.3508,
WT+X1,1,1899,462.2742,
WT+X1,1,1900,865.6068,
WT+X1,1,1901,971.1711,
WT+X1,1,1902,690.7031,
WT+X1,1,1903,424.5408,
WT+X1,1,1904,664.5757,
WT+X1,1,1905,775.9336,
WT+X1,1,1906,802.1702,
WT+X1,1,1907,561.3903,
WT+X1,1,1908,739.9312,
WT+X1,1,1909,753.0933,
WT+X1,1,1910,812.864,
WT+X1,1,1911,703.2899,
WT+X1,1,1912,517.7156,
WT+X1,1,1913,662.3189,
WT+X1,1,1914,711.0916,
WT+X1,1,1915,885.0582,
WT+X1,1,1916,927.8158,
WT+X1,1,1917,752.6218,
WT+X1,1,1918,179.7059,
WT+X1,1,1919,702.0119,
WT+X1,1,1920,782.7816,
WT+X1,1,1921,387.4219,
WT+X1,1,1922,756.0505,
WT+X1,1,1923,797.1951,
WT+X1,1,1924,777.7333,
WT+X1,1,1925,682.5409,
WT+X1,1,1926,819.4588,
WT+X1,1,1927,868.7347,
WT+X1,1,1928,1065.2162,
WT+X1,1,1929,689.7021,
WT+X1,1,1930,689.4445,
WT+X1,1,1931,602.8305,
WT+X1,1,1932,661.4388,
WT+X1,1,1933,469.5151,
WT+X1,1,1934,714.3514,
WT+X1,1,1935,578.0415,
WT+X1,1,1936,304.7515,
WT+X1,1,1937,701.5143,
WT+X1,1,1938,180.8108,
WT+X1,1,1939,779.6319,
WT+X1,1,1940,631.3934,
WT+X1,1,1941,751.9545,
WT+X1,1,1942,737.6548,
WT+X1,1,1943,851.592,
WT+X1,1,1944,758.5316,
WT+X1,1,1945,734.7549,
WT+X1,1,1946,705.3664,
WT+X1,1,1947,770.6288,
WT+X1,1,1948,823.6385,
WT+X1,1,1949,752.7222,
WT+X1,1,1950,598.5585,
WT+X1,1,1951,665.6404,
WT+X1,1,1952,444.5107,
WT+X1,1,1953,815.8241,
WT+X1,1,1954,622.7769,
WT+X1,1,1955,860.2657,
WT+X1,1,1956,861.2941,
WT+X1,1,1957,350.7727,
WT+X1,1,1958,728.0885,
WT+X1,1,1959,824.629,
WT+X1,1,1960,638.947,
WT+X1,1,1961,840.8842,
WT+X1,1,1962,707.2589,
WT+X1,1,1963,747.881,
WT+X1,1,1964,423.0241,
WT+X1,1,1965,833.5342,
WT+X1,1,1966,632.7451,
WT+X1,1,1967,776.5,
WT+X1,1,1968,699.2449,
WT+X1,1,1969,758.4109,
WT+X1,1,1970,678.0329,
WT+X1,1,1971,654.0496,
WT+X1,1,1972,869.5071,
WT+X1,1,1973,816.2703,
WT+X1,1,1974,452.0879,
WT+X1,1,1975,652.1456,
WT+X1,1,1976,760.9379,
WT+X1,1,1977,829.5657,
WT+X1,1,1978,476.2386,
WT+X1,1,1979,376.9747,
WT+X1,1,1980,182.6956,
WT+X1,1,1981,704.9259,
WT+X1,1,1982,651.5958,
WT+X1,1,1983,790.6261,
WT+X1,1,1984,624.5814,
WT+X1,1,1985,620.9902,
WT+X1,1,1986,439.5555,
WT+X1,1,1987,802.6286,
WT+X1,1,1988,774.2555,
WT+X1,1,1989,705.3182,
WT+X1,1,1990,639.3283,
WT+X1,1,1991,704.4129,
WT+X1,1,1992,675.2657,
WT+X1,1,1993,413.7687,
WT+X1,1,1994,366.7451,
WT+X1,1,1995,701.4849,
WT+X1,1,1996,763.4,
WT+X1,1,1997,852.0603,
WT+X1,1,1998,413.5682,
WT+X1,1,1999,660.3913,
WT+X1,1,2000,714.103,
WT+X1,1,2001,924.2676,
WT+X1,1,2002,792.2174,
WT+X1,1,2003,620.2195,
WT+X1,1,2004,780.3654,
WT+X1,1,2005,688.2383,
WT+X1,1,2006,605.4117,
WT+X1,1,2007,320.4392,
WT+X1,1,2008,711.768,
WT+X1,1,2009,441.6696,
WT+X1,1,2010,683.25,
WT+X1,1,2011,692.1915,
WT+X1,1,2012,573.7765,
WT+X1,1,2013,734.5103,
WT+X1,1,2014,633.8906,
WT+X1,1,2015,502.6395,
WT+X1,1,2016,403.7089,
WT+X1,1,2017,260.8125,
WT+X1,1,2018,772.1818,
WT+X1,1,2019,716.9843,
WT+X1,1,2020,482.1264,
WT+X1,1,2021,666.5706,
WT+X1,1,2022,636.5428,
WT+X1,1,2023,493.2,
WT+X1,1,2024,748.6038,
WT+X1,1,2025,648.3373,
WT+X1,1,2026,732.434,
WT+X1,1,2027,867.3187,
WT+X1,1,2028,663.5455,
WT+X1,1,2029,603.275,
WT+X1,1,2030,298.3333,
WT+X1,1,2031,690.3226,
WT+X1,1,2032,766.449,
WT+X1,1,2033,379.211,
WT+X1,1,2034,633.1075,
WT+X1,1,2035,980.2971,
WT+X1,1,2036,633.7793,
WT+X1,1,2037,602.6892,
WT+X1,1,2038,722.128,
WT+X1,1,2039,808.7647,
WT+X1,1,2040,728.466,
WT+X1,1,2041,826.9257,
WT+X1,1,2042,711.2174,
WT+X1,1,2043,705.8516,
WT+X1,1,2044,569.3378,
WT+X1,1,2045,441,
WT+X1,1,2046,1034.6805,
WT+X1,1,2047,390.3636,
WT+X1,1,2048,583.2069,
WT+X1,1,2049,616.0984,
WT+X1,1,2050,632.1742,
WT+X1,1,2051,676.9894,
WT+X1,1,2052,808.6,
WT+X1,1,2053,594.7982,
WT+X1,1,2054,734.3792,
WT+X1,1,2055,647.9231,
WT+X1,1,2056,612.1404,
WT+X1,1,2057,501.5256,
WT+X1,1,2058,169.2283,
WT+X1,1,2059,667.6196,
WT+X1,1,2060,874.6021,
WT+X1,1,2061,466.3796,
WT+X1,1,2062,582.7007,
WT+X1,1,2063,381.0342,
WT+X1,1,2064,698.6572,
WT+X1,1,2065,430.1393,
WT+X1,1,2066,696.5645,
WT+X1,1,2067,692.8735,
WT+X1,1,2068,752.3967,
WT+X1,1,2069,633.7589,
WT+X1,1,2070,484.375,
WT+X1,1,2071,899.6863,
WT+X1,1,2072,414.2571,
WT+X1,1,2073,172.5119,
WT+X1,1,2074,499.7253,
WT+X1,1,2075,777.9172,
WT+X1,1,2076,542.5051,
WT+X1,1,2077,473.2116,
WT+X1,1,2078,603.8276,
WT+X1,1,2079,744.4565,
WT+X1,1,2080,709.8315,
WT+X1,1,2081,2324.0308,
WT+X1,1,2082,630.8214,
WT+X1,1,2083,639.917,
WT+X1,1,2084,984.6823,
WT+X1,1,2085,560.4397,
WT+X1,1,2086,646.76,
WT+X1,1,2087,771.6071,
WT+X1,1,2088,526.4167,
WT+X1,1,2089,450.1956,
WT+X1,1,2090,667.7818,
WT+X1,1,2091,359.7129,
WT+X1,1,2092,494.1338,
WT+X1,1,2093,489.807,
WT+X1,1,2094,599.8014,
WT+X1,1,2095,340.644,
WT+X1,1,2096,672.1552,
WT+X1,1,2097,477.1139,
WT+X1,1,2098,630.6724,
WT+X1,1,2099,462.1159,
WT+X1,1,2100,670.0505,
WT+X1,1,2101,940.9901,
WT+X1,1,2102,647.4868,
WT+X1,1,2103,642.7908,
WT+X1,1,2104,566.1409,
WT+X1,1,2105,489.5402,
WT+X1,1,2106,491.9792,
WT+X1,1,2107,501.5,
WT+X1,1,2108,623.4386,
WT+X1,1,2109,442.0472,
WT+X1,1,2110,658.6793,
WT+X1,1,2111,192.1111,
WT+X1,1,2112,829.5645,
WT+X1,1,2113,503.2963,
WT+X1,1,2114,626.5321,
WT+X1,1,2115,671.1638,
WT+X1,1,2116,1764.7848,
WT+X1,1,2117,1013.8706,
WT+X1,1,2118,502.4378,
WT+X1,1,2119,749.3478,
WT+X1,1,2120,644.8781,
WT+X1,1,2121,445.7563,
WT+X1,1,2122,505.5454,
WT+X1,1,2123,426.1613,
WT+X1,1,2124,598.1342,
WT+X1,1,2125,656.9241,
WT+X1,1,2126,401.2624,
WT+X1,1,2127,520.0156,
WT+X1,1,2128,967.6116,
WT+X1,1,2129,475.1084,
WT+X1,1,2130,644.8469,
WT+X1,1,2131,570.8603,
WT+X1,1,2132,655.1384,
WT+X1,1,2133,600.7227,
WT+X1,1,2134,727.4462,
WT+X1,1,2135,503.8012,
WT+X1,1,2136,591.7727,
WT+X1,1,2137,706.7321,
WT+X1,1,2138,703.3919,
WT+X1,1,2139,641.1446,
WT+X1,1,2140,647.8395,
WT+X1,1,2141,621.2478,
WT+X1,1,2142,470.7292,
KO,1,1,482.1429,
KO,1,2,412.3296,
KO,1,3,445.6897,
KO,1,4,618.9789,
KO,1,5,432.746,
KO,1,6,591.6348,
KO,1,7,317.6729,
KO,1,8,611.7423,
KO,1,9,433.5903,
KO,1,10,521.1257,
KO,1,11,326.9908,
KO,1,12,712.9,
KO,1,13,472.5972,
KO,1,14,521.2057,
KO,1,15,328.4167,
KO,1,16,420.3146,
KO,1,17,460.9091,
KO,1,18,378.7302,
KO,1,19,357.3158,
KO,1,20,552.7422,
KO,1,21,558.5793,
KO,1,22,398.0698,
KO,1,23,368.0893,
KO,1,24,406.6313,
KO,1,25,238.1056,
KO,1,26,457.2439,
KO,1,27,342.4961,
KO,1,28,575.2344,
KO,1,29,390.1008,
KO,1,30,332.4091,
KO,1,31,400.7304,
KO,1,32,776.2738,
KO,1,33,506.7285,
KO,1,34,632.1504,
KO,1,35,331.936,
KO,1,36,324.1324,
KO,1,37,637.1357,
KO,1,38,399.3875,
KO,1,39,368.9813,
KO,1,40,360.0595,
KO,1,41,562.3158,
KO,1,42,397.7128,
KO,1,43,320.0588,
KO,1,44,498.1228,
KO,1,45,651.9103,
KO,1,46,394.3798,
KO,1,47,736.4672,
KO,1,48,804.3333,
KO,1,49,573.9008,
KO,1,50,586.5089,
KO,1,51,321.7055,
KO,1,52,503.3714,
KO,1,53,539.6055,
KO,1,54,791.7302,
KO,1,55,674.8307,
KO,1,56,724.6667,
KO,1,57,649.5883,
KO,1,58,787.0756,
KO,1,59,419.5667,
KO,1,60,355.2842,
KO,1,61,402.1559,
KO,1,62,527.7112,
KO,1,63,826.8367,
KO,1,64,458.9843,
KO,1,65,416.4258,
KO,1,66,637.2515,
KO,1,67,419.4429,
KO,1,68,388.0294,
KO,1,69,689.8087,
KO,1,70,571.9637,
KO,1,71,745.7213,
KO,1,72,469.1705,
KO,1,73,477.2703,
KO,1,74,643.2927,
KO,1,75,583.0217,
KO,1,76,415.2929,
KO,1,77,389.559,
KO,1,78,584.5315,
KO,1,79,466.3297,
KO,1,80,406.4412,
KO,1,81,222.9907,
KO,1,82,461.4099,
KO,1,83,418.2378,
KO,1,84,478.3171,
KO,1,85,1045.3766,
KO,1,86,303.1488,
KO,1,87,425.769,
KO,1,88,553.4286,
KO,1,89,572.5087,
KO,1,90,588.963,
KO,1,91,502.5755,
KO,1,92,582.1869,
KO,1,93,354.6545,
KO,1,94,321.2,
KO,1,95,346.8362,
KO,1,96,458.8261,
KO,1,97,589.2345,
KO,1,98,395.6144,
KO,1,99,572.9103,
KO,1,100,461.4324,
KO,1,101,471.0874,
KO,1,102,587.5986,
KO,1,103,487.3612,
KO,1,104,441.8594,
KO,1,105,562.8093,
KO,1,106,567.24,
KO,1,107,588.6595,
KO,1,108,590.3782,
KO,1,109,688.2347,
KO,1,110,424.2805,
KO,1,111,397.6364,
KO,1,112,692.4615,
KO,1,113,635.595,
KO,1,114,669.1539,
KO,1,115,510.2047,
KO,1,116,356.0926,
KO,1,117,731.9744,
KO,1,118,530.9857,
KO,1,119,588.0156,
KO,1,120,594.3333,
KO,1,121,433.175,
KO,1,122,618.7248,
KO,1,123,481.4455,
KO,1,124,422.4273,
KO,1,125,673.1019,
KO,1,126,442.054,
KO,1,127,485.5413,
KO,1,128,473.3296,
KO,1,129,532.6356,
KO,1,130,584.1177,
KO,1,131,333.8012,
KO,1,132,699.25,
KO,1,133,526.4565,
KO,1,134,357.6713,
KO,1,135,402.085,
KO,1,136,534.4633,
KO,1,137,491.4381,
KO,1,138,434.48,
KO,1,139,627.038,
KO,1,140,440.0353,
KO,1,141,355.5682,
KO,1,142,655.5051,
KO,1,143,489.019,
KO,1,144,512.3615,
KO,1,145,570.1214,
KO,1,146,574.1549,
KO,1,147,472.5077,
KO,1,148,559.28,
KO,1,149,309.2671,
KO,1,150,473.0938,
KO,1,151,315.8916,
KO,1,152,468.7964,
KO,1,153,470.1473,
KO,1,154,520.8052,
KO,1,155,535.2151,
KO,1,156,435.9267,
KO,1,157,395.8333,
KO,1,158,589.2468,
KO,1,159,504.7561,
KO,1,160,603.3636,
KO,1,161,525.007,
KO,1,162,298.2222,
KO,1,163,529.7769,
KO,1,164,575.3024,
KO,1,165,485.7538,
KO,1,166,566.8108,
KO,1,167,509.3833,
KO,1,168,588.5854,
KO,1,169,421.5405,
KO,1,170,528.4149,
KO,1,171,513.1143,
KO,1,172,440.2057,
KO,1,173,481.0845,
KO,1,174,462.1379,
KO,1,175,426.963,
KO,1,176,485.8857,
KO,1,177,582.8461,
KO,1,178,425.1028,
KO,1,179,787.5172,
KO,1,180,563.8046,
KO,1,181,519.1589,
KO,1,182,514.9189,
KO,1,183,531.5,
KO,1,184,469.0869,
KO,1,185,545.4079,
KO,1,186,536.8,
KO,1,187,457.6296,
KO,1,188,482.576,
KO,1,189,350.9,
KO,1,190,416.6585,
KO,1,191,571.121,
KO,1,192,570.0606,
KO,1,193,685.644,
KO,1,194,448.023,
KO,1,195,466.8,
KO,1,196,424.75,
KO,1,197,515.1465,
KO,1,198,453.3611,
KO,1,199,589.8939,
KO,1,200,369.4971,
KO,1,201,437.0347,
KO,1,202,681.3151,
KO,1,203,625.7933,
KO,1,204,570.1553,
KO,1,205,381.15,
KO,1,206,655.131,
KO,1,207,542.5984,
KO,1,208,459.141,
KO,1,209,532.8855,
KO,1,210,553.1429,
KO,1,211,719.7971,
KO,1,212,550.6496,
KO,1,213,543.9114,
KO,1,214,564.9018,
KO,1,215,447.229,
KO,1,216,419.9172,
KO,1,217,504.0305,
KO,1,218,425.304,
KO,1,219,559.236,
KO,1,220,649.6705,
KO,1,221,478.6582,
KO,1,222,467.3468,
KO,1,223,522.847,
KO,1,224,363.55,
KO,1,225,481.7903,
KO,1,226,497.6744,
KO,1,227,605.747,
KO,1,228,604.4809,
KO,1,229,633.4559,
KO,1,230,396.5315,
KO,1,231,459.8219,
KO,1,232,491.3239,
KO,1,233,510.8201,
KO,1,234,435.6753,
KO,1,235,517.4382,
KO,1,236,446.3433,
KO,1,237,548.5833,
KO,1,238,555.8361,
KO,1,239,1054.1074,
KO,1,240,701.9054,
KO,1,241,464.7475,
KO,1,242,485.2046,
KO,1,243,497.6571,
KO,1,244,906.7197,
KO,1,245,526.931,
KO,1,246,385.2105,
KO,1,247,523.2432,
KO,1,248,450.6286,
KO,1,249,547.6923,
KO,1,250,948.2522,
KO,1,251,692.984,
KO,1,252,671.2353,
KO,1,253,443.0814,
KO,1,254,649.5891,
KO,1,255,544.1356,
KO,1,256,523.2241,
KO,1,257,594.3929,
KO,1,258,442.8539,
KO,1,259,747.8378,
KO,1,260,425.7183,
KO,1,261,386.9351,
KO,1,262,517.9128,
KO,1,263,540.8509,
KO,1,264,421.0648,
KO,1,265,450.1397,
KO,1,266,502.4383,
KO,1,267,685.0985,
KO,1,268,450.6194,
KO,1,269,503.2349,
KO,1,270,577.1636,
KO,1,271,998.9748,
KO,1,272,636.447,
KO,1,273,467.3252,
KO,1,274,257.6943,
KO,1,275,491.0956,
KO,1,276,887.4286,
KO,1,277,466.4375,
KO,1,278,570.3205,
KO,1,279,467.8658,
KO,1,280,559.785,
KO,1,281,523.145,
KO,1,282,627.871,
KO,1,283,655.8642,
KO,1,284,521.3243,
KO,1,285,671.8333,
KO,1,286,581.6514,
KO,1,287,703.2263,
KO,1,288,481.8816,
KO,1,289,556.3784,
KO,1,290,417.9131,
KO,1,291,177.4321,
KO,1,292,524.5714,
KO,1,293,589.3118,
KO,1,294,537.2264,
KO,1,295,669.1329,
KO,1,296,2250.7046,
KO,1,297,718.3043,
KO,1,298,543.8986,
KO,1,299,532.6508,
KO,1,300,516.7586,
KO,1,301,479.4478,
KO,1,302,613.3,
KO,1,303,414.9308,
KO,1,304,552.8788,
KO,1,305,450.7667,
KO,1,306,410.5303,
KO,1,307,449.1519,
KO,1,308,447.7,
KO,1,309,486.3553,
KO,1,310,438.9437,
KO,1,311,450.2381,
KO,1,312,469.6138,
KO,1,313,327.3506,
KO,1,314,546.4179,
KO,1,315,439.6772,
KO,1,316,475.608,
KO,1,317,429.5628,
KO,1,318,529.9134,
KO,1,319,687.4561,
KO,1,320,691.8768,
KO,1,321,583.9076,
KO,1,322,738.2661,
KO,1,323,2279.4365,
KO,1,324,861.6197,
KO,1,325,612.5488,
KO,1,326,414.9073,
KO,1,327,520.0952,
KO,1,328,583.7131,
KO,1,329,523.5901,
KO,1,330,347.85,
KO,1,331,404.1746,
KO,1,332,469.5392,
KO,1,333,497.1418,
KO,1,334,664.8551,
KO,1,335,881.4775,
KO,1,336,539.6616,
KO,1,337,814.0059,
KO,1,338,452.2679,
KO,1,339,275.6988,
KO,1,340,496.2143,
KO,1,341,566.375,
KO,1,342,609.1,
KO,1,343,537.899,
KO,1,344,387.7143,
KO,1,345,517.8889,
KO,1,346,496.4938,
KO,1,347,413.7484,
KO,1,348,382.1328,
KO,1,349,410.8175,
KO,1,350,453.2,
KO,1,351,565.5563,
KO,1,352,287.4691,
KO,1,353,502.4533,
KO,1,354,604.4962,
KO,1,355,958.7766,
KO,1,356,723.8911,
KO,1,357,1040.2936,
KO,1,358,343.2542,
KO,1,359,523.2643,
KO,1,360,444.6525,
KO,1,361,439.7177,
KO,1,362,509.0714,
KO,1,363,1218.5662,
KO,1,364,394.5934,
KO,1,365,552.7763,
KO,1,366,609.2188,
KO,1,367,586.7454,
KO,1,368,388.6549,
KO,1,369,457,
KO,1,370,397.8476,
KO,1,371,400.6111,
KO,1,372,575.4054,
KO,1,373,599.121,
KO,1,374,397.2343,
KO,1,375,570.5377,
KO,1,376,926.807,
KO,1,377,446.3647,
KO,1,378,575.8889,
KO,1,379,526.6085,
KO,1,380,379.0269,
KO,1,381,874.75,
KO,1,382,804.7586,
KO,1,383,806.5524,
KO,1,384,600,
KO,1,385,2810.8879,
KO,1,386,687.33,
KO,1,387,379.8333,
KO,1,388,709.3934,
KO,1,389,584.2247,
KO,1,390,388.3462,
KO,1,391,444.5347,
KO,1,392,723.121,
KO,1,393,342.9017,
KO,1,394,1034.7063,
KO,1,395,425.978,
KO,1,396,578.314,
KO,1,397,774.7553,
KO,1,398,546.3684,
KO,1,399,1184.3724,
KO,1,400,342.1982,
KO,1,401,726.9575,
KO,1,402,509.447,
KO,1,403,351.0707,
KO,1,404,527.8271,
KO,1,405,382.0964,
KO,1,406,597.1389,
KO,1,407,701.8052,
KO,1,408,338.2371,
KO,1,409,1343.335,
KO,1,410,673.4706,
KO,1,411,394.5302,
KO,1,412,374.6591,
KO,1,413,529.185,
KO,1,414,376.883,
KO,1,415,418.8533,
KO,1,416,866.5555,
KO,1,417,485.5454,
KO,1,418,351.6185,
KO,1,419,539.9906,
KO,1,420,666.89,
KO,1,421,418.9388,
KO,1,422,449.5085,
KO,1,423,760.2945,
KO,1,424,698.9545,
KO,1,425,812.6667,
KO,1,426,460.4412,
KO,1,427,332.4455,
KO,1,428,553.7957,
KO,1,429,590.1658,
KO,1,430,510.1905,
KO,1,431,383.0312,
KO,1,432,690,
KO,1,433,640.2596,
KO,1,434,257.2976,
KO,1,435,422.3396,
KO,1,436,492.2524,
KO,1,437,449.4245,
KO,1,438,431.8315,
KO,1,439,722.3721,
KO,1,440,490.3517,
KO,1,441,705.9861,
KO,1,442,456.4217,
KO,1,443,572.695,
KO,1,444,442.695,
KO,1,445,564.9231,
KO,1,446,275.1635,
KO,1,447,656.5579,
KO,1,448,555.6783,
KO,1,449,335.2419,
KO,1,450,364.9609,
KO,1,451,474.2865,
KO,1,452,653.0238,
KO,1,453,526.8616,
KO,1,454,625.5135,
KO,1,455,532.9524,
KO,1,456,477.0067,
KO,1,457,598.8986,
KO,1,458,469.6,
KO,1,459,623.72,
KO,1,460,826.3016,
KO,1,461,597.4779,
KO,1,462,422.7283,
KO,1,463,465.8611,
KO,1,464,579.2903,
KO,1,465,617.9714,
KO,1,466,508.7902,
KO,1,467,446.2766,
KO,1,468,631.7636,
KO,1,469,461.4331,
KO,1,470,621.3878,
KO,1,471,577.8252,
KO,1,472,659.8148,
KO,1,473,952.5989,
KO,1,474,595.127,
KO,1,475,439.2105,
KO,1,476,329.5395,
KO,1,477,443.6212,
KO,1,478,649.0374,
KO,1,479,541.4557,
KO,1,480,404.9461,
KO,1,481,532,
KO,1,482,396.3077,
KO,1,483,720.2118,
KO,1,484,379.1739,
KO,1,485,570.6445,
KO,1,486,340.8892,
KO,1,487,463.9789,
KO,1,488,530.2418,
KO,1,489,946.2,
KO,1,490,610.7902,
KO,1,491,484.9837,
KO,1,492,730.8195,
KO,1,493,379.1129,
KO,1,494,520.1795,
KO,1,495,547.1013,
KO,1,496,465.6983,
KO,1,497,358.025,
KO,1,498,913.8409,
KO,1,499,506.0923,
KO,1,500,705.9074,
KO,1,501,386.4043,
KO,1,502,595.2932,
KO,1,503,888.3646,
KO,1,504,757.6804,
KO,1,505,812.605,
KO,1,506,480.3871,
KO,1,507,441.7,
KO,1,508,541.3922,
KO,1,509,808.2443,
KO,1,510,557.7231,
KO,1,511,788.6087,
KO,1,512,312.9669,
KO,1,513,580.8776,
KO,1,514,563.3,
KO,1,515,625.4743,
KO,1,516,746.8713,
KO,1,517,489.405,
KO,1,518,704.188,
KO,1,519,539.4343,
KO,1,520,709.975,
KO,1,521,888.1589,
KO,1,522,391.4286,
KO,1,523,886.2072,
KO,1,524,1410.7571,
KO,1,525,515.2727,
KO,1,526,381.4528,
KO,1,527,792.5776,
KO,1,528,437.1659,
KO,1,529,534.9231,
KO,1,530,375.1887,
KO,1,531,314.9425,
KO,1,532,523.6961,
KO,1,533,911.075,
KO,1,534,377.9844,
KO,1,535,472.1349,
KO,1,536,797.615,
KO,1,537,355.4667,
KO,1,538,432.0782,
KO,1,539,566.6161,
KO,1,540,722.5968,
KO,1,541,726.4776,
KO,1,542,899.5257,
KO,1,543,373.6581,
KO,1,544,893.587,
KO,1,545,812.1951,
KO,1,546,665.4667,
KO,1,547,523.6542,
KO,1,548,655.6163,
KO,1,549,690.1429,
KO,1,550,426.02,
KO,1,551,666.4581,
KO,1,552,481.9764,
KO,1,553,592.5849,
KO,1,554,675.7174,
KO,1,555,415.0595,
KO,1,556,641.1228,
KO,1,557,616.0109,
KO,1,558,747.488,
KO,1,559,473.7738,
KO,1,560,394.1987,
KO,1,561,344.3457,
KO,1,562,793.9836,
KO,1,563,837.9375,
KO,1,564,606.3051,
KO,1,565,399.5555,
KO,1,566,335.4851,
KO,1,567,598.6429,
KO,1,568,493.2927,
KO,1,569,750.85,
KO,1,570,372.4422,
KO,1,571,437.3401,
KO,1,572,398.1857,
KO,1,573,329.0186,
KO,1,574,612.0972,
KO,1,575,485.4068,
KO,1,576,403.1519,
KO,1,577,646.3617,
KO,1,578,421.5,
KO,1,579,523.0417,
KO,1,580,880.8681,
KO,1,581,494.475,
KO,1,582,342.8406,
KO,1,583,350.0213,
KO,1,584,310.2178,
KO,1,585,404.2558,
KO,1,586,826.2928,
KO,1,587,1139.5107,
KO,1,588,934.0479,
KO,1,589,659.8226,
KO,1,590,348.6631,
KO,1,591,769.6633,
KO,1,592,412.2969,
KO,1,593,274.5667,
KO,1,594,354.9131,
KO,1,595,527.1096,
KO,1,596,611.6421,
KO,1,597,453.821,
KO,1,598,597.9921,
KO,1,599,395.085,
KO,1,600,1000.0909,
KO,1,601,441.2655,
KO,1,602,746.0926,
KO,1,603,399.5517,
KO,1,604,353.7174,
KO,1,605,438.68,
KO,1,606,472.7679,
KO,1,607,453.2714,
KO,1,608,396.4884,
KO,1,609,941.0275,
KO,1,610,1911.2915,
KO,1,611,1360.5745,
KO,1,612,762.3333,
KO,1,613,551.8,
KO,1,614,381.502,
KO,1,615,630.3636,
KO,1,616,765.9855,
KO,1,617,522.1846,
KO,1,618,305.4243,
KO,1,619,904.1767,
KO,1,620,422.8784,
KO,1,621,467.8675,
KO,1,622,439.8226,
KO,1,623,1041.2344,
KO,1,624,705.81,
KO,1,625,561.017,
KO,1,626,1104.746,
KO,1,627,602.7941,
KO,1,628,557.3452,
KO,1,629,900.548,
KO,1,630,495.7981,
KO,1,631,363.6338,
KO,1,632,532.1224,
KO,1,633,522.4832,
KO,1,634,339.8727,
KO,1,635,417.537,
KO,1,636,599.7675,
KO,1,637,2659.189,
KO,1,638,1199.4575,
KO,1,639,533.987,
KO,1,640,465.7547,
KO,1,641,477.394,
KO,1,642,442.1705,
KO,1,643,473.9429,
KO,1,644,163.2118,
KO,1,645,479.8794,
KO,1,646,406.8588,
KO,1,647,921.7606,
KO,1,648,515.6042,
KO,1,649,450.4184,
KO,1,650,964.125,
KO,1,651,503.6984,
KO,1,652,403.5755,
KO,1,653,465.8309,
KO,1,654,466.8532,
KO,1,655,612.9897,
KO,1,656,493.9766,
KO,1,657,465.9712,
KO,1,658,391.8803,
KO,1,659,788.5966,
KO,1,660,2016.9608,
KO,1,661,1019.9927,
KO,1,662,869.8827,
KO,1,663,1205.4474,
KO,1,664,481.0325,
KO,1,665,702.5579,
KO,1,666,675.5625,
KO,1,667,488.9318,
KO,1,668,689.9207,
KO,1,669,918.1061,
KO,1,670,399.7582,
KO,1,671,568.2133,
KO,1,672,465.6962,
KO,1,673,1415.9302,
KO,1,674,697.875,
KO,1,675,559.4179,
KO,1,676,1346.0159,
KO,1,677,567.0337,
KO,1,678,1266.0889,
KO,1,679,1153.038,
KO,1,680,507.2551,
KO,1,681,486.4975,
KO,1,682,1748.8823,
KO,1,683,375.8923,
KO,1,684,347.5175,
KO,1,685,403.856,
KO,1,686,502.9568,
KO,1,687,480.3878,
KO,1,688,623.7778,
KO,1,689,1087.2476,
KO,1,690,801.7812,
KO,1,691,1875.804,
KO,1,692,2726.3977,
KO,1,693,1166.6293,
KO,1,694,786.1759,
KO,1,695,727.6739,
KO,1,696,349.4528,
KO,1,697,1212.9077,
KO,1,698,946.4762,
KO,1,699,468.9167,
KO,1,700,937.027,
KO,1,701,742.4561,
KO,1,702,413.4851,
KO,1,703,439.131,
KO,1,704,1115.4685,
KO,1,705,537.2645,
KO,1,706,510.6102,
KO,1,707,736.1011,
KO,1,708,439.4224,
KO,1,709,384.7286,
KO,1,710,833.1603,
KO,1,711,387.8982,
KO,1,712,422.548,
KO,1,713,373.4118,
KO,1,714,581.8793,
KO,1,715,660,
KO,1,716,562.2105,
KO,1,717,598.3929,
KO,1,718,572.6868,
KO,1,719,352.623,
KO,1,720,553.3765,
KO,1,721,473.4536,
KO,1,722,619.3162,
KO,1,723,552.2738,
KO,1,724,484.1807,
KO,1,725,727.226,
KO,1,726,1802.6311,
KO,1,727,3752.0483,
KO,1,728,626.0654,
KO,1,729,971.9581,
KO,1,730,464.6629,
KO,1,731,815.7247,
KO,1,732,814.8322,
KO,1,733,955.1559,
KO,1,734,432.1,
KO,1,735,414.8788,
KO,1,736,544.8658,
KO,1,737,795.5542,
KO,1,738,916.9609,
KO,1,739,428.88,
KO,1,740,659,
KO,1,741,483.5859,
KO,1,742,404.7353,
KO,1,743,607.8385,
KO,1,744,309.9925,
KO,1,745,1077.2797,
KO,1,746,800.9441,
KO,1,747,475.8362,
KO,1,748,343.5263,
KO,1,749,623.8442,
KO,1,750,354.2086,
KO,1,751,603.6589,
KO,1,752,586.6637,
KO,1,753,1357.0927,
KO,1,754,805.4807,
KO,1,755,345.7692,
KO,1,756,1011.2083,
KO,1,757,358.4419,
KO,1,758,401.9106,
KO,1,759,413.1638,
KO,1,760,384.9266,
KO,1,761,1129.7539,
KO,1,762,433.8108,
KO,1,763,670.3168,
KO,1,764,438.1571,
KO,1,765,763.2315,
KO,1,766,1127.5114,
KO,1,767,521.4651,
KO,1,768,430.5312,
KO,1,769,351.8644,
KO,1,770,386.25,
KO,1,771,392.8649,
KO,1,772,1166.7784,
KO,1,773,621.2474,
KO,1,774,653.832,
KO,1,775,505.2143,
KO,1,776,596.038,
KO,1,777,537.5505,
KO,1,778,359.2096,
KO,1,779,461.5143,
KO,1,780,363.9932,
KO,1,781,333.9452,
KO,1,782,483.9178,
KO,1,783,506.3125,
KO,1,784,613.5105,
KO,1,785,824.7047,
KO,1,786,396.3192,
KO,1,787,440.3276,
KO,1,788,435.7191,
KO,1,789,408.4386,
KO,1,790,374.9557,
KO,1,791,541.4381,
KO,1,792,672.2235,
KO,1,793,454.3083,
KO,1,794,772.9647,
KO,1,795,558.799,
KO,1,796,378.0833,
KO,1,797,932.5093,
KO,1,798,413.8506,
KO,1,799,526.8843,
KO,1,800,939.2283,
KO,1,801,449.1818,
KO,1,802,612.5303,
KO,1,803,382.1544,
KO,1,804,409.7595,
KO,1,805,715.5243,
KO,1,806,581.3333,
KO,1,807,393.7778,
KO,1,808,875.2534,
KO,1,809,350.6338,
KO,1,810,974.015,
KO,1,811,642.6221,
KO,1,812,766.2973,
KO,1,813,496.7975,
KO,1,814,418.2364,
KO,1,815,436.4776,
KO,1,816,639.1316,
KO,1,817,425.4369,
KO,1,818,995.7814,
KO,1,819,334.7722,
KO,1,820,953.8281,
KO,1,821,2281.052,
KO,1,822,381.6833,
KO,1,823,405.0734,
KO,1,824,359.8015,
KO,1,825,389.9796,
KO,1,826,613.4883,
KO,1,827,516.451,
KO,1,828,581.0554,
KO,1,829,645.6229,
KO,1,830,418.3418,
KO,1,831,346.6716,
KO,1,832,956.1833,
KO,1,833,1102.4409,
KO,1,834,275.4667,
KO,1,835,370.8228,
KO,1,836,503.0845,
KO,1,837,2655.9883,
KO,1,838,577.8792,
KO,1,839,780.4462,
KO,1,840,667.3,
KO,1,841,1132.5477,
KO,1,842,1056.1505,
KO,1,843,361.2764,
KO,1,844,252.8288,
KO,1,845,1009.6166,
KO,1,846,377.6393,
KO,1,847,666.6179,
KO,1,848,2848.3069,
KO,1,849,1561.2111,
KO,1,850,679.4052,
KO,1,851,2540.4524,
KO,1,852,526.5208,
KO,1,853,666.7901,
KO,1,854,653.7222,
KO,1,855,700.1364,
KO,1,856,361.3965,
KO,1,857,352.6187,
KO,1,858,1076.4094,
KO,1,859,447.1167,
KO,1,860,252.0909,
KO,1,861,423.4615,
KO,1,862,154.7589,
KO,1,863,699.9326,
KO,1,864,161.5234,
KO,1,865,884.1778,
KO,1,866,928.0635,
KO,1,867,743.5156,
KO,1,868,331.5912,
KO,1,869,987.8504,
KO,1,870,654.9813,
KO,1,871,337.0545,
KO,1,872,389.27,
KO,1,873,399.4,
KO,1,874,346.4962,
KO,1,875,578.9231,
KO,1,876,416.5543,
KO,1,877,890.6222,
KO,1,878,346.2626,
KO,1,879,1080.4615,
KO,1,880,384.9231,
KO,1,881,1208.4719,
KO,1,882,757.335,
KO,1,883,454.3182,
KO,1,884,822.2286,
KO,1,885,297.9226,
KO,1,886,551.218,
KO,1,887,670.2308,
KO,1,888,492.3026,
KO,1,889,379.0781,
KO,1,890,835.4912,
KO,1,891,957.479,
KO,1,892,953.1208,
KO,1,893,748.9725,
KO,1,894,798.3289,
KO,1,895,424.6598,
KO,1,896,569.3939,
KO,1,897,555.4205,
KO,1,898,309.7262,
KO,1,899,333.7546,
KO,1,900,835.554,
KO,1,901,378.8246,
KO,1,902,990.2333,
KO,1,903,365.5865,
KO,1,904,902.3466,
KO,1,905,814.9323,
KO,1,906,347.9143,
KO,1,907,776.0264,
KO,1,908,2093.3904,
KO,1,909,569.4854,
KO,1,910,1088.3125,
KO,1,911,264.9418,
KO,1,912,508.4907,
KO,1,913,380.3716,
KO,1,914,828.2203,
KO,1,915,519.5203,
KO,1,916,1100.4938,
KO,1,917,314.1351,
KO,1,918,320.2464,
KO,1,919,407.771,
KO,1,920,1023.7273,
KO,1,921,407.6625,
KO,1,922,937.8804,
KO,1,923,354.735,
KO,1,924,799.7885,
KO,1,925,363.3462,
KO,1,926,841.4559,
KO,1,927,475.8462,
KO,1,928,112.75,
KO,1,929,441.1369,
KO,1,930,1237.2701,
KO,1,931,573.7053,
KO,1,932,607.4653,
KO,1,933,719.6752,
KO,1,934,282.3723,
KO,1,935,1494.3024,
KO,1,936,251.8333,
KO,1,937,1577.3223,
KO,1,938,1074.0834,
KO,1,939,632.6934,
KO,1,940,193.2323,
KO,1,941,364.678,
KO,1,942,1006.2993,
KO,1,943,2463.9387,
KO,1,944,725.1118,
KO,1,945,659.96,
KO,1,946,309.7292,
KO,1,947,383,
KO,1,948,1336.0303,
KO,1,949,371.4231,
KO,1,950,365.8474,
KO,1,951,591.0351,
KO,1,952,607.6864,
KO,1,953,364.0439,
KO,1,954,653.1641,
KO,1,955,495.9048,
KO,1,956,2193.0166,
KO,1,957,870.7767,
KO,1,958,641.8258,
KO,1,959,750.3688,
KO,1,960,552.5789,
KO,1,961,335.9649,
KO,1,962,441.2059,
KO,1,963,1304.2457,
KO,1,964,820.4128,
KO,1,965,1535.1809,
KO,1,966,379.0336,
KO,1,967,1348.1666,
KO,1,968,333.8617,
KO,1,969,340.7895,
KO,1,970,357.8724,
KO,1,971,355.086,
KO,1,972,1019.0496,
KO,1,973,194.6566,
KO,1,974,450.7078,
KO,1,975,717.9651,
KO,1,976,746.0671,
KO,1,977,383.7881,
KO,1,978,274.4835,
KO,1,979,395.5625,
KO,1,980,260.2667,
KO,1,981,744.1385,
KO,1,982,784.6135,
KO,1,983,768.6027,
KO,1,984,518.8644,
KO,1,985,612.6389,
KO,1,986,1013.8889,
KO,1,987,245.1981,
KO,1,988,308.3,
KO,1,989,355.961,
KO,1,990,774.7895,
KO,1,991,343.0448,
KO,1,992,450.4485,
KO,1,993,755.4037,
KO,1,994,649.4197,
KO,1,995,327.4317,
KO,1,996,783.3383,
KO,1,997,798.9081,
KO,1,998,276.2647,
KO,1,999,320.7463,
KO,1,1000,545.665,
KO,1,1001,799.7121,
KO,1,1002,677.8212,
KO,1,1003,896.5752,
KO,1,1004,553.2027,
KO,1,1005,270.8125,
KO,1,1006,803.6774,
KO,1,1007,751.9111,
KO,1,1008,727.0863,
KO,1,1009,677.3535,
KO,1,1010,866.2727,
KO,1,1011,320.1129,
KO,1,1012,645.0641,
KO,1,1013,803.6769,
KO,1,1014,1347.6913,
KO,1,1015,514.033,
KO,1,1016,388.5059,
KO,1,1017,685.9036,
KO,1,1018,739.9836,
KO,1,1019,646.5049,
KO,1,1020,386.5327,
KO,1,1021,821.66,
KO,1,1022,326.6771,
KO,1,1023,689.4404,
KO,1,1024,360.9913,
KO,1,1025,918.1687,
KO,1,1026,533.1978,
KO,1,1027,345.275,
KO,1,1028,877.6923,
KO,1,1029,701.2292,
KO,1,1030,388.1905,
KO,1,1031,556.5522,
KO,1,1032,456.6456,
KO,1,1033,1067.5264,
KO,1,1034,904.9953,
KO,1,1035,772.4226,
KO,1,1036,530.4621,
KO,1,1037,372.2662,
KO,1,1038,976.2093,
KO,1,1039,652.5224,
KO,1,1040,435.1138,
KO,1,1041,430.5203,
KO,1,1042,393.1919,
KO,1,1043,436.6842,
KO,1,1044,325.1733,
KO,1,1045,589.2525,
KO,1,1046,655.4563,
KO,1,1047,445.76,
KO,1,1048,590.2366,
KO,1,1049,782.838,
KO,1,1050,595.0837,
KO,1,1051,979.2064,
KO,1,1052,1783.484,
KO,1,1053,507.3855,
KO,1,1054,705.312,
KO,1,1055,635.7542,
KO,1,1056,692.8979,
KO,1,1057,608.4186,
KO,1,1058,932.3915,
KO,1,1059,739.0452,
KO,1,1060,344.7476,
KO,1,1061,525.1429,
KO,1,1062,925.5826,
KO,1,1063,1559.3,
KO,1,1064,455.1355,
KO,1,1065,919.535,
KO,1,1066,326.3137,
KO,1,1067,735.3384,
KO,1,1068,762.0916,
KO,1,1069,813.1284,
KO,1,1070,364.4197,
KO,1,1071,809.108,
KO,1,1072,854.5926,
KO,1,1073,574.7028,
KO,1,1074,263,
KO,1,1075,498.7979,
KO,1,1076,1496.7937,
KO,1,1077,1294.2727,
KO,1,1078,617.8955,
KO,1,1079,406.9294,
KO,1,1080,729.9561,
KO,1,1081,733.6541,
KO,1,1082,569.088,
KO,1,1083,738.8692,
KO,1,1084,303.4826,
KO,1,1085,640.3077,
KO,1,1086,532.5505,
KO,1,1087,1000.0685,
KO,1,1088,1035.2023,
KO,1,1089,680.626,
KO,1,1090,1131.766,
KO,1,1091,1594.1569,
KO,1,1092,494.7988,
KO,1,1093,354.0528,
KO,1,1094,543.64,
KO,1,1095,598.5789,
KO,1,1096,492.3388,
KO,1,1097,321.5,
KO,1,1098,673.7299,
KO,1,1099,337.2747,
KO,1,1100,341.5656,
KO,1,1101,520.2485,
KO,1,1102,712.1617,
KO,1,1103,761.3547,
KO,1,1104,992.5403,
KO,1,1105,725.767,
KO,1,1106,952.9474,
KO,1,1107,746.9019,
KO,1,1108,940.1695,
KO,1,1109,868.7654,
KO,1,1110,724.918,
KO,1,1111,740.6459,
KO,1,1112,401.5096,
KO,1,1113,364.3149,
KO,1,1114,351.8125,
KO,1,1115,745.072,
KO,1,1116,381.5811,
KO,1,1117,654.4,
KO,1,1118,1149.9897,
KO,1,1119,871.5555,
KO,1,1120,664.9602,
KO,1,1121,366.4199,
KO,1,1122,607.5316,
KO,1,1123,434.12,
KO,1,1124,362.8345,
KO,1,1125,368.3513,
KO,1,1126,517.6069,
KO,1,1127,329.6454,
KO,1,1128,358.0059,
KO,1,1129,444.5898,
KO,1,1130,785.4684,
KO,1,1131,892.2647,
KO,1,1132,298.082,
KO,1,1133,659.3804,
KO,1,1134,670.9323,
KO,1,1135,416.8305,
KO,1,1136,921.6404,
KO,1,1137,755.718,
KO,1,1138,561.913,
KO,1,1139,1513.4694,
KO,1,1140,480.2316,
KO,1,1141,364.2418,
KO,1,1142,305.9015,
KO,1,1143,693.8542,
KO,1,1144,365.6564,
KO,1,1145,769.2079,
KO,1,1146,1142.2976,
KO,1,1147,401.9787,
KO,1,1148,945.4141,
KO,1,1149,358.4087,
KO,1,1150,401.2881,
KO,1,1151,662.1905,
KO,1,1152,737.2126,
KO,1,1153,482.6163,
KO,1,1154,342.5822,
KO,1,1155,325.7194,
KO,1,1156,1107.8729,
KO,1,1157,908.1695,
KO,1,1158,497.75,
KO,1,1159,504.1014,
KO,1,1160,334.2597,
KO,1,1161,852,
KO,1,1162,308.0952,
KO,1,1163,729.2544,
KO,1,1164,421.914,
KO,1,1165,438.8026,
KO,1,1166,399.6591,
KO,1,1167,360.3675,
KO,1,1168,801.2979,
KO,1,1169,766.42,
KO,1,1170,396.0204,
KO,1,1171,306.6374,
KO,1,1172,537.0172,
KO,1,1173,531.7243,
KO,1,1174,332.8294,
KO,1,1175,779.5172,
KO,1,1176,630.9231,
KO,1,1177,587.1667,
KO,1,1178,663.4545,
KO,1,1179,395.3605,
KO,1,1180,872.7358,
KO,1,1181,303.1566,
KO,1,1182,710.4263,
KO,1,1183,686.0806,
KO,1,1184,385.6909,
KO,1,1185,954.6782,
KO,1,1186,752.5926,
KO,1,1187,404.2676,
KO,1,1188,439.0695,
KO,1,1189,328.4445,
KO,1,1190,635.2377,
KO,1,1191,838.9684,
KO,1,1192,589.8165,
KO,1,1193,974.1845,
KO,1,1194,770.0683,
KO,1,1195,663.04,
KO,1,1196,693.847,
KO,1,1197,591.2115,
KO,1,1198,323.0073,
KO,1,1199,1052.2314,
KO,1,1200,363.6961,
KO,1,1201,627.8242,
KO,1,1202,284.1605,
KO,1,1203,230.8591,
KO,1,1204,391.8308,
KO,1,1205,739.0975,
KO,1,1206,638.2482,
KO,1,1207,433.5761,
KO,1,1208,596.0211,
KO,1,1209,858.5699,
KO,1,1210,292.9339,
KO,1,1211,807.8571,
KO,1,1212,666.5173,
KO,1,1213,669.3837,
KO,1,1214,1020.2593,
KO,1,1215,264.2333,
KO,1,1216,913.6,
KO,1,1217,831.5756,
KO,1,1218,540.3534,
KO,1,1219,315.8257,
KO,1,1220,405.5595,
KO,1,1221,830.5227,
KO,1,1222,589.1605,
KO,1,1223,1224.6666,
KO,1,1224,797.276,
KO,1,1225,312.019,
KO,1,1226,306.1367,
KO,1,1227,497.2308,
KO,1,1228,258.0325,
KO,1,1229,270.6,
KO,1,1230,832.1964,
KO,1,1231,714.071,
KO,1,1232,738.7227,
KO,1,1233,619.0212,
KO,1,1234,374.8594,
KO,1,1235,369.6058,
KO,1,1236,532.8297,
KO,1,1237,432.0227,
KO,1,1238,675.2844,
KO,1,1239,356.646,
KO,1,1240,940.1096,
KO,1,1241,363.8846,
KO,1,1242,1058.3115,
KO,1,1243,650.6565,
KO,1,1244,322.6429,
KO,1,1245,630.1076,
KO,1,1246,806.2715,
KO,1,1247,738.1884,
KO,1,1248,632.1298,
KO,1,1249,299.5,
KO,1,1250,685.4894,
KO,1,1251,669.4199,
KO,1,1252,636.7438,
KO,1,1253,2432.5967,
KO,1,1254,344.825,
KO,1,1255,800.5641,
KO,1,1256,758.4183,
KO,1,1257,617.3192,
KO,1,1258,796.1215,
KO,1,1259,370.1321,
KO,1,1260,785.2759,
KO,1,1261,605.7246,
KO,1,1262,719.9481,
KO,1,1263,532.4564,
KO,1,1264,671.95,
KO,1,1265,581.6505,
KO,1,1266,610.7081,
KO,1,1267,398.5217,
KO,1,1268,634.6057,
KO,1,1269,340.6303,
KO,1,1270,288.0988,
KO,1,1271,668.8696,
KO,1,1272,642.9773,
KO,1,1273,629.3148,
KO,1,1274,1152.7233,
KO,1,1275,455.1707,
KO,1,1276,500.73,
KO,1,1277,480.382,
KO,1,1278,600.3312,
KO,1,1279,701.6923,
KO,1,1280,384.7356,
KO,1,1281,602.1935,
KO,1,1282,962.2258,
KO,1,1283,593.2993,
KO,1,1284,701.5532,
KO,1,1285,253.525,
KO,1,1286,524.807,
KO,1,1287,448.2981,
KO,1,1288,391.7143,
KO,1,1289,542.6197,
KO,1,1290,508.3579,
KO,1,1291,495.1833,
KO,1,1292,385.1407,
KO,1,1293,1010.9333,
KO,1,1294,537.416,
KO,1,1295,503.3884,
KO,1,1296,421.5352,
KO,1,1297,575.4231,
KO,1,1298,515.5,
KO,1,1299,477.6035,
KO,1,1300,686.3396,
KO,1,1301,634.4305,
KO,1,1302,681.5932,
KO,1,1303,470.1786,
KO,1,1304,578.0926,
KO,1,1305,787.8913,
KO+X1,1,1,747.0389,
KO+X1,1,2,961.1429,
KO+X1,1,3,845.7816,
KO+X1,1,4,1265.75,
KO+X1,1,5,1214.9073,
KO+X1,1,6,1091.071,
KO+X1,1,7,1110.35,
KO+X1,1,8,870.7882,
KO+X1,1,9,888.9322,
KO+X1,1,10,845.8026,
KO+X1,1,11,1098.4467,
KO+X1,1,12,1858.0476,
KO+X1,1,13,1010.0734,
KO+X1,1,14,1097.0045,
KO+X1,1,15,851.0392,
KO+X1,1,16,786.5814,
KO+X1,1,17,684.2,
KO+X1,1,18,1501.8658,
KO+X1,1,19,1014.4744,
KO+X1,1,20,838.2072,
KO+X1,1,21,1029.5986,
KO+X1,1,22,1384.5841,
KO+X1,1,23,1608.6753,
KO+X1,1,24,2363.2661,
KO+X1,1,25,1886.0741,
KO+X1,1,26,1181.4453,
KO+X1,1,27,617.3,
KO+X1,1,28,1175.6057,
KO+X1,1,29,1163.6305,
KO+X1,1,30,471.0454,
KO+X1,1,31,2061.0564,
KO+X1,1,32,520.3823,
KO+X1,1,33,1947.3804,
KO+X1,1,34,1307.475,
KO+X1,1,35,1434.6033,
KO+X1,1,36,590,
KO+X1,1,37,687.1392,
KO+X1,1,38,835.7833,
KO+X1,1,39,1326.5438,
KO+X1,1,40,1294.3226,
KO+X1,1,41,1080.6852,
KO+X1,1,42,1027.6379,
KO+X1,1,43,1196.1482,
KO+X1,1,44,1328.662,
KO+X1,1,45,1334.2593,
KO+X1,1,46,923.7551,
KO+X1,1,47,1070.3107,
KO+X1,1,48,1995.0758,
KO+X1,1,49,1083.4642,
KO+X1,1,50,1133.9886,
KO+X1,1,51,1379.9618,
KO+X1,1,52,1224.8682,
KO+X1,1,53,1206.1918,
KO+X1,1,54,1698.7803,
KO+X1,1,55,1687.3422,
KO+X1,1,56,561.7789,
KO+X1,1,57,1234.05,
KO+X1,1,58,933.7826,
KO+X1,1,59,993.6486,
KO+X1,1,60,2314.3845,
KO+X1,1,61,1078.6,
KO+X1,1,62,1251.7133,
KO+X1,1,63,2122.9666,
KO+X1,1,64,1201.6145,
KO+X1,1,65,776.7879,
KO+X1,1,66,1598.7462,
KO+X1,1,67,1408.8524,
KO+X1,1,68,719.9105,
KO+X1,1,69,1373.3334,
KO+X1,1,70,854.037,
KO+X1,1,71,1616.5765,
KO+X1,1,72,1005.181,
KO+X1,1,73,1545.6025,
KO+X1,1,74,1715.3176,
KO+X1,1,75,535.8108,
KO+X1,1,76,2245.5881,
KO+X1,1,77,1270.6154,
KO+X1,1,78,1577.4513,
KO+X1,1,79,1173.3621,
KO+X1,1,80,1588.6801,
KO+X1,1,81,841.1695,
KO+X1,1,82,1166.7693,
KO+X1,1,83,2048.0847,
KO+X1,1,84,1151.4329,
KO+X1,1,85,1888.309,
KO+X1,1,86,1245.959,
KO+X1,1,87,560.8307,
KO+X1,1,88,980.6224,
KO+X1,1,89,1491.5322,
KO+X1,1,90,1313.0834,
KO+X1,1,91,1129.6235,
KO+X1,1,92,547.4107,
KO+X1,1,93,1034.9259,
KO+X1,1,94,1320.7877,
KO+X1,1,95,1212.1177,
KO+X1,1,96,769.4348,
KO+X1,1,97,1061.1428,
KO+X1,1,98,1138.358,
KO+X1,1,99,922.8621,
KO+X1,1,100,638.7217,
KO+X1,1,101,1573.2653,
KO+X1,1,102,1750.6857,
KO+X1,1,103,1186.7379,
KO+X1,1,104,1493.4186,
KO+X1,1,105,941.887,
KO+X1,1,106,1270.2771,
KO+X1,1,107,1388.8889,
KO+X1,1,108,1329.1405,
KO+X1,1,109,1211.9756,
KO+X1,1,110,1174.96,
KO+X1,1,111,1466.3956,
KO+X1,1,112,816.1078,
KO+X1,1,113,1373.3273,
KO+X1,1,114,1020.4286,
KO+X1,1,115,1280.8594,
KO+X1,1,116,1073.1082,
KO+X1,1,117,733.9174,
KO+X1,1,118,1131.9043,
KO+X1,1,119,2393.4126,
KO+X1,1,120,1489.7693,
KO+X1,1,121,1099.0197,
KO+X1,1,122,1131.8937,
KO+X1,1,123,1215.1034,
KO+X1,1,124,1348.814,
KO+X1,1,125,790.2245,
KO+X1,1,126,1430.2626,
KO+X1,1,127,1208.3608,
KO+X1,1,128,1579.7172,
KO+X1,1,129,1500.4082,
KO+X1,1,130,1074.8912,
KO+X1,1,131,1016.7647,
KO+X1,1,132,912.6346,
KO+X1,1,133,1489.3149,
KO+X1,1,134,1267.7153,
KO+X1,1,135,1023.5102,
KO+X1,1,136,1327.321,
KO+X1,1,137,1435.2,
KO+X1,1,138,1294.9062,
KO+X1,1,139,1140.8604,
KO+X1,1,140,900.5577,
KO+X1,1,141,1896.9775,
KO+X1,1,142,1143.381,
KO+X1,1,143,1065.9141,
KO+X1,1,144,992.6923,
KO+X1,1,145,1009.3555,
KO+X1,1,146,945.4815,
KO+X1,1,147,1083.2969,
KO+X1,1,148,1537.4117,
KO+X1,1,149,1225.1038,
KO+X1,1,150,1135.9672,
KO+X1,1,151,1194.0974,
KO+X1,1,152,1156.1375,
KO+X1,1,153,958.6373,
KO+X1,1,154,2058.3999,
KO+X1,1,155,1108.8588,
KO+X1,1,156,1199.5952,
KO+X1,1,157,1079.2435,
KO+X1,1,158,1333.6744,
KO+X1,1,159,991.2553,
KO+X1,1,160,807.2286,
KO+X1,1,161,1285.5424,
KO+X1,1,162,1524.8191,
KO+X1,1,163,1104.5909,
KO+X1,1,164,1028.4286,
KO+X1,1,165,1215.9257,
KO+X1,1,166,1034.806,
KO+X1,1,167,2632.7532,
KO+X1,1,168,1036.9491,
KO+X1,1,169,1100.3314,
KO+X1,1,170,1078.9404,
KO+X1,1,171,1282.3409,
KO+X1,1,172,877.0806,
KO+X1,1,173,1072.6719,
KO+X1,1,174,1174.0944,
KO+X1,1,175,1475.8818,
KO+X1,1,176,1376.9932,
KO+X1,1,177,990.1461,
KO+X1,1,178,796.3016,
KO+X1,1,179,2720.5376,
KO+X1,1,180,1230.738,
KO+X1,1,181,1169.489,
KO+X1,1,182,765.5185,
KO+X1,1,183,1009.7966,
KO+X1,1,184,1234.5167,
KO+X1,1,185,1930.8121,
KO+X1,1,186,1138.1133,
KO+X1,1,187,967.9107,
KO+X1,1,188,1171.5988,
KO+X1,1,189,1551.5316,
KO+X1,1,190,1173.173,
KO+X1,1,191,1018.6948,
KO+X1,1,192,1101.6348,
KO+X1,1,193,1065.2349,
KO+X1,1,194,1460.0552,
KO+X1,1,195,1210.9951,
KO+X1,1,196,1222.248,
KO+X1,1,197,1289.4229,
KO+X1,1,198,1760.1046,
KO+X1,1,199,1580.4546,
KO+X1,1,200,1091.1731,
KO+X1,1,201,1293.6573,
KO+X1,1,202,860.129,
KO+X1,1,203,1081.4255,
KO+X1,1,204,1016.1019,
KO+X1,1,205,1341.8928,
KO+X1,1,206,1264.7778,
KO+X1,1,207,1516.627,
KO+X1,1,208,741.4902,
KO+X1,1,209,916.4081,
KO+X1,1,210,1321.6437,
KO+X1,1,211,1185.2593,
KO+X1,1,212,1041.649,
KO+X1,1,213,1207.2338,
KO+X1,1,214,460.582,
KO+X1,1,215,1206,
KO+X1,1,216,1040.1951,
KO+X1,1,217,1530.8462,
KO+X1,1,218,1274.6403,
KO+X1,1,219,1807,
KO+X1,1,220,1078.5571,
KO+X1,1,221,1348.9565,
KO+X1,1,222,1067.7317,
KO+X1,1,223,1150.0813,
KO+X1,1,224,1215.7288,
KO+X1,1,225,1212.6989,
KO+X1,1,226,1644.8932,
KO+X1,1,227,910.4865,
KO+X1,1,228,1309.5349,
KO+X1,1,229,1530.2106,
KO+X1,1,230,1050.1167,
KO+X1,1,231,1304.885,
KO+X1,1,232,1089.2354,
KO+X1,1,233,1256.2273,
KO+X1,1,234,712.8267,
KO+X1,1,235,1274.7474,
KO+X1,1,236,1268.625,
KO+X1,1,237,1213.099,
KO+X1,1,238,1007.9167,
KO+X1,1,239,1624.1459,
KO+X1,1,240,943.8947,
KO+X1,1,241,1041.381,
KO+X1,1,242,1462.6383,
KO+X1,1,243,1216.34,
KO+X1,1,244,990.2783,
KO+X1,1,245,2297.8379,
KO+X1,1,246,1237,
KO+X1,1,247,810.4268,
KO+X1,1,248,1019.75,
KO+X1,1,249,1312.6881,
KO+X1,1,250,820.5854,
KO+X1,1,251,880.8346,
KO+X1,1,252,1709.6884,
KO+X1,1,253,1126.8136,
KO+X1,1,254,1292.4038,
KO+X1,1,255,1260.6644,
KO+X1,1,256,1118.6731,
KO+X1,1,257,1756.2195,
KO+X1,1,258,1088.3729,
KO+X1,1,259,1284.0061,
KO+X1,1,260,1042.4454,
KO+X1,1,261,1287.2632,
KO+X1,1,262,1095.9915,
KO+X1,1,263,910.18,
KO+X1,1,264,882.6458,
KO+X1,1,265,1613.3168,
KO+X1,1,266,1024.8,
KO+X1,1,267,984.2791,
KO+X1,1,268,937.6212,
KO+X1,1,269,1491.2662,
KO+X1,1,270,813.228,
KO+X1,1,271,1867.3959,
KO+X1,1,272,1105.9302,
KO+X1,1,273,1266.3517,
KO+X1,1,274,1407.8661,
KO+X1,1,275,1121.699,
KO+X1,1,276,1069.075,
KO+X1,1,277,2484.6428,
KO+X1,1,278,796.4815,
KO+X1,1,279,1759.1685,
KO+X1,1,280,719.8141,
KO+X1,1,281,967.3514,
KO+X1,1,282,2078.5195,
KO+X1,1,283,1599.7887,
KO+X1,1,284,1057.9678,
KO+X1,1,285,1112.7778,
KO+X1,1,286,1420.4111,
KO+X1,1,287,1141.3715,
KO+X1,1,288,1259.3389,
KO+X1,1,289,992.8055,
KO+X1,1,290,1266.5229,
KO+X1,1,291,945.9437,
KO+X1,1,292,1171.9796,
KO+X1,1,293,1026.3334,
KO+X1,1,294,1397.3723,
KO+X1,1,295,1538.6274,
KO+X1,1,296,1283.0496,
KO+X1,1,297,1008.6852,
KO+X1,1,298,1324.0582,
KO+X1,1,299,968.2115,
KO+X1,1,300,1277.2067,
KO+X1,1,301,1230.6666,
KO+X1,1,302,1020.0847,
KO+X1,1,303,2492.1096,
KO+X1,1,304,929.2325,
KO+X1,1,305,856.4269,
KO+X1,1,306,3345.512,
KO+X1,1,307,4377,
KO+X1,1,308,2149.792,
KO+X1,1,309,1760.5933,
KO+X1,1,310,770.9516,
KO+X1,1,311,1223.3949,
KO+X1,1,312,1340.25,
KO+X1,1,313,1886.4456,
KO+X1,1,314,895.2206,
KO+X1,1,315,1053.9178,
KO+X1,1,316,1512.448,
KO+X1,1,317,2559.8501,
KO+X1,1,318,1111.7279,
KO+X1,1,319,1354.8196,
KO+X1,1,320,1518.8805,
KO+X1,1,321,1262.735,
KO+X1,1,322,960.7955,
KO+X1,1,323,1241.5476,
KO+X1,1,324,1452.2671,
KO+X1,1,325,644.625,
KO+X1,1,326,1127.2413,
KO+X1,1,327,1024.975,
KO+X1,1,328,1281.7375,
KO+X1,1,329,1763.5072,
KO+X1,1,330,1362.6395,
KO+X1,1,331,769.4762,
KO+X1,1,332,1427.0574,
KO+X1,1,333,470.459,
KO+X1,1,334,1161.4369,
KO+X1,1,335,1535.1517,
KO+X1,1,336,1229.1163,
KO+X1,1,337,1009.2889,
KO+X1,1,338,1033.0667,
KO+X1,1,339,1655.2268,
KO+X1,1,340,1045.3032,
KO+X1,1,341,2727.6438,
KO+X1,1,342,1381.9885,
KO+X1,1,343,2651.9092,
KO+X1,1,344,1423.38,
KO+X1,1,345,952.6609,
KO+X1,1,346,1446.6194,
KO+X1,1,347,1106.7273,
KO+X1,1,348,1350.5753,
KO+X1,1,349,1044.2142,
KO+X1,1,350,995.8,
KO+X1,1,351,2252.0271,
KO+X1,1,352,715.6845,
KO+X1,1,353,1222.76,
KO+X1,1,354,1242.0677,
KO+X1,1,355,1185.995,
KO+X1,1,356,1045.4779,
KO+X1,1,357,1380.521,
KO+X1,1,358,1425.5508,
KO+X1,1,359,1170.9231,
KO+X1,1,360,1684.8673,
KO+X1,1,361,932.9518,
KO+X1,1,362,863.2364,
KO+X1,1,363,1789.5643,
KO+X1,1,364,1428.3585,
KO+X1,1,365,656.0241,
KO+X1,1,366,1492.8451,
KO+X1,1,367,2210.9014,
KO+X1,1,368,1394.5913,
KO+X1,1,369,1223.1487,
KO+X1,1,370,2231.5774,
KO+X1,1,371,2052.5583,
KO+X1,1,372,2678.1929,
KO+X1,1,373,870.913,
KO+X1,1,374,1142.0227,
KO+X1,1,375,1388.4207,
KO+X1,1,376,1149.3169,
KO+X1,1,377,1217.2886,
KO+X1,1,378,1999.3214,
KO+X1,1,379,1278.7797,
KO+X1,1,380,3148.1467,
KO+X1,1,381,1374.3889,
KO+X1,1,382,1179.2119,
KO+X1,1,383,1823.3086,
KO+X1,1,384,1353.5116,
KO+X1,1,385,1172.5447,
KO+X1,1,386,972.3294,
KO+X1,1,387,1197.4286,
KO+X1,1,388,1003.0351,
KO+X1,1,389,1914.1533,
KO+X1,1,390,1064,
KO+X1,1,391,1178.4354,
KO+X1,1,392,972.9865,
KO+X1,1,393,6242.98,
KO+X1,1,394,1287.7944,
KO+X1,1,395,1102.4462,
KO+X1,1,396,1658.1428,
KO+X1,1,397,778.8987,
KO+X1,1,398,936,
KO+X1,1,399,1342.2035,
KO+X1,1,400,1758.7587,
KO+X1,1,401,898.0682,
KO+X1,1,402,1771.0588,
KO+X1,1,403,1516.7179,
KO+X1,1,404,1362.1057,
KO+X1,1,405,1158.5432,
KO+X1,1,406,1384.6759,
KO+X1,1,407,887.5,
KO+X1,1,408,1345.5042,
KO+X1,1,409,1294.124,
KO+X1,1,410,2123.7253,
KO+X1,1,411,1027.2783,
KO+X1,1,412,1238.7142,
KO+X1,1,413,1545.5276,
KO+X1,1,414,1246.723,
KO+X1,1,415,2153.7295,
KO+X1,1,416,1148.7152,
KO+X1,1,417,2108.3225,
KO+X1,1,418,1272.4968,
KO+X1,1,419,1850.7966,
KO+X1,1,420,1568.6769,
KO+X1,1,421,1136.0978,
KO+X1,1,422,1604.3979,
KO+X1,1,423,1035.8247,
KO+X1,1,424,1334.0129,
KO+X1,1,425,2257.146,
KO+X1,1,426,999.64,
KO+X1,1,427,821.569,
KO+X1,1,428,1641,
KO+X1,1,429,1188.859,
KO+X1,1,430,2381.0857,
KO+X1,1,431,1452.9188,
KO+X1,1,432,779.3889,
KO+X1,1,433,1183,
KO+X1,1,434,817.0854,
KO+X1,1,435,3272.3953,
KO+X1,1,436,962.1439,
KO+X1,1,437,1649.6222,
KO+X1,1,438,1005.0541,
KO+X1,1,439,1315.4227,
KO+X1,1,440,1778.6316,
KO+X1,1,441,3858.2251,
KO+X1,1,442,1269.6333,
KO+X1,1,443,2064.8645,
KO+X1,1,444,2933.4656,
KO+X1,1,445,945.3271,
KO+X1,1,446,1198.8518,
KO+X1,1,447,1778.5826,
KO+X1,1,448,785.5917,
KO+X1,1,449,999.4445,
KO+X1,1,450,2516.8,
KO+X1,1,451,2048.6101,
KO+X1,1,452,883.46,
KO+X1,1,453,1119.9082,
KO+X1,1,454,2049.0129,
KO+X1,1,455,1765.3372,
KO+X1,1,456,1896.7522,
KO+X1,1,457,1439.5538,
KO+X1,1,458,1259.0741,
KO+X1,1,459,1407.1538,
KO+X1,1,460,993.7105,
KO+X1,1,461,1108.8906,
KO+X1,1,462,1746.5447,
KO+X1,1,463,2160.1211,
KO+X1,1,464,1128.3667,
KO+X1,1,465,877.5422,
KO+X1,1,466,1236.4011,
KO+X1,1,467,3137.4058,
KO+X1,1,468,977.6667,
KO+X1,1,469,1686.9932,
KO+X1,1,470,1639.7407,
KO+X1,1,471,1488.757,
KO+X1,1,472,1993.9846,
KO+X1,1,473,1265.8081,
KO+X1,1,474,1803.1969,
KO+X1,1,475,1401.3494,
KO+X1,1,476,1234.3419,
KO+X1,1,477,1695.2778,
KO+X1,1,478,1267.4023,
KO+X1,1,479,839.1279,
KO+X1,1,480,919.619,
KO+X1,1,481,2793.7627,
KO+X1,1,482,1258.2054,
KO+X1,1,483,1189.0725,
KO+X1,1,484,1466.765,
KO+X1,1,485,1217.3928,
KO+X1,1,486,933.5793,
KO+X1,1,487,1473.4474,
KO+X1,1,488,954.3975,
KO+X1,1,489,1210.916,
KO+X1,1,490,1195.5785,
KO+X1,1,491,1718.766,
KO+X1,1,492,1559.4603,
KO+X1,1,493,3076.4385,
KO+X1,1,494,1087.2407,
KO+X1,1,495,1323.1827,
KO+X1,1,496,1711.5,
KO+X1,1,497,2548.854,
KO+X1,1,498,1251.4661,
KO+X1,1,499,2881.6155,
KO+X1,1,500,1367.835,
KO+X1,1,501,1459.3917,
KO+X1,1,502,1414.9597,
KO+X1,1,503,1015.4927,
KO+X1,1,504,1395.7402,
KO+X1,1,505,1920.7273,
KO+X1,1,506,1285.3846,
KO+X1,1,507,1390.3773,
KO+X1,1,508,1570.6938,
KO+X1,1,509,1167.24,
KO+X1,1,510,1092.5767,
KO+X1,1,511,1172.9423,
KO+X1,1,512,1420.0288,
KO+X1,1,513,2608.7673,
KO+X1,1,514,1647.9385,
KO+X1,1,515,1340.3135,
KO+X1,1,516,4390.2935,
KO+X1,1,517,1027.1444,
KO+X1,1,518,2045.4546,
KO+X1,1,519,2370.3088,
KO+X1,1,520,1071.5325,
KO+X1,1,521,1256.4777,
KO+X1,1,522,1330.6313,
KO+X1,1,523,1122.8704,
KO+X1,1,524,1328.6154,
KO+X1,1,525,1285.0155,
KO+X1,1,526,1096.9706,
KO+X1,1,527,1807.9777,
KO+X1,1,528,1255.262,
KO+X1,1,529,2249.6567,
KO+X1,1,530,1345.5604,
KO+X1,1,531,2818.5767,
KO+X1,1,532,1261.8397,
KO+X1,1,533,2076.3999,
KO+X1,1,534,1063.5522,
KO+X1,1,535,1109.0521,
KO+X1,1,536,1344.5273,
KO+X1,1,537,1597.141,
KO+X1,1,538,1698.0426,
KO+X1,1,539,1021.876,
KO+X1,1,540,1653.4071,
KO+X1,1,541,1718,
KO+X1,1,542,1853.2222,
KO+X1,1,543,1302.8193,
KO+X1,1,544,1768.6111,
KO+X1,1,545,1110.7479,
KO+X1,1,546,877.4915,
KO+X1,1,547,1238.9512,
KO+X1,1,548,1791.8055,
KO+X1,1,549,1492.9351,
KO+X1,1,550,1008.66,
KO+X1,1,551,1455.0605,
KO+X1,1,552,1144.2812,
KO+X1,1,553,1491.908,
KO+X1,1,554,1934.2385,
KO+X1,1,555,941.3121,
KO+X1,1,556,1669.2524,
KO+X1,1,557,1187.4286,
KO+X1,1,558,1260.9479,
KO+X1,1,559,1770.0144,
KO+X1,1,560,1194.209,
KO+X1,1,561,1791.3077,
KO+X1,1,562,2210.6521,
KO+X1,1,563,1037.8544,
KO+X1,1,564,692.313,
KO+X1,1,565,1005.9485,
KO+X1,1,566,1178.5302,
KO+X1,1,567,1050.0922,
KO+X1,1,568,1106.9595,
KO+X1,1,569,1811.3359,
KO+X1,1,570,1486.2754,
KO+X1,1,571,1131.8527,
KO+X1,1,572,1722.9684,
KO+X1,1,573,1046.1694,
KO+X1,1,574,2672,
KO+X1,1,575,913.125,
KO+X1,1,576,1633.4884,
KO+X1,1,577,2189.2717,
KO+X1,1,578,1329.0562,
KO+X1,1,579,1371.3096,
KO+X1,1,580,1227.735,
KO+X1,1,581,1209.425,
KO+X1,1,582,1264.0073,
KO+X1,1,583,1089.5161,
KO+X1,1,584,2862.55,
KO+X1,1,585,1503.7156,
KO+X1,1,586,1350.7142,
KO+X1,1,587,1903.04,
KO+X1,1,588,1022.3611,
KO+X1,1,589,1342.3636,
KO+X1,1,590,1493.8231,
KO+X1,1,591,1299.2531,
KO+X1,1,592,904.6598,
KO+X1,1,593,1053.0952,
KO+X1,1,594,1685.9342,
KO+X1,1,595,1441.5271,
KO+X1,1,596,1434.7307,
KO+X1,1,597,3045.9604,
KO+X1,1,598,1496.8975,
KO+X1,1,599,2117.0681,
KO+X1,1,600,1359.2363,
KO+X1,1,601,2022.687,
KO+X1,1,602,1243.7916,
KO+X1,1,603,1635.4073,
KO+X1,1,604,1394.6976,
KO+X1,1,605,1203.5392,
KO+X1,1,606,1104.6578,
KO+X1,1,607,1900.6805,
KO+X1,1,608,1112.3903,
KO+X1,1,609,891.9167,
KO+X1,1,610,1239.7864,
KO+X1,1,611,3047.7385,
KO+X1,1,612,979.8455,
KO+X1,1,613,1152.8494,
KO+X1,1,614,1398.864,
KO+X1,1,615,1905.421,
KO+X1,1,616,1344.723,
KO+X1,1,617,1480.3409,
KO+X1,1,618,6613,
KO+X1,1,619,1128.8682,
KO+X1,1,620,1133.3457,
KO+X1,1,621,1143.5577,
KO+X1,1,622,1060.6459,
KO+X1,1,623,1085.5286,
KO+X1,1,624,1232.5161,
KO+X1,1,625,1853.9314,
KO+X1,1,626,893.2552,
KO+X1,1,627,1963.5,
KO+X1,1,628,1855.7358,
KO+X1,1,629,1569.8984,
KO+X1,1,630,1093.5,
KO+X1,1,631,1677.4949,
KO+X1,1,632,1202.5656,
KO+X1,1,633,1483.0488,
KO+X1,1,634,1413.8452,
KO+X1,1,635,1051.875,
KO+X1,1,636,626.3951,
KO+X1,1,637,888.9619,
KO+X1,1,638,1311.7634,
KO+X1,1,639,1658.6293,
KO+X1,1,640,2282.8472,
KO+X1,1,641,1618.4691,
KO+X1,1,642,1387.3895,
KO+X1,1,643,913.0594,
KO+X1,1,644,1903.4572,
KO+X1,1,645,1578.4962,
KO+X1,1,646,1254.75,
KO+X1,1,647,1136.8508,
KO+X1,1,648,1238.1786,
KO+X1,1,649,1959.7142,
KO+X1,1,650,741.5455,
KO+X1,1,651,1955.7778,
KO+X1,1,652,1790.236,
KO+X1,1,653,1870.8209,
KO+X1,1,654,1363.6891,
KO+X1,1,655,1868.4362,
KO+X1,1,656,2288.8572,
KO+X1,1,657,1564.6945,
KO+X1,1,658,1426.6815,
KO+X1,1,659,1244.6305,
KO+X1,1,660,1225.3071,
KO+X1,1,661,1759.4736,
KO+X1,1,662,1221.9423,
KO+X1,1,663,1092.5264,
KO+X1,1,664,1875.0123,
KO+X1,1,665,1649.9269,
KO+X1,1,666,1428.7572,
KO+X1,1,667,2260.7888,
KO+X1,1,668,1133.2693,
KO+X1,1,669,2576.5811,
KO+X1,1,670,1642.3158,
KO+X1,1,671,1290.5669,
KO+X1,1,672,1305.95,
KO+X1,1,673,1806.6051,
KO+X1,1,674,2374.1538,
KO+X1,1,675,1824.6578,
KO+X1,1,676,1785.0941,
KO+X1,1,677,1713.9619,
KO+X1,1,678,852.6771,
KO+X1,1,679,1401.672,
KO+X1,1,680,818.1883,
KO+X1,1,681,1957.5109,
KO+X1,1,682,1702.5394,
KO+X1,1,683,1176.4479,
KO+X1,1,684,1390.5652,
KO+X1,1,685,1731.7451,
KO+X1,1,686,1247.7019,
KO+X1,1,687,1166.4882,
KO+X1,1,688,1458.7333,
KO+X1,1,689,2005.7396,
KO+X1,1,690,3257.1731,
KO+X1,1,691,1294.2195,
KO+X1,1,692,1049.5138,
KO+X1,1,693,1142.4783,
KO+X1,1,694,1271.7356,
KO+X1,1,695,1300.6632,
KO+X1,1,696,1194.171,
KO+X1,1,697,2223.886,
KO+X1,1,698,2351.8655,
KO+X1,1,699,1189.2988,
KO+X1,1,700,1533.5699,
KO+X1,1,701,1049.0233,
KO+X1,1,702,2838.3364,
KO+X1,1,703,1113.9401,
KO+X1,1,704,1892.7097,
KO+X1,1,705,1875.3334,
KO+X1,1,706,878.5294,
KO+X1,1,707,1332.8344,
KO+X1,1,708,1746.0227,
KO+X1,1,709,1327.7732,
KO+X1,1,710,2010.2467,
KO+X1,1,711,1373.234,
KO+X1,1,712,1596.8993,
KO+X1,1,713,1522.9348,
KO+X1,1,714,2226.6477,
KO+X1,1,715,1095.8933,
KO+X1,1,716,1570.3673,
KO+X1,1,717,1305.604,
KO+X1,1,718,1403.5659,
KO+X1,1,719,1087.8,
KO+X1,1,720,1296.8313,
KO+X1,1,721,688.1509,
KO+X1,1,722,1004.0244,
KO+X1,1,723,1168.5518,
KO+X1,1,724,2731.5852,
KO+X1,1,725,1400.213,
KO+X1,1,726,1401.437,
KO+X1,1,727,1651.7097,
KO+X1,1,728,1578.4097,
KO+X1,1,729,1230.3021,
KO+X1,1,730,1276.8735,
KO+X1,1,731,1572.24,
KO+X1,1,732,1024.2295,
KO+X1,1,733,1290.262,
KO+X1,1,734,1068.619,
KO+X1,1,735,1273.2423,
KO+X1,1,736,1319.1774,
KO+X1,1,737,1294.071,
KO+X1,1,738,1568.3677,
KO+X1,1,739,948.2308,
KO+X1,1,740,920.3698,
KO+X1,1,741,988.3469,
KO+X1,1,742,1218.8663,
KO+X1,1,743,1081.434,
KO+X1,1,744,1103.2759,
KO+X1,1,745,2089.9011,
KO+X1,1,746,1086.6124,
KO+X1,1,747,506.9412,
KO+X1,1,748,963.7213,
KO+X1,1,749,1254.52,
KO+X1,1,750,2195,
KO+X1,1,751,1812.4091,
KO+X1,1,752,1014.9167,
KO+X1,1,753,973.2778,
KO+X1,1,754,1569.7412,
KO+X1,1,755,1241.2766,
KO+X1,1,756,1094.5325,
KO+X1,1,757,1465.8959,
KO+X1,1,758,1731.8351,
KO+X1,1,759,1922.3422,
KO+X1,1,760,1030.8711,
KO+X1,1,761,1636.6093,
KO+X1,1,762,1835.2074,
KO+X1,1,763,1270.9086,
KO+X1,1,764,1012.4478,
KO+X1,1,765,820.3615,
KO+X1,1,766,1023.9231,
KO+X1,1,767,1246.1343,
KO+X1,1,768,1208.9669,
KO+X1,1,769,1148.6589,
KO+X1,1,770,1152.9667,
KO+X1,1,771,3172.1633,
KO+X1,1,772,1315.6492,
KO+X1,1,773,951,
KO+X1,1,774,945.3861,
KO+X1,1,775,864.8947,
KO+X1,1,776,2507.7102,
KO+X1,1,777,1916.5284,
KO+X1,1,778,1349.2299,
KO+X1,1,779,2346.0532,
KO+X1,1,780,1298.1364,
KO+X1,1,781,1005.5041,
KO+X1,1,782,1325.7059,
KO+X1,1,783,969.2,
KO+X1,1,784,1624.2118,
KO+X1,1,785,1208.9131,
KO+X1,1,786,1091.2659,
KO+X1,1,787,987.4099,
KO+X1,1,788,874.6575,
KO+X1,1,789,1041.1332,
KO+X1,1,790,994.7021,
KO+X1,1,791,5164.6958,
KO+X1,1,792,1288.7792,
KO+X1,1,793,1824.2672,
KO+X1,1,794,987.8495,
KO+X1,1,795,1556.3782,
KO+X1,1,796,1028.1492,
KO+X1,1,797,1017.9646,
KO+X1,1,798,864.8636,
KO+X1,1,799,1166.2179,
KO+X1,1,800,1215.4131,
KO+X1,1,801,1106.1892,
KO+X1,1,802,1546.5625,
KO+X1,1,803,1224.0594,
KO+X1,1,804,993.6083,
KO+X1,1,805,1584.7584,
KO+X1,1,806,1499.4945,
KO+X1,1,807,1001.9385,
KO+X1,1,808,1275.3737,
KO+X1,1,809,915.0536,
KO+X1,1,810,1021.3222,
KO+X1,1,811,1078.2927,
KO+X1,1,812,1139.6777,
KO+X1,1,813,1304.9508,
KO+X1,1,814,1099.3962,
KO+X1,1,815,786.517,
KO+X1,1,816,1464.1608,
KO+X1,1,817,1126.8267,
KO+X1,1,818,1176.7906,
KO+X1,1,819,1737.4679,
KO+X1,1,820,1167.449,
KO+X1,1,821,1426.0073,
KO+X1,1,822,1192.7402,
KO+X1,1,823,1100.4615,
KO+X1,1,824,1168.7323,
KO+X1,1,825,1158.175,
KO+X1,1,826,1657.4,
KO+X1,1,827,1267.3914,
KO+X1,1,828,1389.9014,
KO+X1,1,829,949.6907,
KO+X1,1,830,1143.2812,
KO+X1,1,831,1740.7303,
KO+X1,1,832,1274.9642,
KO+X1,1,833,1334.2142,
KO+X1,1,834,1087.8359,
KO+X1,1,835,1251.9398,
KO+X1,1,836,1302.7634,
KO+X1,1,837,1386.2338,
KO+X1,1,838,785.6049,
KO+X1,1,839,1277.2421,
KO+X1,1,840,1416.1464,
KO+X1,1,841,1927.6946,
KO+X1,1,842,948.9955,
KO+X1,1,843,1017.6566,
KO+X1,1,844,1672.4445,
KO+X1,1,845,537,
KO+X1,1,846,1155.9012,
KO+X1,1,847,1357.8839,
KO+X1,1,848,1016.009,
KO+X1,1,849,881.4853,
KO+X1,1,850,1240.0819,
KO+X1,1,851,1119.7306,
KO+X1,1,852,2748.2285,
KO+X1,1,853,570.3461,
KO+X1,1,854,761.916,
KO+X1,1,855,918.6405,
KO+X1,1,856,1109.6613,
KO+X1,1,857,1173.325,
KO+X1,1,858,1238.5781,
KO+X1,1,859,843.75,
KO+X1,1,860,2117.5488,
KO+X1,1,861,1105.2992,
KO+X1,1,862,1211.3784,
KO+X1,1,863,1694.3711,
KO+X1,1,864,1252.3458,
KO+X1,1,865,1681.8435,
KO+X1,1,866,995.8074,
KO+X1,1,867,1002.1295,
KO+X1,1,868,1045.7273,
KO+X1,1,869,928.2179,
KO+X1,1,870,1728.3442,
KO+X1,1,871,1503.3191,
KO+X1,1,872,1198.2941,
KO+X1,1,873,968.4863,
KO+X1,1,874,934.8611,
KO+X1,1,875,1161.1646,
KO+X1,1,876,1381.1183,
KO+X1,1,877,1384.8522,
KO+X1,1,878,3475.3083,
KO+X1,1,879,1275.6,
KO+X1,1,880,526.9881,
KO+X1,1,881,1184.6199,
KO+X1,1,882,1480.2894,
KO+X1,1,883,1189.0496,
KO+X1,1,884,1167.7753,
KO+X1,1,885,1919.8691,
KO+X1,1,886,848.1533,
KO+X1,1,887,1156.2457,
KO+X1,1,888,1702.2739,
KO+X1,1,889,1982.5211,
KO+X1,1,890,793.4576,
KO+X1,1,891,1884.491,
KO+X1,1,892,1020.4769,
KO+X1,1,893,1058.2667,
KO+X1,1,894,1213.1869,
KO+X1,1,895,1004.6076,
KO+X1,1,896,2049.5371,
KO+X1,1,897,1378.4026,
KO+X1,1,898,1507.7826,
KO+X1,1,899,923.3661,
KO+X1,1,900,1251.6633,
KO+X1,1,901,1529.1188,
KO+X1,1,902,1197.3966,
KO+X1,1,903,802.0448,
KO+X1,1,904,1192.7444,
KO+X1,1,905,1389.2322,
KO+X1,1,906,1317.0796,
KO+X1,1,907,1544.3,
KO+X1,1,908,1558.5657,
KO+X1,1,909,1515.6581,
KO+X1,1,910,1476.2538,
KO+X1,1,911,1992.9663,
KO+X1,1,912,1161.9778,
KO+X1,1,913,1010.4864,
KO+X1,1,914,945.4951,
KO+X1,1,915,2838.4126,
KO+X1,1,916,1375.3137,
KO+X1,1,917,1051.1569,
KO+X1,1,918,1298.9808,
KO+X1,1,919,1489.2,
KO+X1,1,920,1431.0909,
KO+X1,1,921,1494.5229,
KO+X1,1,922,1799.8954,
KO+X1,1,923,1023.9885,
KO+X1,1,924,2416.3142,
KO+X1,1,925,1057.0396,
KO+X1,1,926,1130.6666,
KO+X1,1,927,994.4483,
KO+X1,1,928,1920.7142,
KO+X1,1,929,1085.7426,
KO+X1,1,930,1014.1458,
KO+X1,1,931,1430.5957,
KO+X1,1,932,790.1896,
KO+X1,1,933,1564.5834,
KO+X1,1,934,1270.4286,
KO+X1,1,935,1919.1538,
KO+X1,1,936,1446.0081,
KO+X1,1,937,1191.197,
KO+X1,1,938,1170.3928,
KO+X1,1,939,1355.6268,
KO+X1,1,940,862.452,
KO+X1,1,941,1177.8724,
KO+X1,1,942,1639.2413,
KO+X1,1,943,1403.6094,
KO+X1,1,944,1909.7,
KO+X1,1,945,732.2328,
KO+X1,1,946,1007.1887,
KO+X1,1,947,1125.517,
KO+X1,1,948,1260.9663,
KO+X1,1,949,1028.5752,
KO+X1,1,950,1632.8536,
KO+X1,1,951,1142.579,
KO+X1,1,952,1192.011,
KO+X1,1,953,1467.4937,
KO+X1,1,954,1397.1927,
KO+X1,1,955,936.0093,
KO+X1,1,956,1060.4082,
KO+X1,1,957,886.3333,
KO+X1,1,958,2292.4558,
KO+X1,1,959,1401.6316,
KO+X1,1,960,1172.3311,
KO+X1,1,961,1221.7325,
KO+X1,1,962,1525.7861,
KO+X1,1,963,875.375,
KO+X1,1,964,1240.4714,
KO+X1,1,965,1093.3695,
KO+X1,1,966,1506.4622,
KO+X1,1,967,963.9231,
KO+X1,1,968,1038.2445,
KO+X1,1,969,1202.7758,
KO+X1,1,970,1192.6464,
KO+X1,1,971,1234.9854,
KO+X1,1,972,2069.7534,
KO+X1,1,973,1153.3522,
KO+X1,1,974,1315.3699,
KO+X1,1,975,1934.5068,
KO+X1,1,976,1073.7467,
KO+X1,1,977,1519.6959,
KO+X1,1,978,1038.0233,
KO+X1,1,979,932.5714,
KO+X1,1,980,2241.3689,
KO+X1,1,981,3343.1692,
KO+X1,1,982,1310.9138,
KO+X1,1,983,791.3121,
KO+X1,1,984,1702.5426,
KO+X1,1,985,1295.3334,
KO+X1,1,986,1117.1046,
KO+X1,1,987,1603.2433,
KO+X1,1,988,1038.4329,
KO+X1,1,989,986.5392,
KO+X1,1,990,1437.8154,
KO+X1,1,991,1041.2322,
KO+X1,1,992,1383.3679,
KO+X1,1,993,1777.9603,
KO+X1,1,994,942.0543,
KO+X1,1,995,864.7823,
KO+X1,1,996,678.0185,
KO+X1,1,997,2017.2192,
KO+X1,1,998,1135.3914,
KO+X1,1,999,958.7288,
KO+X1,1,1000,3125.5715,
KO+X1,1,1001,952.5054,
KO+X1,1,1002,1225.1831,
KO+X1,1,1003,1353.4556,
KO+X1,1,1004,1062.7161,
KO+X1,1,1005,972.4681,
KO+X1,1,1006,1764.4651,
KO+X1,1,1007,1021.0923,
KO+X1,1,1008,1573.2559,
KO+X1,1,1009,1209.725,
KO+X1,1,1010,874.2877,
KO+X1,1,1011,1082.6213,
KO+X1,1,1012,1271.8276,
KO+X1,1,1013,1662.1364,
KO+X1,1,1014,820.8348,
KO+X1,1,1015,1312.626,
KO+X1,1,1016,925.424,
KO+X1,1,1017,977.9286,
KO+X1,1,1018,943.8846,
KO+X1,1,1019,964.2362,
KO+X1,1,1020,1351.8807,
KO+X1,1,1021,1884.7573,
KO+X1,1,1022,1365.9375,
KO+X1,1,1023,1241.6837,
KO+X1,1,1024,943.3624,
KO+X1,1,1025,892.8098,
KO+X1,1,1026,847.8932,
KO+X1,1,1027,721.5637,
KO+X1,1,1028,1438.7959,
KO+X1,1,1029,1503.4608,
KO+X1,1,1030,833.9755,
KO+X1,1,1031,1112.5769,
KO+X1,1,1032,1100.3855,
KO+X1,1,1033,1802.7924,
KO+X1,1,1034,1088.1277,
KO+X1,1,1035,1184.3085,
KO+X1,1,1036,1238.3105,
KO+X1,1,1037,1141.0869,
KO+X1,1,1038,975.2761,
KO+X1,1,1039,897.875,
KO+X1,1,1040,1534.2106,
KO+X1,1,1041,799.4382,
KO+X1,1,1042,1710,
KO+X1,1,1043,2001.4725,
KO+X1,1,1044,1365.2,
KO+X1,1,1045,1186.4133,
KO+X1,1,1046,937.2371,
KO+X1,1,1047,1122.1172,
KO+X1,1,1048,945.7872,
KO+X1,1,1049,1137.3556,
KO+X1,1,1050,1601.1039,
KO+X1,1,1051,1432.7627,
KO+X1,1,1052,1025.4276,
KO+X1,1,1053,1090.9153,
KO+X1,1,1054,896.9344,
KO+X1,1,1055,1056.4674,
KO+X1,1,1056,933.5958,
KO+X1,1,1057,1144.2778,
KO+X1,1,1058,1006.4915,
KO+X1,1,1059,1087.2124,
KO+X1,1,1060,1363.5962,
KO+X1,1,1061,1954.8,
KO+X1,1,1062,1345.12,
KO+X1,1,1063,1729.9265,
KO+X1,1,1064,1531.5433,
KO+X1,1,1065,3477.2,
KO+X1,1,1066,1479.7979,
KO+X1,1,1067,1169.4783,
KO+X1,1,1068,977.8173,
KO+X1,1,1069,1029.1333,
KO+X1,1,1070,848.3261,
KO+X1,1,1071,1384.6418,
KO+X1,1,1072,1209.0107,
KO+X1,1,1073,1118.2255,
KO+X1,1,1074,1155.8481,
KO+X1,1,1075,912.2532,
KO+X1,1,1076,1198.9788,
KO+X1,1,1077,867.1446,
KO+X1,1,1078,897.918,
KO+X1,1,1079,807.7162,
KO+X1,1,1080,1425.9143,
KO+X1,1,1081,1424,
KO+X1,1,1082,1441.2858,
KO+X1,1,1083,1076.7117,
KO+X1,1,1084,1418.7521,
KO+X1,1,1085,918.9677,
KO+X1,1,1086,1463.0328,
KO+X1,1,1087,2647.3333,
KO+X1,1,1088,1522.699,
KO+X1,1,1089,1213.0962,
KO+X1,1,1090,1326.6824,
KO+X1,1,1091,1302.6296,
KO+X1,1,1092,1071.4,
KO+X1,1,1093,832.3418,
KO+X1,1,1094,1857.4821,
KO+X1,1,1095,835.4684,
KO+X1,1,1096,1493.8596,
KO+X1,1,1097,1129.8707,
KO+X1,1,1098,1127.2935,
KO+X1,1,1099,1939.1333,
KO+X1,1,1100,734.1667,
KO+X1,1,1101,1531.6833,
KO+X1,1,1102,770.635,
KO+X1,1,1103,1231.5082,
KO+X1,1,1104,1218.2321,
KO+X1,1,1105,1593.4072,
KO+X1,1,1106,2053.5625,
KO+X1,1,1107,1050.2142,
KO+X1,1,1108,1249.5168,
KO+X1,1,1109,1140.4888,
KO+X1,1,1110,1319.6353,
KO+X1,1,1111,538.314,
KO+X1,1,1112,1498.6256,
KO+X1,1,1113,840.6667,
KO+X1,1,1114,1513.121,
KO+X1,1,1115,815.8235,
KO+X1,1,1116,1061.3496,
KO+X1,1,1117,947.2055,
KO+X1,1,1118,1158.4476,
KO+X1,1,1119,662.8714,
KO+X1,1,1120,1962.4811,
KO+X1,1,1121,753.2836,
KO+X1,1,1122,1049.3652,
KO+X1,1,1123,852.8684,
KO+X1,1,1124,4647.8203,
KO+X1,1,1125,1385.2527,
KO+X1,1,1126,876.672,
KO+X1,1,1127,849.3514,
KO+X1,1,1128,702.1713,
KO+X1,1,1129,1131.3256,
KO+X1,1,1130,1952.7416,
KO+X1,1,1131,1466.3365,
KO+X1,1,1132,407.2847,
KO+X1,1,1133,721.1348,
KO+X1,1,1134,1127.2772,
KO+X1,1,1135,867.2301,
KO+X1,1,1136,795.233,
KO+X1,1,1137,911.3304,
KO+X1,1,1138,821.2466,
KO+X1,1,1139,1194.3773,
KO+X1,1,1140,1679.5164,
KO+X1,1,1141,510.4062,
KO+X1,1,1142,3656.1978,
KO+X1,1,1143,861.144,
KO+X1,1,1144,823.8381,
KO+X1,1,1145,936.5526,
KO+X1,1,1146,1360.2992,
KO+X1,1,1147,1094.1271,
KO+X1,1,1148,772.4786,
KO+X1,1,1149,1730.4,
KO+X1,1,1150,759.2612,
KO+X1,1,1151,752.4394,
KO+X1,1,1152,1096.3672,
KO+X1,1,1153,1720.1765,
KO+X1,1,1154,1266.7291,
KO+X1,1,1155,734.3544,
KO+X1,1,1156,731.4637,
KO+X1,1,1157,980.8727,
KO+X1,1,1158,755.3017,
KO+X1,1,1159,1205.8485,
KO+X1,1,1160,1124.4425,
KO+X1,1,1161,1247.3208,
KO+X1,1,1162,1218.2828,
KO+X1,1,1163,897.0455,
KO+X1,1,1164,1486.1774,
KO+X1,1,1165,1570.6511,
KO+X1,1,1166,1252.2867,
KO+X1,1,1167,1257.9298,
KO+X1,1,1168,878.4802,
KO+X1,1,1169,1381.124,
KO+X1,1,1170,1599.7222,
KO+X1,1,1171,1332.5574,
KO+X1,1,1172,779.7338,
KO+X1,1,1173,867.8759,
KO+X1,1,1174,664.8277,
KO+X1,1,1175,4156.6152,
KO+X1,1,1176,1100.7755,
KO+X1,1,1177,1308.9375,
KO+X1,1,1178,923.0833,
KO+X1,1,1179,1416.0894,
KO+X1,1,1180,1420.4746,
KO+X1,1,1181,845.5932,
KO+X1,1,1182,443.4839,
KO+X1,1,1183,1193.2208,
KO+X1,1,1184,888.5615,
KO+X1,1,1185,1065.3391,
KO+X1,1,1186,1161.174,
KO+X1,1,1187,1303.5122,
KO+X1,1,1188,1238.2778,
KO+X1,1,1189,1260.2629,
KO+X1,1,1190,750.8333,
KO+X1,1,1191,1159.6666,
KO+X1,1,1192,995.6548,
KO+X1,1,1193,591.8933,
KO+X1,1,1194,1382.48,
KO+X1,1,1195,1644.5454,
KO+X1,1,1196,908.4412,
KO+X1,1,1197,651.1754,
KO+X1,1,1198,1068.6818,
KO+X1,1,1199,745.6212,
KO+X1,1,1200,1777.5405,
KO+X1,1,1201,815.8482,
KO+X1,1,1202,957.051,
KO+X1,1,1203,783.3741,
KO+X1,1,1204,920.7778,
KO+X1,1,1205,765.4861,
KO+X1,1,1206,1497.0758,
KO+X1,1,1207,1150.2972,
KO+X1,1,1208,1428.4622,
KO+X1,1,1209,824.8477,
KO+X1,1,1210,784.2759,
KO+X1,1,1211,674.5049,
KO+X1,1,1212,750.0989,
KO+X1,1,1213,857.8696,
KO+X1,1,1214,735.944,
KO+X1,1,1215,3491.1208,
KO+X1,1,1216,2184.7539,
KO+X1,1,1217,527.3953,
KO+X1,1,1218,1149.2271,
KO+X1,1,1219,1412.5734,
KO+X1,1,1220,919.6316,
KO+X1,1,1221,1325.589,
KO+X1,1,1222,651.9667,
KO+X1,1,1223,868.0705,
KO+X1,1,1224,1117.4767,
KO+X1,1,1225,550.5224,
KO+X1,1,1226,928.9445,
KO+X1,1,1227,1272.9065,
KO+X1,1,1228,883.8229,
KO+X1,1,1229,878.7595,
KO+X1,1,1230,712.8421,
KO+X1,1,1231,919.8828,
KO+X1,1,1232,1553.7179,
KO+X1,1,1233,1281.1957,
KO+X1,1,1234,767.087,
KO+X1,1,1235,860.4883,
KO+X1,1,1236,700.2534,
KO+X1,1,1237,1071.4395,
KO+X1,1,1238,694.697,
KO+X1,1,1239,703.5555,
KO+X1,1,1240,1409.1726,
KO+X1,1,1241,1250.3909,
KO+X1,1,1242,1879.1111,
KO+X1,1,1243,773.1539,
KO+X1,1,1244,699.3519,
KO+X1,1,1245,1432.4138,
KO+X1,1,1246,699.2154,
KO+X1,1,1247,644.5225,
KO+X1,1,1248,808.4138,
KO+X1,1,1249,1061.0469,
KO+X1,1,1250,793.3586,
KO+X1,1,1251,860.7054,
KO+X1,1,1252,701.629,
KO+X1,1,1253,1013.2481,
KO+X1,1,1254,758.1579,
KO+X1,1,1255,934.3398,
KO+X1,1,1256,704.1935,
KO+X1,1,1257,877.1951,
KO+X1,1,1258,671,
KO+X1,1,1259,1538.4814,
KO+X1,1,1260,1098.8,
KO+X1,1,1261,763.4485,
KO+X1,1,1262,421.1111,
KO+X1,1,1263,1108.8911,
KO+X1,1,1264,1041.5852,
KO+X1,1,1265,1834.5974,
KO+X1,1,1266,865.0992,
KO+X1,1,1267,710.7066,
KO+X1,1,1268,1521.1897,
KO+X1,1,1269,847.0444,
KO+X1,1,1270,1483.0786,
KO+X1,1,1271,641.4581,
KO+X1,1,1272,436.0351,
KO+X1,1,1273,641.8407,
KO+X1,1,1274,1197.4546,
KO+X1,1,1275,1130.4611,
KO+X1,1,1276,865.4126,
KO+X1,1,1277,843.1981,
KO+X1,1,1278,975.033,
KO+X1,1,1279,835.6934,
KO+X1,1,1280,684.2626,
KO+X1,1,1281,1031.5333,
KO+X1,1,1282,664.6458,
KO+X1,1,1283,679.45,
KO+X1,1,1284,668.4,
KO+X1,1,1285,640.7286,
KO+X1,1,1286,706.7143,
KO+X1,1,1287,582.5833,
KO+X1,1,1288,954.6667,
KO+X1,1,1289,645.2766,
KO+X1,1,1290,928.5728,
KO+X1,1,1291,614.875,
KO+X1,1,1292,710.6442,
KO+X1,1,1293,743.7761,
KO+X1,1,1294,883.214,
KO+X1,1,1295,620.4286,
KO+X1,1,1296,763.1859,
KO+X1,1,1297,731.7215,
KO+X1,1,1298,936.8,
KO+X1,1,1299,599.8451,
KO+X1,1,1300,641.8307,
KO+X1,1,1301,561.1447,
KO+X1,1,1302,1096.4193,
KO+X1,1,1303,740.7143,
KO+X1,1,1304,837.4778,
KO+X1,1,1305,1176.8518,
KO+X1,1,1306,585.0851,
KO+X1,1,1307,790.0298,
KO+X1,1,1308,669.9512,
KO+X1,1,1309,701.5656,
KO+X1,1,1310,3240.2222,
KO+X1,1,1311,755.4713,
KO+X1,1,1312,569.8684,
KO+X1,1,1313,957.1649,
KO+X1,1,1314,987.5172,
KO+X1,1,1315,982.3958,
KO+X1,1,1316,723.0571,
KO+X1,1,1317,777.3571,
KO+X1,1,1318,785.1732,
KO+X1,1,1319,822.6418,
KO+X1,1,1320,1560.0103,
KO+X1,1,1321,651.26,
KO+X1,1,1322,835.1119,
KO+X1,1,1323,654.4265,
KO+X1,1,1324,669.7364,
KO+X1,1,1325,740.7778,
KO+X1,1,1326,1605.14,
KO+X1,1,1327,857.0217,
KO+X1,1,1328,649.375,
KO+X1,1,1329,898.5211,
KO+X1,1,1330,744.838,
KO+X1,1,1331,554.3784,
KO+X1,1,1332,666.6489,
KO+X1,1,1333,855.6222,
KO+X1,1,1334,736.3962,
KO+X1,1,1335,350.8596,
KO+X1,1,1336,1076.8352,
KO+X1,1,1337,853.6532,
KO+X1,1,1338,364.7433,
KO+X1,1,1339,546.3372,
KO+X1,1,1340,687.3043,
KO+X1,1,1341,1385.7207,
KO+X1,1,1342,766,
KO+X1,1,1343,1938.266,
KO+X1,1,1344,576.5606,
KO+X1,1,1345,603.1,
KO+X1,1,1346,756.7921,
KO+X1,1,1347,1030.0952,
KO+X1,1,1348,1540.3309,
KO+X1,1,1349,784.3062,
KO+X1,1,1350,693.6611,
KO+X1,1,1351,1003.4099,
KO+X1,1,1352,789.1216,
KO+X1,1,1353,821.6724,
KO+X1,1,1354,554.8786,
KO+X1,1,1355,1090.9611,
KO+X1,1,1356,619.2182,
KO+X1,1,1357,686.8333,
KO+X1,1,1358,715.0986,
KO+X1,1,1359,516.5289,
KO+X1,1,1360,525.5854,
KO+X1,1,1361,578.1111,
KO+X1,1,1362,517.9669,
KO+X1,1,1363,798.2764,
KO+X1,1,1364,1077.0087,
KO+X1,1,1365,645.6477,
KO+X1,1,1366,675.3571,
KO+X1,1,1367,818.3425,
KO+X1,1,1368,1825.1476,
KO+X1,1,1369,1198.5342,
KO+X1,1,1370,836.752,
KO+X1,1,1371,683.381,
KO+X1,1,1372,665.2421,
KO+X1,1,1373,530.8583,
KO+X1,1,1374,1176.4756,
KO+X1,1,1375,472.5935,
KO+X1,1,1376,1601.1504,
KO+X1,1,1377,550.023,
KO+X1,1,1378,859.1875,
KO+X1,1,1379,816.95,
KO+X1,1,1380,1172.981,
KO+X1,1,1381,602.1776,
KO+X1,1,1382,1322.2593,
KO+X1,1,1383,409.7742,
KO+X1,1,1384,1221.2,
KO+X1,1,1385,637.0585,
KO+X1,1,1386,615.9383,
KO+X1,1,1387,559.694,
KO+X1,1,1388,564.2982,
KO+X1,1,1389,441.127,
KO+X1,1,1390,685.1163,
KO+X1,1,1391,506.1571,
KO+X1,1,1392,630.7432,
KO+X1,1,1393,600.3516,
KO+X1,1,1394,771.7927,
KO+X1,1,1395,595.8831,
KO+X1,1,1396,429.2171,
KO+X1,1,1397,603.8857,
KO+X1,1,1398,480.7285,
KO+X1,1,1399,744.379,
KO+X1,1,1400,523.8455,
KO+X1,1,1401,486.9225,
KO+X1,1,1402,644.9464,
KO+X1,1,1403,1218.7347,
KO+X1,1,1404,549.9145,
KO+X1,1,1405,534.0964,
KO+X1,1,1406,564.2866,
KO+X1,1,1407,586.6912,
KO+X1,1,1408,700.7722,
KO+X1,1,1409,544.4078,
KO+X1,1,1410,651.8085,
KO+X1,1,1411,715.2188,
KO+X1,1,1412,713.0915,
KO+X1,1,1413,516.0417,
KO+X1,1,1414,810.2079,
KO+X1,1,1415,573.397,
KO+X1,1,1416,777.954,
KO+X1,1,1417,534.713,
KO+X1,1,1418,1251.1882,
KO+X1,1,1419,478.2481,
KO+X1,1,1420,1289.7727,
KO+X1,1,1421,572.9074,
KO+X1,1,1422,676.8632,
KO+X1,1,1423,570,
KO+X1,1,1424,557.3716,
KO+X1,1,1425,599.4117,
KO+X1,1,1426,720.6439,
KO+X1,1,1427,645.5901,
KO+X1,1,1428,675.9155,
KO+X1,1,1429,382.1882,
KO+X1,1,1430,441.6522,
KO+X1,1,1431,591.5096,
KO+X1,1,1432,607.7442,
KO+X1,1,1433,699.9516,
KO+X1,1,1434,421.2542,
KO+X1,1,1435,472.7177,
KO+X1,1,1436,462.1157,
KO+X1,1,1437,414.7477,
KO+X1,1,1438,967.6379,
KO+X1,1,1439,583.8955,
KO+X1,1,1440,695.6,
KO+X1,1,1441,671.8761,
KO+X1,1,1442,653.1207,
KO+X1,1,1443,1123.5,
KO+X1,1,1444,1242.246,
KO+X1,1,1445,690.4634,
KO+X1,1,1446,455.5696,
KO+X1,1,1447,932.3468,
KO+X1,1,1448,910.7969,
KO+X1,1,1449,517.3158,
KO+X1,1,1450,804.5103,
KO+X1,1,1451,379.918,
KO+X1,1,1452,492.1089,
KO+X1,1,1453,589.2578,
KO+X1,1,1454,521.4271,
KO+X1,1,1455,475.1667,
KO+X1,1,1456,545.1266,
KO+X1,1,1457,486.2301,
KO+X1,1,1458,398.82,
KO+X1,1,1459,725.0134,
KO+X1,1,1460,803.2048,
KO+X1,1,1461,483.2923,
KO+X1,1,1462,556.0884,
KO+X1,1,1463,1084.1091,
KO+X1,1,1464,609.2368,
KO+X1,1,1465,479.4667,
KO+X1,1,1466,620.2881,
KO+X1,1,1467,460.807,
KO+X1,1,1468,495.7162,
KO+X1,1,1469,533.8913,
KO+X1,1,1470,355.5484,
KO+X1,1,1471,513.9749,
KO+X1,1,1472,1008.44,
KO+X1,1,1473,1043.0536,
KO+X1,1,1474,849.381,
KO+X1,1,1475,925.7353,
KO+X1,1,1476,610.84,
KO+X1,1,1477,603.3583,
KO+X1,1,1478,451.3448,
KO+X1,1,1479,1019.8536,
KO+X1,1,1480,464.7904,
KO+X1,1,1481,836.3186,
KO+X1,1,1482,584.8654,
KO+X1,1,1483,350.6494,
KO+X1,1,1484,789.0901,
KO+X1,1,1485,415.0686,
KO+X1,1,1486,561.5034,
KO+X1,1,1487,374.4159,
KO+X1,1,1488,461.6487,
KO+X1,1,1489,516.4294,
KO+X1,1,1490,495.4286,
KO+X1,1,1491,442.4767,
KO+X1,1,1492,422.5852,
KO+X1,1,1493,655.7059,
KO+X1,1,1494,822.9483,
