Group,Subcolumn,Source_row,Value,Excluded
WT,1,1,1111.8156,
WT,1,2,1118.6818,
WT,1,3,1671.1848,
WT,1,4,1213.3846,
WT,1,5,1112.2174,
WT,1,6,814.0266,
WT,1,7,1108.1267,
WT,1,8,1295.1045,
WT,1,9,1064.7472,
WT,1,10,1330.218,
WT,1,11,1087.2344,
WT,1,12,1307.8334,
WT,1,13,1757.9672,
WT,1,14,930.3113,
WT,1,15,1550.6139,
WT,1,16,3326.5818,
WT,1,17,905.0093,
WT,1,18,2058.5979,
WT,1,19,901.4483,
WT,1,20,1978.3043,
WT,1,21,1795.1364,
WT,1,22,864.7642,
WT,1,23,1492.2764,
WT,1,24,869.1208,
WT,1,25,1198.2131,
WT,1,26,1310.7557,
WT,1,27,2274.7869,
WT,1,28,693.4394,
WT,1,29,1065.2435,
WT,1,30,1219.9784,
WT,1,31,1799.9484,
WT,1,32,3390.2856,
WT,1,33,2067.4285,
WT,1,34,1982.3077,
WT,1,35,2550.1155,
WT,1,36,730.903,
WT,1,37,697.5054,
WT,1,38,964.0809,
WT,1,39,1355.0775,
WT,1,40,1144.5723,
WT,1,41,1372.877,
WT,1,42,725.1049,
WT,1,43,1496.8468,
WT,1,44,754.2385,
WT,1,45,946.4552,
WT,1,46,3989.5344,
WT,1,47,1292.8391,
WT,1,48,934.146,
WT,1,49,1608.4454,
WT,1,50,1010.7257,
WT,1,51,742.9806,
WT,1,52,1240.2031,
WT,1,53,1509.228,
WT,1,54,1337.9318,
WT,1,55,2977.375,
WT,1,56,837.1512,
WT,1,57,1488.7465,
WT,1,58,1921.0103,
WT,1,59,1363.2417,
WT,1,60,1377.4237,
WT,1,61,1297.2021,
WT,1,62,1503.0625,
WT,1,63,1737.6086,
WT,1,64,720,
WT,1,65,1263.875,
WT,1,66,2007.7693,
WT,1,67,2266,
WT,1,68,5527.9653,
WT,1,69,1791.6865,
WT,1,70,925.3726,
WT,1,71,1735.7646,
WT,1,72,1689.5592,
WT,1,73,1358.2954,
WT,1,74,1082.9429,
WT,1,75,927.2941,
WT,1,76,1372.4407,
WT,1,77,813.9421,
WT,1,78,1010.9074,
WT,1,79,917.7977,
WT,1,80,5074.4287,
WT,1,81,1645.7273,
WT,1,82,1682.9091,
WT,1,83,899.8828,
WT,1,84,1105.932,
WT,1,85,1252.2778,
WT,1,86,1827.1877,
WT,1,87,1802.0586,
WT,1,88,1485.4174,
WT,1,89,2616,
WT,1,90,1205.2227,
WT,1,91,3589.6609,
WT,1,92,2789.957,
WT,1,93,1412.705,
WT,1,94,1044.4576,
WT,1,95,1221.6852,
WT,1,96,2386.9639,
WT,1,97,1109.1989,
WT,1,98,840.618,
WT,1,99,919.3333,
WT,1,100,1523.1041,
WT,1,101,813.9734,
WT,1,102,932.4948,
WT,1,103,864.68,
WT,1,104,3900.2285,
WT,1,105,1346.411,
WT,1,106,1101.4445,
WT,1,107,1726.3717,
WT,1,108,3400.8716,
WT,1,109,1283.2905,
WT,1,110,1480.3334,
WT,1,111,1539.1586,
WT,1,112,1049.7812,
WT,1,113,685.6105,
WT,1,114,972.2447,
WT,1,115,1291.844,
WT,1,116,1355.6379,
WT,1,117,1320.8055,
WT,1,118,1745.425,
WT,1,119,1116.0952,
WT,1,120,1268.1219,
WT,1,121,2825.2788,
WT,1,122,2154.5562,
WT,1,123,1300.0575,
WT,1,124,1437.8058,
WT,1,125,1560.6238,
WT,1,126,1619.625,
WT,1,127,1622.9,
WT,1,128,4037.8367,
WT,1,129,1685.3164,
WT,1,130,2015.5536,
WT,1,131,1386.86,
WT,1,132,1279.2152,
WT,1,133,913.2583,
WT,1,134,1404.1111,
WT,1,135,2414,
WT,1,136,686.4895,
WT,1,137,1563.0149,
WT,1,138,1439.0962,
WT,1,139,2312.5793,
WT,1,140,1497.7778,
WT,1,141,1760.9021,
WT,1,142,1031.2397,
WT,1,143,887.0984,
WT,1,144,2173.5347,
WT,1,145,2955.9363,
WT,1,146,2027.5576,
WT,1,147,2871.9658,
WT,1,148,699.4722,
WT,1,149,1007.7733,
WT,1,150,850.3088,
WT,1,151,1402.3279,
WT,1,152,3084.9941,
WT,1,153,1544.3854,
WT,1,154,1555.241,
WT,1,155,1678.5546,
WT,1,156,2564.4062,
WT,1,157,1415.0385,
WT,1,158,1888.4038,
WT,1,159,1369.9122,
WT,1,160,2001.605,
WT,1,161,2577.6731,
WT,1,162,4664.5,
WT,1,163,2245.4788,
WT,1,164,1546.0776,
WT,1,165,798.6946,
WT,1,166,2042.6877,
WT,1,167,914.91,
WT,1,168,1028.777,
WT,1,169,1042.9884,
WT,1,170,2550.3789,
WT,1,171,813.5367,
WT,1,172,3410.3901,
WT,1,173,810.3846,
WT,1,174,996.0389,
WT,1,175,1529.1323,
WT,1,176,2048.8181,
WT,1,177,1612.4263,
WT,1,178,1579.6864,
WT,1,179,1168.6879,
WT,1,180,1485.0387,
WT,1,181,1874.1888,
WT,1,182,859.8889,
WT,1,183,2545.4443,
WT,1,184,2381.8838,
WT,1,185,1721.3616,
WT,1,186,742.4459,
WT,1,187,1910.1222,
WT,1,188,1802.1482,
WT,1,189,1158.7533,
WT,1,190,1614.6058,
WT,1,191,1245.3561,
WT,1,192,2524.9158,
WT,1,193,892.7439,
WT,1,194,3750.7144,
WT,1,195,1627.1971,
WT,1,196,3115.7832,
WT,1,197,971.9828,
WT,1,198,700.6667,
WT,1,199,901.2688,
WT,1,200,1870.5424,
WT,1,201,1677.8226,
WT,1,202,1786.5566,
WT,1,203,1239.7111,
WT,1,204,2819.2825,
WT,1,205,1538.1515,
WT,1,206,1388.1802,
WT,1,207,1169.9429,
WT,1,208,1225.5785,
WT,1,209,1900.1338,
WT,1,210,741.2053,
WT,1,211,1118.3807,
WT,1,212,2227.8635,
WT,1,213,5679.6665,
WT,1,214,2106.0264,
WT,1,215,2946.6667,
WT,1,216,2420.2051,
WT,1,217,1741.2737,
WT,1,218,2368.7942,
WT,1,219,3664.939,
WT,1,220,5670.2173,
WT,1,221,1391.151,
WT,1,222,1519.8273,
WT,1,223,1566.0468,
WT,1,224,1255.9333,
WT,1,225,6051.6099,
WT,1,226,1985.9762,
WT,1,227,1799.7324,
WT,1,228,1451.6566,
WT,1,229,2210.2581,
WT,1,230,2161.7786,
WT,1,231,1243.3835,
WT,1,232,1989.5358,
WT,1,233,2233.2566,
WT,1,234,1418.5161,
WT,1,235,6184.6714,
WT,1,236,883.8605,
WT,1,237,1428.7517,
WT,1,238,2805.6492,
WT,1,239,2091.8999,
WT,1,240,8244.3906,
WT,1,241,1343.9204,
WT,1,242,904.6344,
WT,1,243,3004,
WT,1,244,883.4833,
WT,1,245,1855.5035,
WT,1,246,2203.2983,
WT,1,247,1789.6941,
WT,1,248,1669.9342,
WT,1,249,1298.9857,
WT,1,250,1940.0959,
WT,1,251,3081.9912,
WT,1,252,1286.7126,
WT,1,253,4527.9092,
WT,1,254,5152.6792,
WT,1,255,815.763,
WT,1,256,763.8889,
WT,1,257,1139.9,
WT,1,258,2928.2585,
WT,1,259,1057.2646,
WT,1,260,4965.4829,
WT,1,261,878.6916,
WT,1,262,3977.6335,
WT,1,263,2308.5044,
WT,1,264,2511.7642,
WT,1,265,1928.7449,
WT,1,266,1968.1593,
WT,1,267,3002.3704,
WT,1,268,790.9365,
WT,1,269,3415.2834,
WT,1,270,3771.377,
WT,1,271,1638.0146,
WT,1,272,1815.8308,
WT,1,273,2386.5422,
WT,1,274,1358.9725,
WT,1,275,1266.3485,
WT,1,276,1855.7791,
WT,1,277,2257.3601,
WT,1,278,2017.317,
WT,1,279,943.4316,
WT,1,280,1019.5652,
WT,1,281,1094.9302,
WT,1,282,1914.0786,
WT,1,283,1477.1111,
WT,1,284,2072.1692,
WT,1,285,1409.3966,
WT,1,286,2103.3215,
WT,1,287,1784.7192,
WT,1,288,1268.3077,
WT,1,289,1796.0201,
WT,1,290,2036.3821,
WT,1,291,7507.0142,
WT,1,292,1592.4836,
WT,1,293,1296.3472,
WT,1,294,1217.1177,
WT,1,295,2179.5447,
WT,1,296,1181.7183,
WT,1,297,2665.0496,
WT,1,298,667.8621,
WT,1,299,1782.5714,
WT,1,300,2213.5759,
WT,1,301,645.0555,
WT,1,302,1951.0625,
WT,1,303,2304.9194,
WT,1,304,1791.4928,
WT,1,305,6354.6465,
WT,1,306,4122.4038,
WT,1,307,1842.7451,
WT,1,308,1118.7128,
WT,1,309,2148.6238,
WT,1,310,2323.9648,
WT,1,311,2992.2083,
WT,1,312,2081.7156,
WT,1,313,2164.8403,
WT,1,314,856.2553,
WT,1,315,1811.7678,
WT,1,316,1184.163,
WT,1,317,2234.6638,
WT,1,318,3206.5657,
WT,1,319,2221.7717,
WT,1,320,793.5748,
WT,1,321,3939.457,
WT,1,322,837.9665,
WT,1,323,4864.2632,
WT,1,324,2293.4883,
WT,1,325,2165.1919,
WT,1,326,4959.4937,
WT,1,327,2880.4912,
WT,1,328,1303.8579,
WT,1,329,2017.3496,
WT,1,330,847.3176,
WT,1,331,674.6562,
WT,1,332,2850.1809,
WT,1,333,1754.2,
WT,1,334,2045.5146,
WT,1,335,1233.1029,
WT,1,336,986.723,
WT,1,337,2655,
WT,1,338,4231.8472,
WT,1,339,1687.7563,
WT,1,340,1206.1279,
WT,1,341,2540.521,
WT,1,342,1279.871,
WT,1,343,3415.5942,
WT,1,344,3655.9939,
WT,1,345,2426.0527,
WT,1,346,973.9681,
WT,1,347,1308.5317,
WT,1,348,1004.4909,
WT,1,349,2418.5,
WT,1,350,3522.4841,
WT,1,351,2336.7068,
WT,1,352,2024.5157,
WT,1,353,1657.3158,
WT,1,354,1752.9513,
WT,1,355,1084.7368,
WT,1,356,1957.7894,
WT,1,357,3332.5049,
WT,1,358,1105.9546,
WT,1,359,1736.1637,
WT,1,360,3535.9534,
WT,1,361,3341.1951,
WT,1,362,1406.7103,
WT,1,363,2157.7751,
WT,1,364,4120.1567,
WT,1,365,2852.5715,
WT,1,366,1802.9347,
WT,1,367,3734.7048,
WT,1,368,3065.4119,
WT,1,369,6394.979,
WT,1,370,1903.5143,
WT,1,371,1717.3334,
WT,1,372,1585.6842,
WT,1,373,2080.4736,
WT,1,374,1503.7056,
WT,1,375,1229.4698,
WT,1,376,3143.9373,
WT,1,377,3339.6924,
WT,1,378,2002.8143,
WT,1,379,1176.6757,
WT,1,380,2952.1519,
WT,1,381,1909.8158,
WT,1,382,945.761,
WT,1,383,1782.8409,
WT,1,384,1144.75,
WT,1,385,2239.0081,
WT,1,386,2070.4211,
WT,1,387,1802.3016,
WT,1,388,1159.625,
WT,1,389,1173.1754,
WT,1,390,2188.7073,
WT,1,391,2370.49,
WT,1,392,1443.8594,
WT,1,393,1811.0714,
WT,1,394,2587.3867,
WT,1,395,6051.4507,
WT,1,396,2303.2058,
WT,1,397,2520.1638,
WT,1,398,1938.9318,
WT,1,399,1655.5775,
WT,1,400,1401.7465,
WT,1,401,1859.3358,
WT,1,402,1178.7623,
WT,1,403,3686.5,
WT,1,404,4690.5669,
WT,1,405,1837.0702,
WT,1,406,2047.3103,
WT,1,407,4592.4355,
WT,1,408,882.5203,
WT,1,409,1876.1809,
WT,1,410,1680.2985,
WT,1,411,1127.0898,
WT,1,412,1447.2076,
WT,1,413,1965.5862,
WT,1,414,1986.2239,
WT,1,415,1882.2205,
WT,1,416,3830.5051,
WT,1,417,3498.3962,
WT,1,418,1324.9916,
WT,1,419,2297.0876,
WT,1,420,2708.4846,
WT,1,421,2874.7058,
WT,1,422,2931.157,
WT,1,423,2240.9438,
WT,1,424,1447.2111,
WT,1,425,6567.0947,
WT,1,426,2123.759,
WT,1,427,2365.2812,
WT,1,428,1041.9735,
WT,1,429,2159.4182,
WT,1,430,1840.6219,
WT,1,431,2617.8657,
WT,1,432,1289.7229,
WT,1,433,2144.4453,
WT,1,434,2664.8762,
WT,1,435,1202.3536,
WT,1,436,2841.8804,
WT,1,437,1777.8206,
WT,1,438,4786.9111,
WT,1,439,4263.0791,
WT,1,440,7186.3281,
WT,1,441,3117.0647,
WT,1,442,1480.2332,
WT,1,443,4266.0767,
WT,1,444,2163.1936,
WT,1,445,2718.8508,
WT,1,446,1414.6279,
WT,1,447,3057.9607,
WT,1,448,925.2586,
WT,1,449,2020.668,
WT,1,450,2564.2251,
WT,1,451,2264.5706,
WT,1,452,8446.0977,
WT,1,453,2398.3479,
WT,1,454,2781.0383,
WT,1,455,2100,
WT,1,456,2946.0391,
WT,1,457,1419.5259,
WT,1,458,4178.1221,
WT,1,459,3026.1528,
WT,1,460,2503.3076,
WT,1,461,1605.7761,
WT,1,462,1784.5825,
WT,1,463,2702.2239,
WT,1,464,2187.7192,
WT,1,465,2000.6815,
WT,1,466,3608.1025,
WT,1,467,2951.7654,
WT,1,468,1715.4375,
WT,1,469,1738.6293,
WT,1,470,5309.8667,
WT,1,471,1443.3628,
WT,1,472,5119.7183,
WT,1,473,2892.0393,
WT,1,474,1502.8306,
WT,1,475,1616.0222,
WT,1,476,6425.3389,
WT,1,477,9489.8164,
WT,1,478,1986.4032,
WT,1,479,1945.6349,
WT,1,480,2199.9622,
WT,1,481,1696.4672,
WT,1,482,3540.3926,
WT,1,483,3327.7068,
WT,1,484,1240.2368,
WT,1,485,1531.1825,
WT,1,486,2277.6626,
WT,1,487,2178.7361,
WT,1,488,4316.1392,
WT,1,489,859.9524,
WT,1,490,3207.0217,
WT,1,491,3132.9404,
WT,1,492,1496.907,
WT,1,493,1937.193,
WT,1,494,2338.7612,
WT,1,495,2053.0679,
WT,1,496,2295.0942,
WT,1,497,1540.0643,
WT,1,498,3092.0942,
WT,1,499,3379.2878,
WT,1,500,850.4516,
WT,1,501,1126.6953,
WT,1,502,3246.8782,
WT,1,503,1804.1476,
WT,1,504,2349.3076,
WT,1,505,1584.8948,
WT,1,506,1755.2258,
WT,1,507,4000.0571,
WT,1,508,2314.0144,
WT,1,509,1886.3353,
WT,1,510,7229.1406,
WT,1,511,2267.6667,
WT,1,512,3738.4146,
WT,1,513,2697.407,
WT,1,514,1090.4468,
WT,1,515,1937.4504,
WT,1,516,1865.6577,
WT,1,517,2542.2075,
WT,1,518,2607.9722,
WT,1,519,3494.2666,
WT,1,520,2540.196,
WT,1,521,3180.9038,
WT,1,522,2287.7209,
WT,1,523,11950.3477,
WT,1,524,5210.061,
WT,1,525,2456.8701,
WT,1,526,2378.0088,
WT,1,527,2387.718,
WT,1,528,1165.1187,
WT,1,529,2856.8696,
WT,1,530,6291.6934,
WT,1,531,2956.8469,
WT,1,532,1672.0781,
WT,1,533,2289.875,
WT,1,534,1934.2781,
WT,1,535,3421.1233,
WT,1,536,3241.3257,
WT,1,537,2309.199,
WT,1,538,1133.8524,
WT,1,539,2206.3452,
WT,1,540,2914.0896,
WT,1,541,1257.0667,
WT,1,542,3039.9358,
WT,1,543,2351.353,
WT,1,544,1804.8875,
WT,1,545,4275.6274,
WT,1,546,6627.2563,
WT,1,547,1859.3866,
WT,1,548,3206.0286,
WT,1,549,2591.2253,
WT,1,550,3198.4426,
WT,1,551,1420,
WT,1,552,1085.1075,
WT,1,553,1578.5254,
WT,1,554,3191.5886,
WT,1,555,4485.5332,
WT,1,556,3494.176,
WT,1,557,1550.8827,
WT,1,558,2442.2188,
WT,1,559,1139.9625,
WT,1,560,1687.496,
WT,1,561,3764.9167,
WT,1,562,3693.3037,
WT,1,563,4041.1313,
WT,1,564,1358.3903,
WT,1,565,1337.2766,
WT,1,566,2183.4221,
WT,1,567,3906.3206,
WT,1,568,3393.3728,
WT,1,569,2197.7144,
WT,1,570,1877.0975,
WT,1,571,1394.9315,
WT,1,572,2579.25,
WT,1,573,3532.7466,
WT,1,574,3527.2761,
WT,1,575,2533.4829,
WT,1,576,3408.0715,
WT,1,577,2179.8301,
WT,1,578,1607.3508,
WT,1,579,2864.8523,
WT,1,580,2789.4656,
WT,1,581,4275.0864,
WT,1,582,3713.4751,
WT,1,583,4837.2915,
WT,1,584,2554.3892,
WT,1,585,3240.8667,
WT,1,586,1742.0383,
WT,1,587,3778.9875,
WT,1,588,2160.3462,
WT,1,589,2988.8447,
WT,1,590,2928.2639,
WT,1,591,1580.4463,
WT,1,592,3701.0933,
WT,1,593,2028.1305,
WT,1,594,4379.75,
WT,1,595,2187.4915,
WT,1,596,4749.748,
WT,1,597,3213.386,
WT,1,598,3116.6333,
WT,1,599,7393.8511,
WT,1,600,1648.9888,
WT,1,601,4161.7251,
WT,1,602,2759.1638,
WT,1,603,2939.8511,
WT,1,604,1516.8,
WT,1,605,4974.624,
WT,1,606,3573.0339,
WT,1,607,2603.8926,
WT,1,608,1425.3231,
WT,1,609,2192.1848,
WT,1,610,2598.2209,
WT,1,611,2767.584,
WT,1,612,1313.046,
WT,1,613,9467.7197,
WT,1,614,3502.4587,
WT,1,615,1652.5358,
WT,1,616,2464.6826,
WT,1,617,2623.5374,
WT,1,618,1333.1564,
WT,1,619,2265.3201,
WT,1,620,3282.3147,
WT,1,621,2534.0825,
WT,1,622,6376.7207,
WT,1,623,6457.0903,
WT,1,624,1308.5682,
WT,1,625,1406.6367,
WT,1,626,4391.1284,
WT,1,627,3222.448,
WT,1,628,3762.8394,
WT,1,629,5244.8877,
WT,1,630,11580.8408,
WT,1,631,3330.863,
WT,1,632,2955.6204,
WT,1,633,2068.0967,
WT,1,634,4853.9253,
WT,1,635,5698.7998,
WT,1,636,4364.8301,
WT,1,637,2240.7708,
WT,1,638,2269.2161,
WT,1,639,2213.9746,
WT,1,640,2180.4729,
WT,1,641,2103.5291,
WT,1,642,3938.8035,
WT,1,643,3503.2148,
WT,1,644,2346.5742,
WT,1,645,1773.6,
WT,1,646,3653.1462,
WT,1,647,1059.4674,
WT,1,648,2884.8682,
WT,1,649,2363.3015,
WT,1,650,2958.6411,
WT,1,651,2680.4595,
WT,1,652,2339.687,
WT,1,653,1700.5483,
WT,1,654,3360.5205,
WT,1,655,2040.8116,
WT,1,656,3272.8474,
WT,1,657,1749.8276,
WT,1,658,2221.0305,
WT,1,659,3967.4773,
WT,1,660,3087.7056,
WT,1,661,1627.1301,
WT,1,662,2886.5955,
WT,1,663,3702.8032,
WT,1,664,2327.7275,
WT,1,665,2304.8,
WT,1,666,3094.623,
WT,1,667,3536.5757,
WT,1,668,3804.2727,
WT,1,669,1379.7755,
WT,1,670,2762.4976,
WT,1,671,2439.1389,
WT,1,672,1997.8545,
WT,1,673,3867.2561,
WT,1,674,3272.0698,
WT,1,675,4470.0669,
WT,1,676,1826.7076,
WT,1,677,2763.3735,
WT,1,678,1420.9412,
WT,1,679,2301.3064,
WT,1,680,1650.0116,
WT,1,681,6623.3999,
WT,1,682,2493.0972,
WT,1,683,1994.6277,
WT,1,684,3097.7585,
WT,1,685,3289.9775,
WT,1,686,2852.0051,
WT,1,687,2054.8501,
WT,1,688,2638.4368,
WT,1,689,2508.7549,
WT,1,690,3625.8215,
WT,1,691,4055.3333,
WT,1,692,9147.6943,
WT,1,693,3948.3501,
WT,1,694,1250.5471,
WT,1,695,2626.8,
WT,1,696,3145.584,
WT,1,697,2390.4141,
WT,1,698,2097.8928,
WT,1,699,2280.4395,
WT,1,700,3165.8333,
WT,1,701,2626.3936,
WT,1,702,2052.3606,
WT,1,703,3127.417,
WT,1,704,3843.7957,
WT,1,705,2481.5198,
WT,1,706,3094.1333,
WT,1,707,1831.7986,
WT,1,708,2021.3826,
WT,1,709,2122.0596,
WT,1,710,2209.4275,
WT,1,711,2814.2727,
WT,1,712,3244,
WT,1,713,1973.9762,
WT,1,714,4924.5,
WT,1,715,3501.2261,
WT,1,716,2552.3296,
WT,1,717,3479.1128,
WT,1,718,4522.1538,
WT,1,719,2270.2712,
WT,1,720,2099.5684,
WT,1,721,2171.4319,
WT,1,722,3089.8,
WT,1,723,2936.6619,
WT,1,724,8002.2256,
WT,1,725,2217.9402,
WT,1,726,1968.5483,
WT,1,727,3227.8582,
WT,1,728,3187.5862,
WT,1,729,2395.5542,
WT,1,730,5088.6904,
WT,1,731,4369.9902,
WT,1,732,6153.6592,
WT,1,733,1376.3474,
WT,1,734,2184.8757,
WT,1,735,2531.5867,
WT,1,736,3737.5339,
WT,1,737,4007.2727,
WT,1,738,2426.9124,
WT,1,739,2155.8157,
WT,1,740,4097.521,
WT,1,741,3945.6614,
WT,1,742,1249.0944,
WT,1,743,3966.7556,
WT,1,744,3653.28,
WT,1,745,1786.0465,
WT,1,746,1682.4624,
WT,1,747,1845,
WT,1,748,2952.6907,
WT,1,749,3639.1667,
WT,1,750,2080.0925,
WT,1,751,1615.131,
WT,1,752,3122.9636,
WT,1,753,2278.3914,
WT,1,754,2098.2144,
WT,1,755,2401.0374,
WT,1,756,1595.4546,
WT,1,757,4239.2319,
WT,1,758,3634.4736,
WT,1,759,3660.2483,
WT,1,760,1376.8182,
WT,1,761,3004.709,
WT,1,762,3454.9546,
WT,1,763,3178.7261,
WT,1,764,2546.9333,
WT,1,765,3424.1404,
WT,1,766,1711.4929,
WT,1,767,4190.1226,
WT,1,768,1657,
WT,1,769,2823.9048,
WT,1,770,4299.4907,
WT,1,771,2537.1682,
WT,1,772,1802.5776,
WT,1,773,3309.9585,
WT,1,774,4270.8994,
WT,1,775,2450.3547,
WT,1,776,4187.8594,
WT,1,777,3163.3542,
WT,1,778,2385.5806,
WT,1,779,2120.9092,
WT,1,780,3281.7898,
WT,1,781,5609.1489,
WT,1,782,3683.1379,
WT,1,783,2094.3364,
WT,1,784,4318.8364,
WT,1,785,2405.5645,
WT,1,786,1732.2889,
WT,1,787,2739.2336,
WT,1,788,2539.7646,
WT,1,789,3631.4087,
WT,1,790,2260.4924,
WT,1,791,1378.5385,
WT,1,792,2374.0603,
WT,1,793,3479.5256,
WT,1,794,2397.3125,
WT,1,795,1925.3625,
WT,1,796,1790.9254,
WT,1,797,3442.05,
WT,1,798,3229.2778,
WT,1,799,3897.4465,
WT,1,800,1827.325,
WT,1,801,3972.8696,
WT,1,802,5173.5508,
WT,1,803,1969.9318,
WT,1,804,7400.0151,
WT,1,805,3257.4688,
WT,1,806,4669.1162,
WT,1,807,2055.6833,
WT,1,808,6132.9438,
WT,1,809,4027.6758,
WT,1,810,7843.1641,
WT,1,811,1921.0494,
WT,1,812,3321.5066,
WT,1,813,3106.2144,
WT,1,814,2644.1719,
WT,1,815,2640.9307,
WT,1,816,2162.7561,
WT,1,817,4870.8374,
WT,1,818,1956.7576,
WT,1,819,1171.476,
WT,1,820,1889.6207,
WT,1,821,5954.4658,
WT,1,822,1595.6796,
WT,1,823,4407.48,
WT,1,824,2132.7979,
WT,1,825,5949.3696,
WT,1,826,5535.7397,
WT,1,827,2952.2202,
WT,1,828,4938.2593,
WT,1,829,1207.8051,
WT,1,830,2511.3721,
WT,1,831,2022.7821,
WT,1,832,5834.0786,
WT,1,833,5002.3169,
WT,1,834,5501.1646,
WT,1,835,2723.8252,
WT,1,836,5718.2856,
WT,1,837,2109.4246,
WT,1,838,3470.8723,
WT,1,839,1896.8346,
WT,1,840,4224.4185,
WT,1,841,2017.9131,
WT,1,842,1703.8572,
WT,1,843,2878.1394,
WT,1,844,3597.4492,
WT,1,845,2798.1167,
WT,1,846,2622.5112,
WT,1,847,2148.0889,
WT,1,848,1703.9135,
WT,1,849,2456.3479,
WT,1,850,2521.709,
WT,1,851,1978.7185,
WT,1,852,3828.8164,
WT,1,853,4578.3457,
WT,1,854,6714.2583,
WT,1,855,1364.7183,
WT,1,856,2498.2205,
WT,1,857,2842.978,
WT,1,858,1904.6731,
WT,1,859,4979.5479,
WT,1,860,1660.0541,
WT,1,861,2459.9524,
WT,1,862,3783.6436,
WT,1,863,1876.3546,
WT,1,864,4899.3721,
WT,1,865,2391.2371,
WT,1,866,1960.2087,
WT,1,867,2671.1775,
WT,1,868,3491.7346,
WT,1,869,1997.3093,
WT,1,870,4713.3159,
WT,1,871,2395.375,
WT,1,872,2193.6282,
WT,1,873,4172.4136,
WT,1,874,5513.5737,
WT,1,875,1981.45,
WT,1,876,2399.1001,
WT,1,877,1034.9,
WT,1,878,2215.2236,
WT,1,879,1581.4828,
WT,1,880,2203.8625,
WT,1,881,2105.1897,
WT,1,882,2772.9641,
WT,1,883,2057.5618,
WT,1,884,2664.9263,
WT,1,885,2917.1826,
WT,1,886,5354.7637,
WT,1,887,1426.944,
WT,1,888,3391.4226,
WT,1,889,2391.7561,
WT,1,890,3331.218,
WT,1,891,1864.4556,
WT,1,892,5159.2451,
WT,1,893,2772.0134,
WT,1,894,2304.2925,
WT,1,895,1613.2102,
WT,1,896,7250.4233,
WT,1,897,3884.4119,
WT,1,898,5592.1509,
WT,1,899,4475.7388,
WT,1,900,2996.2886,
WT,1,901,1781.7906,
WT,1,902,2163.4944,
WT,1,903,3425.0364,
WT,1,904,3896.9666,
WT,1,905,4479.6313,
WT,1,906,2692.074,
WT,1,907,1781.2167,
WT,1,908,2133.2639,
WT,1,909,3838.3677,
WT,1,910,3260.5488,
WT,1,911,2232.698,
WT,1,912,4804.9316,
WT,1,913,1719.3077,
WT,1,914,2413.05,
WT,1,915,5838.7061,
WT,1,916,1484.2858,
WT,1,917,3037.2571,
WT,1,918,3539.7844,
WT,1,919,3610.3645,
WT,1,920,1568.6241,
WT,1,921,3893.9023,
WT,1,922,2108.1177,
WT,1,923,2880.4045,
WT,1,924,4377.874,
WT,1,925,2079.9697,
WT,1,926,1512.3625,
WT,1,927,2772.647,
WT,1,928,4740.0508,
WT,1,929,4271.4907,
WT,1,930,2827.25,
WT,1,931,1222.3208,
WT,1,932,2699.9641,
WT,1,933,3139.9285,
WT,1,934,3999.9026,
WT,1,935,1832.7368,
WT,1,936,1979.3739,
WT,1,937,2149.4363,
WT,1,938,4550.4033,
WT,1,939,2398.7427,
WT,1,940,2364.5579,
WT,1,941,3889.4888,
WT,1,942,4922.6123,
WT,1,943,3050.739,
WT,1,944,3054.4546,
WT,1,945,5519.6553,
WT,1,946,2119.4697,
WT,1,947,2384.7124,
WT,1,948,5079.1743,
WT,1,949,4003.3247,
WT,1,950,1885.4791,
WT,1,951,3239.0928,
WT,1,952,1713.3483,
WT,1,953,3427.0635,
WT,1,954,6769.4346,
WT,1,955,1994.2791,
WT,1,956,2388.405,
WT,1,957,3625.7544,
WT,1,958,2399.8254,
WT,1,959,4090.1633,
WT,1,960,2429.4937,
WT,1,961,2019.4,
WT,1,962,3116.4871,
WT,1,963,2185.5117,
WT,1,964,2622.1262,
WT,1,965,1793.7222,
WT,1,966,3311.6438,
WT,1,967,2774.7415,
WT,1,968,2401.9048,
WT,1,969,2690.78,
WT,1,970,2562.2214,
WT,1,971,4619.521,
WT,1,972,4178.373,
WT,1,973,4673.5864,
WT,1,974,3857.4529,
WT,1,975,1903.5834,
WT,1,976,1687.0631,
WT,1,977,2615.3921,
WT,1,978,2478.7844,
WT,1,979,5963.272,
WT,1,980,1882.2987,
WT,1,981,1311.3644,
WT,1,982,2525.656,
WT,1,983,3540.4587,
WT,1,984,3293.0925,
WT,1,985,2752.3955,
WT,1,986,2465.3083,
WT,1,987,5147.3271,
WT,1,988,1340.4875,
WT,1,989,2416.8396,
WT,1,990,4189.2847,
WT,1,991,2272.0273,
WT,1,992,3775.2849,
WT,1,993,3634.0688,
WT,1,994,4507.8428,
WT,1,995,2725.4221,
WT,1,996,2986.7473,
WT,1,997,3570.8159,
WT,1,998,4622.0684,
WT,1,999,2093.3623,
WT,1,1000,3592.8081,
WT,1,1001,3641.125,
WT,1,1002,1452.369,
WT,1,1003,3021.9429,
WT,1,1004,5949.3784,
WT,1,1005,3670.145,
WT,1,1006,1655.1666,
WT,1,1007,2221.0698,
WT,1,1008,1101.0869,
WT,1,1009,1573.2516,
WT,1,1010,2820.6001,
WT,1,1011,2469.6846,
WT,1,1012,4655,
WT,1,1013,2760.1719,
WT,1,1014,7595.3296,
WT,1,1015,2407.4915,
WT,1,1016,2552.1904,
WT,1,1017,1581.1305,
WT,1,1018,5141.1523,
WT,1,1019,1865.8226,
WT,1,1020,4369.7271,
WT,1,1021,1731.015,
WT,1,1022,3834.4299,
WT,1,1023,1429.5161,
WT,1,1024,2776.5688,
WT,1,1025,3445.3572,
WT,1,1026,2172,
WT,1,1027,1854.6492,
WT,1,1028,4584.5835,
WT,1,1029,1637.6832,
WT,1,1030,2428.6038,
WT,1,1031,6207.2134,
WT,1,1032,3144.5967,
WT,1,1033,3489.5549,
WT,1,1034,4947.106,
WT,1,1035,957.0577,
WT,1,1036,2724.6604,
WT,1,1037,2921.7917,
WT,1,1038,6164.1431,
WT,1,1039,2733.2112,
WT,1,1040,1870.2749,
WT,1,1041,1993.7424,
WT,1,1042,2088.6191,
WT,1,1043,2246.1128,
WT,1,1044,5407.8979,
WT,1,1045,3586.0574,
WT,1,1046,4897.8813,
WT,1,1047,4517.0654,
WT,1,1048,1752.5333,
WT,1,1049,2357.4509,
WT,1,1050,3718.1685,
WT,1,1051,3579.5061,
WT,1,1052,2168.5647,
WT,1,1053,1911.6646,
WT,1,1054,1857.0236,
WT,1,1055,3971.2058,
WT,1,1056,2737.1714,
WT,1,1057,4129.7056,
WT,1,1058,2394.0986,
WT,1,1059,2780.4216,
WT,1,1060,2128.2434,
WT,1,1061,2538.0356,
WT,1,1062,4985.5713,
WT,1,1063,3096.5151,
WT,1,1064,1759.9354,
WT,1,1065,2080.5769,
WT,1,1066,1803.0233,
WT,1,1067,1772.1528,
WT,1,1068,3955.8657,
WT,1,1069,2995.5061,
WT,1,1070,1454.7172,
WT,1,1071,4631.4731,
WT,1,1072,5097.2051,
WT,1,1073,2555.9602,
WT,1,1074,5303.0117,
WT,1,1075,2556.5,
WT,1,1076,2089.0977,
WT,1,1077,1975.8763,
WT,1,1078,2816.4258,
WT,1,1079,2484.3953,
WT,1,1080,3621.9414,
WT,1,1081,3388.4482,
WT,1,1082,2254.5925,
WT,1,1083,4037.3635,
WT,1,1084,3585.761,
WT,1,1085,1930.2247,
WT,1,1086,1640.1207,
WT,1,1087,1453.0667,
WT,1,1088,3553.8044,
WT,1,1089,4155.9053,
WT,1,1090,4028.4253,
WT,1,1091,1536.8064,
WT,1,1092,1872.7894,
WT,1,1093,2411.8867,
WT,1,1094,3315.2297,
WT,1,1095,1527.4412,
WT,1,1096,1920.1782,
WT,1,1097,1810.975,
WT,1,1098,1493.1013,
WT,1,1099,4175.2905,
WT,1,1100,4333.8853,
WT,1,1101,2260.6626,
WT,1,1102,2089.5085,
WT,1,1103,1963.6591,
WT,1,1104,1400.4589,
WT,1,1105,1881.463,
WT,1,1106,3082.2432,
WT,1,1107,2099.2471,
WT,1,1108,2059.0159,
WT,1,1109,3783.1567,
WT,1,1110,4035.446,
WT,1,1111,4302.1494,
WT,1,1112,4192.2148,
WT,1,1113,1258.4681,
WT,1,1114,3308.2026,
WT,1,1115,1470.0927,
WT,1,1116,2311.3274,
WT,1,1117,2275.1389,
WT,1,1118,2019.2778,
WT,1,1119,1922.9933,
WT,1,1120,2672.4644,
WT,1,1121,3200.8467,
WT,1,1122,1386.1898,
WT,1,1123,5659.6084,
WT,1,1124,1920.738,
WT,1,1125,1484.5286,
WT,1,1126,3605.9236,
WT,1,1127,4019.2454,
WT,1,1128,3289.5,
WT,1,1129,2164.3191,
WT,1,1130,1907.7402,
WT,1,1131,2149.875,
WT,1,1132,1549.5405,
WT,1,1133,3175.6377,
WT,1,1134,7157.7861,
WT,1,1135,2285.5205,
WT,1,1136,3671.2559,
WT,1,1137,3361.3242,
WT,1,1138,3355.0981,
WT,1,1139,3673.0901,
WT,1,1140,1551.1321,
WT,1,1141,3818.0884,
WT,1,1142,3754.2295,
WT,1,1143,3228.0271,
WT,1,1144,3116.4434,
WT,1,1145,2738.5925,
WT,1,1146,2958.9097,
WT,1,1147,5746.1665,
WT,1,1148,2284.1394,
WT,1,1149,1997.8983,
WT,1,1150,3644.7581,
WT,1,1151,2048.5674,
WT,1,1152,1562.6892,
WT,1,1153,4329.6665,
WT,1,1154,4284.021,
WT,1,1155,1514.4338,
WT,1,1156,2530.6875,
WT,1,1157,2811.877,
WT,1,1158,3274.6875,
WT,1,1159,2045.2328,
WT,1,1160,2153.6001,
WT,1,1161,7082.2002,
WT,1,1162,2380.3279,
WT,1,1163,2844.0925,
WT,1,1164,3696.1648,
WT,1,1165,2109.552,
WT,1,1166,3109.7185,
WT,1,1167,3057.8147,
WT,1,1168,2084.1943,
WT,1,1169,5551.8569,
WT,1,1170,4004.2031,
WT,1,1171,1995.8453,
WT,1,1172,1167.448,
WT,1,1173,2815.054,
WT,1,1174,2980.5049,
WT,1,1175,2793.0271,
WT,1,1176,3039.4385,
WT,1,1177,2207.4758,
WT,1,1178,3378.293,
WT,1,1179,1728.2958,
WT,1,1180,3886.5693,
WT,1,1181,2466.73,
WT,1,1182,3787.2114,
WT,1,1183,4079.0859,
WT,1,1184,4442.7344,
WT,1,1185,4324.7046,
WT,1,1186,2958.0562,
WT,1,1187,2634.4939,
WT,1,1188,1337.0289,
WT,1,1189,2384.8679,
WT,1,1190,3203.2236,
WT,1,1191,1654.4301,
WT,1,1192,2076.9868,
WT,1,1193,4051.5923,
WT,1,1194,2096.8181,
WT,1,1195,4114.7856,
WT,1,1196,1337.1945,
WT,1,1197,2528.9412,
WT,1,1198,1740.374,
WT,1,1199,2242.3027,
WT,1,1200,4097.8486,
WT,1,1201,4154.5581,
WT,1,1202,3162.6045,
WT,1,1203,1887.8613,
WT,1,1204,2302.0149,
WT,1,1205,3748.2053,
WT,1,1206,3335.959,
WT,1,1207,4095.9026,
WT,1,1208,1590.7843,
WT,1,1209,3139.9512,
WT,1,1210,5954.2017,
WT,1,1211,2519.5671,
WT,1,1212,4763.8813,
WT,1,1213,2305.9795,
WT,1,1214,1968.2239,
WT,1,1215,2437.7629,
WT,1,1216,1505.1666,
WT,1,1217,4022.7869,
WT,1,1218,2577.241,
WT,1,1219,4553.2446,
WT,1,1220,2006.2069,
WT,1,1221,2908.0967,
WT,1,1222,2693.9375,
WT,1,1223,3333.6558,
WT,1,1224,3015.5664,
WT,1,1225,4565.04,
WT,1,1226,2087.5625,
WT,1,1227,2302.2126,
WT,1,1228,1409.526,
WT,1,1229,4459.353,
WT,1,1230,2515.2439,
WT,1,1231,2484.0491,
WT,1,1232,4887.5889,
WT,1,1233,6303.8853,
WT,1,1234,4274.2754,
WT,1,1235,4259.8203,
WT,1,1236,2163.0388,
WT,1,1237,5634.5801,
WT,1,1238,3058.8965,
WT,1,1239,2509.8977,
WT,1,1240,4473.3896,
WT,1,1241,4138.709,
WT,1,1242,3194.5186,
WT,1,1243,1559.9611,
WT,1,1244,2690.6057,
WT,1,1245,2806.8208,
WT,1,1246,4054.8125,
WT,1,1247,3539.5901,
WT,1,1248,5041.5239,
WT,1,1249,1836.6407,
WT,1,1250,3842.2195,
WT,1,1251,5142.9683,
WT,1,1252,1843.2451,
WT,1,1253,2241.6001,
WT,1,1254,2245.8364,
WT,1,1255,6803.1304,
WT,1,1256,1851.662,
WT,1,1257,3740.2173,
WT,1,1258,4231.4624,
WT,1,1259,4008.7878,
WT,1,1260,2101.5735,
WT,1,1261,2457.6667,
WT,1,1262,4898.0532,
WT,1,1263,4290.9829,
WT,1,1264,4844.9883,
WT,1,1265,8297.0654,
WT,1,1266,3685.3125,
WT,1,1267,3299.1792,
WT,1,1268,3115.8796,
WT,1,1269,2494.5938,
WT,1,1270,3867.009,
WT,1,1271,3170.5898,
WT,1,1272,3843.8262,
WT,1,1273,4020.3494,
WT,1,1274,2676.9177,
WT,1,1275,3487.8542,
WT,1,1276,2996.4658,
WT,1,1277,2414.5544,
WT,1,1278,2095.4092,
WT,1,1279,1547.4166,
WT,1,1280,5589.4111,
WT,1,1281,3348.0918,
WT,1,1282,2123.1111,
WT,1,1283,3593.2847,
WT,1,1284,2228,
WT,1,1285,3149.8264,
WT,1,1286,4256.8774,
WT,1,1287,2673.5469,
WT,1,1288,1778.7273,
WT,1,1289,2838.6265,
WT,1,1290,2302.5969,
WT,1,1291,4521.6011,
WT,1,1292,2903.5891,
WT,1,1293,1418.1,
WT,1,1294,2751.4492,
WT,1,1295,2229.4275,
WT,1,1296,2370.3433,
WT,1,1297,4209.6357,
WT,1,1298,2307.3284,
WT,1,1299,1788.473,
WT,1,1300,3806.2761,
WT,1,1301,2726.4341,
WT,1,1302,1949.6936,
WT,1,1303,4245.605,
WT,1,1304,3777.054,
WT,1,1305,3632.6162,
WT,1,1306,2168.2632,
WT,1,1307,3738.3301,
WT,1,1308,2095.5498,
WT,1,1309,2992.2834,
WT,1,1310,5056.8999,
WT,1,1311,4184.8027,
WT,1,1312,2769.7236,
WT,1,1313,3125.7048,
WT,1,1314,2164.7466,
WT,1,1315,4090.7314,
WT,1,1316,1479.6257,
WT,1,1317,1356.1266,
WT,1,1318,3769.1086,
WT,1,1319,2116.7034,
WT,1,1320,4180.1416,
WT,1,1321,2586.4658,
WT,1,1322,2742.1943,
WT,1,1323,2729.6296,
WT,1,1324,2226.873,
WT,1,1325,3102.3276,
WT,1,1326,2211.876,
WT,1,1327,4072.6924,
WT,1,1328,4732.8906,
WT,1,1329,3794.8469,
WT,1,1330,3147.7808,
WT,1,1331,4287.7617,
WT,1,1332,3413.342,
WT,1,1333,4460.8477,
WT,1,1334,1941.6328,
WT,1,1335,2159.0586,
WT,1,1336,2356.8572,
WT,1,1337,3458.1428,
WT,1,1338,6345.0488,
WT,1,1339,4336.4526,
WT,1,1340,2338.1619,
WT,1,1341,4081.6882,
WT,1,1342,2326.6216,
WT,1,1343,1831.338,
WT,1,1344,1480.9357,
WT,1,1345,1345.3168,
WT,1,1346,3271.4546,
WT,1,1347,4539.9858,
WT,1,1348,3110.9795,
WT,1,1349,4710.9819,
WT,1,1350,3413.9285,
WT,1,1351,2683.6892,
WT,1,1352,2307.2537,
WT,1,1353,4725.085,
WT,1,1354,2269.7454,
WT,1,1355,3705.8345,
WT,1,1356,4501.7979,
WT,1,1357,6089.2002,
WT,1,1358,4286.9727,
WT,1,1359,2097.9629,
WT,1,1360,2222.1792,
WT,1,1361,2574.6265,
WT,1,1362,3537.6375,
WT,1,1363,1957.5938,
WT,1,1364,3075.3826,
WT,1,1365,4089.7178,
WT,1,1366,4909.6313,
WT,1,1367,3513.1707,
WT,1,1368,2301.4556,
WT,1,1369,2349.8298,
WT,1,1370,5317.7715,
WT,1,1371,5063.7104,
WT,1,1372,1892.1526,
WT,1,1373,4949.25,
WT,1,1374,1502.0892,
WT,1,1375,1982.3948,
WT,1,1376,4702.6665,
WT,1,1377,2221.7754,
WT,1,1378,3531.9666,
WT,1,1379,2690.9514,
WT,1,1380,1902.6456,
WT,1,1381,6487.272,
WT,1,1382,3230.7256,
WT,1,1383,2499.7959,
WT,1,1384,3883.677,
WT,1,1385,3750.1882,
WT,1,1386,1137.7476,
WT,1,1387,4486.1719,
WT,1,1388,2278.512,
WT,1,1389,5114.5093,
WT,1,1390,4221.832,
WT,1,1391,2445.4819,
WT,1,1392,2519.6667,
WT,1,1393,2336.2148,
WT,1,1394,4140.1152,
WT,1,1395,4154.3799,
WT,1,1396,3007.0271,
WT,1,1397,5451.9365,
WT,1,1398,1804,
WT,1,1399,4855.6177,
WT,1,1400,6681.5107,
WT,1,1401,5424.0747,
WT,1,1402,2389.2354,
WT,1,1403,8433.5488,
WT,1,1404,1475.5796,
WT,1,1405,6125.8145,
WT,1,1406,3247.3557,
WT,1,1407,1881.8452,
WT,1,1408,1857.0133,
WT,1,1409,2424.394,
WT,1,1410,4776.0713,
WT,1,1411,2712.6355,
WT,1,1412,2254.5964,
WT,1,1413,4198.8706,
WT,1,1414,2177.1699,
WT,1,1415,2154.4346,
WT,1,1416,5831.166,
WT,1,1417,4355.3516,
WT,1,1418,5299.6353,
WT,1,1419,2285.1091,
WT,1,1420,1857.3715,
WT,1,1421,2050.7451,
WT,1,1422,2505.168,
WT,1,1423,3618.6843,
WT,1,1424,7733.7539,
WT,1,1425,3718.3286,
WT,1,1426,3452.1929,
WT,1,1427,1854.5363,
WT,1,1428,1221.5677,
WT,1,1429,1850.2267,
WT,1,1430,5463.9141,
WT,1,1431,4061.0166,
WT,1,1432,2830.427,
WT,1,1433,5140.355,
WT,1,1434,3680.9788,
WT,1,1435,4350.7358,
WT,1,1436,3797.4521,
WT,1,1437,1952.5211,
WT,1,1438,2671.2468,
WT,1,1439,2198.0974,
WT,1,1440,7624.6714,
WT,1,1441,1433.4147,
WT,1,1442,2059.8674,
WT,1,1443,4597.6255,
WT,1,1444,2541.7451,
WT,1,1445,4098.9302,
WT,1,1446,455.3207,
WT,1,1447,1678.4675,
WT,1,1448,2147.7756,
WT,1,1449,2171.5518,
WT,1,1450,3069.1716,
WT,1,1451,5396.8999,
WT,1,1452,2298.324,
WT,1,1453,2426.3857,
WT,1,1454,2941.0803,
WT,1,1455,2946.4482,
WT,1,1456,2591.197,
WT,1,1457,1614.1428,
WT,1,1458,5388.1587,
WT,1,1459,2309.2959,
WT,1,1460,1764.0233,
WT,1,1461,6620.623,
WT,1,1462,1821.3334,
WT,1,1463,1545.29,
WT,1,1464,1869.2742,
WT,1,1465,3507.5088,
WT,1,1466,2398.728,
WT,1,1467,1832.674,
WT,1,1468,2752.5454,
WT,1,1469,3567.1621,
WT,1,1470,2564.106,
WT,1,1471,4939.7476,
WT,1,1472,2551.5769,
WT,1,1473,2368.2517,
WT,1,1474,2306.5608,
WT,1,1475,2979.7856,
WT,1,1476,2462.0662,
WT,1,1477,2382.7114,
WT,1,1478,2192.6428,
WT,1,1479,1581.3226,
WT,1,1480,2072.623,
WT,1,1481,2999.6023,
WT,1,1482,2519.708,
WT,1,1483,3805.75,
WT,1,1484,2277.991,
WT,1,1485,1784.1219,
WT,1,1486,5723.6021,
WT,1,1487,2078,
WT,1,1488,4394.8071,
WT,1,1489,1785.5892,
WT,1,1490,2078.4602,
WT,1,1491,2304.5222,
WT,1,1492,2500.5823,
WT,1,1493,2506.7175,
WT,1,1494,1371.7195,
WT,1,1495,1918.3158,
WT,1,1496,1599.3871,
WT,1,1497,4802.3394,
WT,1,1498,2300.8318,
WT,1,1499,2973.1794,
WT,1,1500,4747.3052,
WT,1,1501,6189.0469,
WT,1,1502,4497.1631,
WT,1,1503,3690.4937,
WT,1,1504,2754.908,
WT,1,1505,2000.9833,
WT,1,1506,1841.3489,
WT,1,1507,3909.175,
WT,1,1508,4465.4316,
WT+X1,1,1,1730.5601,
WT+X1,1,2,1230.9,
WT+X1,1,3,2000.5024,
WT+X1,1,4,6611.0791,
WT+X1,1,5,1361.5454,
WT+X1,1,6,5643.5,
WT+X1,1,7,1557.0924,
WT+X1,1,8,6831.2451,
WT+X1,1,9,4492.3867,
WT+X1,1,10,6006.9771,
WT+X1,1,11,4115.9385,
WT+X1,1,12,1080.3667,
WT+X1,1,13,1778.0177,
WT+X1,1,14,1443.1531,
WT+X1,1,15,918.6757,
WT+X1,1,16,4747.3477,
WT+X1,1,17,1758.1058,
WT+X1,1,18,5743.4287,
WT+X1,1,19,4227.2837,
WT+X1,1,20,2084.9412,
WT+X1,1,21,5516.5532,
WT+X1,1,22,2850.2419,
WT+X1,1,23,8317.207,
WT+X1,1,24,1347.3839,
WT+X1,1,25,6453.7578,
WT+X1,1,26,3052.3738,
WT+X1,1,27,6162.7002,
WT+X1,1,28,1771.8942,
WT+X1,1,29,5306.4731,
WT+X1,1,30,4920.3828,
WT+X1,1,31,2019.553,
WT+X1,1,32,3557.0354,
WT+X1,1,33,5797.9912,
WT+X1,1,34,10694.3887,
WT+X1,1,35,9624.7891,
WT+X1,1,36,1469.9918,
WT+X1,1,37,4978.5215,
WT+X1,1,38,8732.4414,
WT+X1,1,39,1135.4622,
WT+X1,1,40,1201.0564,
WT+X1,1,41,3598.1316,
WT+X1,1,42,1611.7611,
WT+X1,1,43,1431.1044,
WT+X1,1,44,6162.5,
WT+X1,1,45,828.34,
WT+X1,1,46,3516.6743,
WT+X1,1,47,1681.7306,
WT+X1,1,48,9468.2861,
WT+X1,1,49,1197.527,
WT+X1,1,50,1476.0132,
WT+X1,1,51,5927.8193,
WT+X1,1,52,1269.6885,
WT+X1,1,53,2029.8772,
WT+X1,1,54,1601.9841,
WT+X1,1,55,5072.7671,
WT+X1,1,56,9864.9873,
WT+X1,1,57,7011.3169,
WT+X1,1,58,1800.9387,
WT+X1,1,59,1148.5247,
WT+X1,1,60,1153.6971,
WT+X1,1,61,1455.6239,
WT+X1,1,62,8149.6846,
WT+X1,1,63,2085.0334,
WT+X1,1,64,4396.792,
WT+X1,1,65,1410.1136,
WT+X1,1,66,4638.3335,
WT+X1,1,67,2018.3806,
WT+X1,1,68,4277.0366,
WT+X1,1,69,1855.161,
WT+X1,1,70,1758.7313,
WT+X1,1,71,1142.7142,
WT+X1,1,72,6121.6196,
WT+X1,1,73,2934.7327,
WT+X1,1,74,1677.9375,
WT+X1,1,75,2168.5469,
WT+X1,1,76,5242.8037,
WT+X1,1,77,1661.9584,
WT+X1,1,78,1005.7451,
WT+X1,1,79,2137.9766,
WT+X1,1,80,5463.3306,
WT+X1,1,81,943.7865,
WT+X1,1,82,2458.2739,
WT+X1,1,83,5576.3657,
WT+X1,1,84,12917.4365,
WT+X1,1,85,5284.5752,
WT+X1,1,86,1519.5858,
WT+X1,1,87,1260.4534,
WT+X1,1,88,1642.2762,
WT+X1,1,89,1228.3121,
WT+X1,1,90,1054.1136,
WT+X1,1,91,7815.8833,
WT+X1,1,92,1642.89,
WT+X1,1,93,6928.8828,
WT+X1,1,94,6606.2207,
WT+X1,1,95,3806.6868,
WT+X1,1,96,2475.7683,
WT+X1,1,97,6143.5454,
WT+X1,1,98,4436.9287,
WT+X1,1,99,1064.7388,
WT+X1,1,100,1039.3678,
WT+X1,1,101,1757.7529,
WT+X1,1,102,2134.6455,
WT+X1,1,103,1200.0408,
WT+X1,1,104,7583.5225,
WT+X1,1,105,6040.7866,
WT+X1,1,106,989.2016,
WT+X1,1,107,5718.6978,
WT+X1,1,108,1404.3409,
WT+X1,1,109,5938.7378,
WT+X1,1,110,1025.6,
WT+X1,1,111,6334.9272,
WT+X1,1,112,2461.9167,
WT+X1,1,113,6837.8979,
WT+X1,1,114,3657.2207,
WT+X1,1,115,1076.1689,
WT+X1,1,116,5049.3516,
WT+X1,1,117,6225.8652,
WT+X1,1,118,7834.4521,
WT+X1,1,119,1396.2343,
WT+X1,1,120,6570.5581,
WT+X1,1,121,4415.6089,
WT+X1,1,122,8848.1162,
WT+X1,1,123,4177.6289,
WT+X1,1,124,2249.3833,
WT+X1,1,125,8432.7344,
WT+X1,1,126,1249.5536,
WT+X1,1,127,1495.9572,
WT+X1,1,128,3841.7878,
WT+X1,1,129,6044.75,
WT+X1,1,130,1821.8306,
WT+X1,1,131,985.7167,
WT+X1,1,132,2487.4473,
WT+X1,1,133,1215.6786,
WT+X1,1,134,10305.9326,
WT+X1,1,135,1288.3806,
WT+X1,1,136,5432.8081,
WT+X1,1,137,6018.3159,
WT+X1,1,138,7126.7939,
WT+X1,1,139,1761.9392,
WT+X1,1,140,1137.3983,
WT+X1,1,141,6185.9292,
WT+X1,1,142,5384.3975,
WT+X1,1,143,8269.6855,
WT+X1,1,144,1160.8682,
WT+X1,1,145,2684.7395,
WT+X1,1,146,3296.4758,
WT+X1,1,147,1166.0238,
WT+X1,1,148,6042.4683,
WT+X1,1,149,2469.6917,
WT+X1,1,150,7671.4971,
WT+X1,1,151,6953.0303,
WT+X1,1,152,2060.1809,
WT+X1,1,153,3310.2471,
WT+X1,1,154,856.3294,
WT+X1,1,155,10332.4805,
WT+X1,1,156,1070,
WT+X1,1,157,8069.6631,
WT+X1,1,158,4554.1768,
WT+X1,1,159,8212.5938,
WT+X1,1,160,10766.0947,
WT+X1,1,161,6316.6499,
WT+X1,1,162,2202.606,
WT+X1,1,163,4659.9541,
WT+X1,1,164,3761.7251,
WT+X1,1,165,5791.9502,
WT+X1,1,166,1215.6884,
WT+X1,1,167,2234.2307,
WT+X1,1,168,3743.9092,
WT+X1,1,169,1403.174,
WT+X1,1,170,4406.9956,
WT+X1,1,171,2263.2288,
WT+X1,1,172,8257.2803,
WT+X1,1,173,5404.79,
WT+X1,1,174,1860.7881,
WT+X1,1,175,9270.0244,
WT+X1,1,176,2751.6667,
WT+X1,1,177,7675.4033,
WT+X1,1,178,3141.8865,
WT+X1,1,179,1204.5319,
WT+X1,1,180,1499.17,
WT+X1,1,181,1940.3676,
WT+X1,1,182,1303.9894,
WT+X1,1,183,4651.8384,
WT+X1,1,184,6500.2783,
WT+X1,1,185,11967.8457,
WT+X1,1,186,5872.5366,
WT+X1,1,187,3011.627,
WT+X1,1,188,1118.3906,
WT+X1,1,189,1213.6077,
WT+X1,1,190,1584.0084,
WT+X1,1,191,5841.5698,
WT+X1,1,192,6460.6309,
WT+X1,1,193,5903.603,
WT+X1,1,194,2417.0742,
WT+X1,1,195,4801.3223,
WT+X1,1,196,4121.8325,
WT+X1,1,197,1520.8103,
WT+X1,1,198,6102.4409,
WT+X1,1,199,5531.5625,
WT+X1,1,200,5802.019,
WT+X1,1,201,3008.0522,
WT+X1,1,202,8529.1318,
WT+X1,1,203,7670.269,
WT+X1,1,204,5497.8955,
WT+X1,1,205,9437.8213,
WT+X1,1,206,2497.9241,
WT+X1,1,207,9102.5586,
WT+X1,1,208,3609.8984,
WT+X1,1,209,3781.0317,
WT+X1,1,210,3917.218,
WT+X1,1,211,5484.6196,
WT+X1,1,212,4328.2759,
WT+X1,1,213,5132.1812,
WT+X1,1,214,3881.4839,
WT+X1,1,215,1292.5629,
WT+X1,1,216,6595.7358,
WT+X1,1,217,1376.6979,
WT+X1,1,218,5550.7749,
WT+X1,1,219,4432.3364,
WT+X1,1,220,2753.8333,
WT+X1,1,221,5257.2314,
WT+X1,1,222,8208.4092,
WT+X1,1,223,3283.3267,
WT+X1,1,224,4703.0562,
WT+X1,1,225,6287.2485,
WT+X1,1,226,3965.5381,
WT+X1,1,227,7473.4463,
WT+X1,1,228,5222.5918,
WT+X1,1,229,6188.6743,
WT+X1,1,230,1311.1755,
WT+X1,1,231,7771.7725,
WT+X1,1,232,6682.8833,
WT+X1,1,233,2016.2,
WT+X1,1,234,5420.8984,
WT+X1,1,235,7484.5107,
WT+X1,1,236,7013.6953,
WT+X1,1,237,5948.6528,
WT+X1,1,238,2077.8169,
WT+X1,1,239,1691.8597,
WT+X1,1,240,6675.3892,
WT+X1,1,241,7327.9839,
WT+X1,1,242,3870.6956,
WT+X1,1,243,4022.3899,
WT+X1,1,244,4466.3765,
WT+X1,1,245,3632.5591,
WT+X1,1,246,7866.6143,
WT+X1,1,247,5601.8179,
WT+X1,1,248,1075.5071,
WT+X1,1,249,5500.6934,
WT+X1,1,250,4136.7354,
WT+X1,1,251,12211.8496,
WT+X1,1,252,1640.0804,
WT+X1,1,253,1572.6699,
WT+X1,1,254,7848.1074,
WT+X1,1,255,7589.9302,
WT+X1,1,256,2854.5728,
WT+X1,1,257,9647.46,
WT+X1,1,258,3828.3542,
WT+X1,1,259,6083.0952,
WT+X1,1,260,4200.6025,
WT+X1,1,261,3887.9792,
WT+X1,1,262,2770.5864,
WT+X1,1,263,2021.1305,
WT+X1,1,264,2990.7463,
WT+X1,1,265,4438.9751,
WT+X1,1,266,3642.687,
WT+X1,1,267,2335.8215,
WT+X1,1,268,4001.1592,
WT+X1,1,269,4027.9753,
WT+X1,1,270,3632.0488,
WT+X1,1,271,3131.2856,
WT+X1,1,272,6608.7427,
WT+X1,1,273,7207.6665,
WT+X1,1,274,3279.9907,
WT+X1,1,275,1092.2562,
WT+X1,1,276,9817.5234,
WT+X1,1,277,6399.7129,
WT+X1,1,278,7450.7129,
WT+X1,1,279,4610.8291,
WT+X1,1,280,2925.3494,
WT+X1,1,281,5478.9189,
WT+X1,1,282,3837.3459,
WT+X1,1,283,3306.8542,
WT+X1,1,284,1709.2203,
WT+X1,1,285,4655.8018,
WT+X1,1,286,3939.9727,
WT+X1,1,287,3710.5637,
WT+X1,1,288,2225.5942,
WT+X1,1,289,5833.6719,
WT+X1,1,290,3899.9797,
WT+X1,1,291,3210.2839,
WT+X1,1,292,3136.6316,
WT+X1,1,293,1107.0905,
WT+X1,1,294,2396.1985,
WT+X1,1,295,7788.1392,
WT+X1,1,296,3956.304,
WT+X1,1,297,3270.4565,
WT+X1,1,298,1265.2012,
WT+X1,1,299,5295.9224,
WT+X1,1,300,4210,
WT+X1,1,301,2900.1646,
WT+X1,1,302,4010.7102,
WT+X1,1,303,2424.738,
WT+X1,1,304,1762.4833,
WT+X1,1,305,8901.041,
WT+X1,1,306,1588.8563,
WT+X1,1,307,2769.8872,
WT+X1,1,308,2232.1853,
WT+X1,1,309,1232.9449,
WT+X1,1,310,8401.7383,
WT+X1,1,311,3209.3826,
WT+X1,1,312,3259.2073,
WT+X1,1,313,4951.2837,
WT+X1,1,314,4076.887,
WT+X1,1,315,3032.551,
WT+X1,1,316,7204.3159,
WT+X1,1,317,3037.6931,
WT+X1,1,318,3636.6357,
WT+X1,1,319,3044.146,
WT+X1,1,320,5158.4771,
WT+X1,1,321,6786.0181,
WT+X1,1,322,5583.981,
WT+X1,1,323,5378.3691,
WT+X1,1,324,4678.7319,
WT+X1,1,325,5035.939,
WT+X1,1,326,9340.6162,
WT+X1,1,327,5779.4731,
WT+X1,1,328,3051.3557,
WT+X1,1,329,2030.6973,
WT+X1,1,330,3160.7812,
WT+X1,1,331,1039.9883,
WT+X1,1,332,4744.7998,
WT+X1,1,333,3806.4402,
WT+X1,1,334,3302.958,
WT+X1,1,335,3345.6667,
WT+X1,1,336,8763.8613,
WT+X1,1,337,12544.4092,
WT+X1,1,338,6068.5952,
WT+X1,1,339,6877.0098,
WT+X1,1,340,4483.7861,
WT+X1,1,341,4574.2427,
WT+X1,1,342,5235.9023,
WT+X1,1,343,2643.0757,
WT+X1,1,344,3194.2524,
WT+X1,1,345,3818.4985,
WT+X1,1,346,5122.855,
WT+X1,1,347,4189.4766,
WT+X1,1,348,4391.2939,
WT+X1,1,349,8768.4639,
WT+X1,1,350,3495.2581,
WT+X1,1,351,1181.25,
WT+X1,1,352,3435.8613,
WT+X1,1,353,8877.2051,
WT+X1,1,354,5295.4922,
WT+X1,1,355,1123.629,
WT+X1,1,356,3745.1531,
WT+X1,1,357,5609.5566,
WT+X1,1,358,10018.5928,
WT+X1,1,359,5933.7617,
WT+X1,1,360,1969.9906,
WT+X1,1,361,2193.658,
WT+X1,1,362,3868.2241,
WT+X1,1,363,10874.3184,
WT+X1,1,364,7192.1606,
WT+X1,1,365,5429.6748,
WT+X1,1,366,6268.4868,
WT+X1,1,367,4723.4556,
WT+X1,1,368,2438.908,
WT+X1,1,369,6178.5,
WT+X1,1,370,1709.9615,
WT+X1,1,371,5459.7026,
WT+X1,1,372,2813.9873,
WT+X1,1,373,2237.2888,
WT+X1,1,374,2821.2371,
WT+X1,1,375,4197.2222,
WT+X1,1,376,3468.4866,
WT+X1,1,377,4905.9248,
WT+X1,1,378,4311.3193,
WT+X1,1,379,13760.1104,
WT+X1,1,380,6836.5122,
WT+X1,1,381,5709.5112,
WT+X1,1,382,7085.3066,
WT+X1,1,383,5477.9146,
WT+X1,1,384,13032.0967,
WT+X1,1,385,5815.6089,
WT+X1,1,386,5431.0908,
WT+X1,1,387,6932.0796,
WT+X1,1,388,6053.7065,
WT+X1,1,389,5974.7222,
WT+X1,1,390,5788.9121,
WT+X1,1,391,7232.3643,
WT+X1,1,392,4463.1499,
WT+X1,1,393,2535.7422,
WT+X1,1,394,1585.4648,
WT+X1,1,395,2987.4021,
WT+X1,1,396,6976.6758,
WT+X1,1,397,7279.1665,
WT+X1,1,398,4343.8647,
WT+X1,1,399,6063.8389,
WT+X1,1,400,4390.8301,
WT+X1,1,401,5390.7109,
WT+X1,1,402,6361.6426,
WT+X1,1,403,7167.644,
WT+X1,1,404,9695.5283,
WT+X1,1,405,7256.5049,
WT+X1,1,406,6819.2231,
WT+X1,1,407,1877.4429,
WT+X1,1,408,6598.6714,
WT+X1,1,409,7862.2886,
WT+X1,1,410,7155.8809,
WT+X1,1,411,13231.2432,
WT+X1,1,412,4689.4009,
WT+X1,1,413,4909.3203,
WT+X1,1,414,918.8571,
WT+X1,1,415,5393.7549,
WT+X1,1,416,9523.6953,
WT+X1,1,417,5964.0312,
WT+X1,1,418,5204.7593,
WT+X1,1,419,4160.9814,
WT+X1,1,420,5453.0049,
WT+X1,1,421,3398.0049,
WT+X1,1,422,3682.3276,
WT+X1,1,423,8278.3252,
WT+X1,1,424,4002.8889,
WT+X1,1,425,8708.7656,
WT+X1,1,426,1601.2365,
WT+X1,1,427,1915.4957,
WT+X1,1,428,4747.8208,
WT+X1,1,429,6326.3921,
WT+X1,1,430,9170.75,
WT+X1,1,431,2484.8552,
WT+X1,1,432,6549.9795,
WT+X1,1,433,7235.0659,
WT+X1,1,434,2983.5769,
WT+X1,1,435,5746.2295,
WT+X1,1,436,7052.7778,
WT+X1,1,437,5824.3369,
WT+X1,1,438,979.6271,
WT+X1,1,439,4582.3276,
WT+X1,1,440,3505.5901,
WT+X1,1,441,12716.4521,
WT+X1,1,442,4803.1724,
WT+X1,1,443,2078.5249,
WT+X1,1,444,3537.4692,
WT+X1,1,445,6262.1899,
WT+X1,1,446,1858.9281,
WT+X1,1,447,6860.5513,
WT+X1,1,448,3587.3181,
WT+X1,1,449,3951.0356,
WT+X1,1,450,3376.5737,
WT+X1,1,451,5589.5381,
WT+X1,1,452,5154.9043,
WT+X1,1,453,5354.9238,
WT+X1,1,454,2934.6667,
WT+X1,1,455,10888.6562,
WT+X1,1,456,8452.9932,
WT+X1,1,457,3001.7222,
WT+X1,1,458,10339.5957,
WT+X1,1,459,1535.624,
WT+X1,1,460,6571.9814,
WT+X1,1,461,8052.9385,
WT+X1,1,462,5360.375,
WT+X1,1,463,1403.9515,
WT+X1,1,464,7853.3979,
WT+X1,1,465,10136.0264,
WT+X1,1,466,8301.2295,
WT+X1,1,467,8802.0645,
WT+X1,1,468,5540.0591,
WT+X1,1,469,3277.3081,
WT+X1,1,470,5043.46,
WT+X1,1,471,3074.8904,
WT+X1,1,472,1957.567,
WT+X1,1,473,5300.5142,
WT+X1,1,474,5469.5176,
WT+X1,1,475,5857.1348,
WT+X1,1,476,3455.0259,
WT+X1,1,477,7098.02,
WT+X1,1,478,5009.582,
WT+X1,1,479,3793.8384,
WT+X1,1,480,4157.6123,
WT+X1,1,481,7545.5332,
WT+X1,1,482,9719.8691,
WT+X1,1,483,9076.792,
WT+X1,1,484,8682.9834,
WT+X1,1,485,10055.6816,
WT+X1,1,486,10754.5352,
WT+X1,1,487,5417.9043,
WT+X1,1,488,6535.7295,
WT+X1,1,489,9666.5068,
WT+X1,1,490,12058.9814,
WT+X1,1,491,10439.3916,
WT+X1,1,492,5741.4346,
WT+X1,1,493,7863.9629,
WT+X1,1,494,6401.2183,
WT+X1,1,495,5244.7017,
WT+X1,1,496,3324.1333,
WT+X1,1,497,4559.6899,
WT+X1,1,498,2204.4014,
WT+X1,1,499,6434.0264,
WT+X1,1,500,7429.314,
WT+X1,1,501,1977.1127,
WT+X1,1,502,6439.7319,
WT+X1,1,503,4976.6597,
WT+X1,1,504,4560.6797,
WT+X1,1,505,10360.1826,
WT+X1,1,506,5878.7837,
WT+X1,1,507,4428.9512,
WT+X1,1,508,7079.0537,
WT+X1,1,509,5677.8506,
WT+X1,1,510,7322.1128,
WT+X1,1,511,11402.4756,
WT+X1,1,512,5848.0981,
WT+X1,1,513,6216.0391,
WT+X1,1,514,5770.7144,
WT+X1,1,515,3196.4028,
WT+X1,1,516,5344.9907,
WT+X1,1,517,7258.9341,
WT+X1,1,518,5148.0786,
WT+X1,1,519,9569.4346,
WT+X1,1,520,11205.8115,
WT+X1,1,521,6385.5557,
WT+X1,1,522,1633.2264,
WT+X1,1,523,2048.542,
WT+X1,1,524,5838.2793,
WT+X1,1,525,9645.9814,
WT+X1,1,526,7369.1807,
WT+X1,1,527,3805.7817,
WT+X1,1,528,4593.4712,
WT+X1,1,529,9045.3076,
WT+X1,1,530,4881.7563,
WT+X1,1,531,7499.9839,
WT+X1,1,532,11591.0098,
WT+X1,1,533,7821.2319,
WT+X1,1,534,8142.3623,
WT+X1,1,535,4087.0925,
WT+X1,1,536,3116.9585,
WT+X1,1,537,1529.438,
WT+X1,1,538,5841.5142,
WT+X1,1,539,5173.5913,
WT+X1,1,540,3435.1035,
WT+X1,1,541,3696.0354,
WT+X1,1,542,9799,
WT+X1,1,543,8622.8477,
WT+X1,1,544,6889.6748,
WT+X1,1,545,4808.8994,
WT+X1,1,546,2677.6616,
WT+X1,1,547,5929.5322,
WT+X1,1,548,1204.0227,
WT+X1,1,549,5831.8657,
WT+X1,1,550,10464.1113,
WT+X1,1,551,5633.7686,
WT+X1,1,552,6870.0581,
WT+X1,1,553,8342.2344,
WT+X1,1,554,7976.7515,
WT+X1,1,555,2746.4841,
WT+X1,1,556,5919.9219,
WT+X1,1,557,9600.9736,
WT+X1,1,558,6381.6562,
WT+X1,1,559,3019.0535,
WT+X1,1,560,1590.6567,
WT+X1,1,561,9277.7607,
WT+X1,1,562,2261.2561,
WT+X1,1,563,3698.2244,
WT+X1,1,564,6635.9321,
WT+X1,1,565,4566.2764,
WT+X1,1,566,2049.7957,
WT+X1,1,567,8671.1367,
WT+X1,1,568,6541.9199,
WT+X1,1,569,8558.9678,
WT+X1,1,570,3746.241,
WT+X1,1,571,4307.1021,
WT+X1,1,572,8137.916,
WT+X1,1,573,6176.8823,
WT+X1,1,574,7825.6602,
WT+X1,1,575,5940.7534,
WT+X1,1,576,6883.918,
WT+X1,1,577,10897.5029,
WT+X1,1,578,7560.5044,
WT+X1,1,579,4867.125,
WT+X1,1,580,7954.1538,
WT+X1,1,581,6058.2319,
WT+X1,1,582,5141.6929,
WT+X1,1,583,2101.136,
WT+X1,1,584,1996.238,
WT+X1,1,585,1989.6827,
WT+X1,1,586,4787.5933,
WT+X1,1,587,7051.8647,
WT+X1,1,588,5344.4302,
WT+X1,1,589,5564.5391,
WT+X1,1,590,6899.4795,
WT+X1,1,591,7595.4424,
WT+X1,1,592,3541.0618,
WT+X1,1,593,7724.1313,
WT+X1,1,594,4893.0464,
WT+X1,1,595,7276.0659,
WT+X1,1,596,3789.4565,
WT+X1,1,597,9311.6309,
WT+X1,1,598,4003.0806,
WT+X1,1,599,2489.9309,
WT+X1,1,600,8659.6768,
WT+X1,1,601,2450.4546,
WT+X1,1,602,6054.2114,
WT+X1,1,603,3978.5845,
WT+X1,1,604,4288.1411,
WT+X1,1,605,8555.082,
WT+X1,1,606,5145.5171,
WT+X1,1,607,4300.0161,
WT+X1,1,608,8635.1973,
WT+X1,1,609,13400.7041,
WT+X1,1,610,5645.9165,
WT+X1,1,611,4166.25,
WT+X1,1,612,6773.7705,
WT+X1,1,613,2526.4841,
WT+X1,1,614,8024.8594,
WT+X1,1,615,7106.6143,
WT+X1,1,616,4794.5776,
WT+X1,1,617,5388.5957,
WT+X1,1,618,5336.769,
WT+X1,1,619,1350.1875,
WT+X1,1,620,4039.1936,
WT+X1,1,621,4741.2373,
WT+X1,1,622,5028.147,
WT+X1,1,623,8343.3262,
WT+X1,1,624,6918.9819,
WT+X1,1,625,3200.2166,
WT+X1,1,626,6749.1235,
WT+X1,1,627,7335.563,
WT+X1,1,628,2079.2454,
WT+X1,1,629,3193.0693,
WT+X1,1,630,2166.8413,
WT+X1,1,631,5976.7363,
WT+X1,1,632,1334.7247,
WT+X1,1,633,4570.8516,
WT+X1,1,634,4616.1104,
WT+X1,1,635,2875.6177,
WT+X1,1,636,5247.4321,
WT+X1,1,637,7890.9243,
WT+X1,1,638,9386.1777,
WT+X1,1,639,1287.6163,
WT+X1,1,640,4904.8345,
WT+X1,1,641,5658.2607,
WT+X1,1,642,6166.0933,
WT+X1,1,643,1803.4198,
WT+X1,1,644,7126.9839,
WT+X1,1,645,3169.6116,
WT+X1,1,646,3080.2278,
WT+X1,1,647,2268.531,
WT+X1,1,648,2215.8276,
WT+X1,1,649,5011.3999,
WT+X1,1,650,4531.4946,
WT+X1,1,651,5834.4023,
WT+X1,1,652,2067.1487,
WT+X1,1,653,2292.7876,
WT+X1,1,654,6019.5078,
WT+X1,1,655,2213.634,
WT+X1,1,656,7994.4326,
WT+X1,1,657,3083.6335,
WT+X1,1,658,5222.6636,
WT+X1,1,659,1689.6909,
WT+X1,1,660,7549.5869,
WT+X1,1,661,5212.8184,
WT+X1,1,662,10161.1992,
WT+X1,1,663,6632.314,
WT+X1,1,664,2100.9656,
WT+X1,1,665,6110.877,
WT+X1,1,666,9460.793,
WT+X1,1,667,5413.7363,
WT+X1,1,668,4192.4209,
WT+X1,1,669,7270.4336,
WT+X1,1,670,7022.4229,
WT+X1,1,671,3825.0273,
WT+X1,1,672,5558.2886,
WT+X1,1,673,6059.6123,
WT+X1,1,674,2833.5195,
WT+X1,1,675,3352.843,
WT+X1,1,676,3234.9465,
WT+X1,1,677,8387.6738,
WT+X1,1,678,5601.4199,
WT+X1,1,679,5006.0874,
WT+X1,1,680,2626.1528,
WT+X1,1,681,1939.3069,
WT+X1,1,682,3812.7896,
WT+X1,1,683,8372.2178,
WT+X1,1,684,7714.4663,
WT+X1,1,685,1977.5306,
WT+X1,1,686,823.4157,
WT+X1,1,687,1406.2322,
WT+X1,1,688,4767.7261,
WT+X1,1,689,7838.21,
WT+X1,1,690,2239.3972,
WT+X1,1,691,1968.25,
WT+X1,1,692,5787.6982,
WT+X1,1,693,8379.793,
WT+X1,1,694,4656.5366,
WT+X1,1,695,1793.8073,
WT+X1,1,696,7369.0894,
WT+X1,1,697,3380.6633,
WT+X1,1,698,7260.5972,
WT+X1,1,699,3408.5945,
WT+X1,1,700,2843.532,
WT+X1,1,701,6911.2637,
WT+X1,1,702,7138.2065,
WT+X1,1,703,7818.3423,
WT+X1,1,704,4495.1812,
WT+X1,1,705,2223.8962,
WT+X1,1,706,6588.8848,
WT+X1,1,707,7146.1396,
WT+X1,1,708,7046.5845,
WT+X1,1,709,5070.252,
WT+X1,1,710,7127.3496,
WT+X1,1,711,6523.2715,
WT+X1,1,712,2390.0933,
WT+X1,1,713,3940.9407,
WT+X1,1,714,1700.8104,
WT+X1,1,715,1435.2271,
WT+X1,1,716,8213.8018,
WT+X1,1,717,6171.394,
WT+X1,1,718,6462.6616,
WT+X1,1,719,7082.395,
WT+X1,1,720,4278.0947,
WT+X1,1,721,8136.4082,
WT+X1,1,722,8015.1025,
WT+X1,1,723,4587.3335,
WT+X1,1,724,3874.8428,
WT+X1,1,725,4521.9756,
WT+X1,1,726,7722.3628,
WT+X1,1,727,7338.1567,
WT+X1,1,728,6457.9399,
WT+X1,1,729,1611.1277,
WT+X1,1,730,9062.7412,
WT+X1,1,731,8838.6348,
WT+X1,1,732,2897.5955,
WT+X1,1,733,7880.6514,
WT+X1,1,734,5287.1353,
WT+X1,1,735,6579.9863,
WT+X1,1,736,3056.5854,
WT+X1,1,737,2458.1382,
WT+X1,1,738,5887.3369,
WT+X1,1,739,2339.4666,
WT+X1,1,740,7820.5093,
WT+X1,1,741,1615.5195,
WT+X1,1,742,1381.9849,
WT+X1,1,743,6423.6035,
WT+X1,1,744,5212.103,
WT+X1,1,745,6392.8999,
WT+X1,1,746,7493.7876,
WT+X1,1,747,6911.4751,
WT+X1,1,748,5687.187,
WT+X1,1,749,7445.459,
WT+X1,1,750,7179.6636,
WT+X1,1,751,5482.5024,
WT+X1,1,752,3046.105,
WT+X1,1,753,3828.5898,
WT+X1,1,754,2067.9363,
WT+X1,1,755,5290.8428,
WT+X1,1,756,5362.0156,
WT+X1,1,757,6299.0356,
WT+X1,1,758,5271.4692,
WT+X1,1,759,6927.2075,
WT+X1,1,760,5180.0757,
WT+X1,1,761,1446.704,
WT+X1,1,762,1584.6682,
WT+X1,1,763,3985.8535,
WT+X1,1,764,6482.8018,
WT+X1,1,765,4629.019,
WT+X1,1,766,5747.21,
WT+X1,1,767,7903.2197,
WT+X1,1,768,6660.0488,
WT+X1,1,769,1997.7878,
WT+X1,1,770,1596.0586,
WT+X1,1,771,1427.0938,
WT+X1,1,772,4558.5449,
WT+X1,1,773,3831.6782,
WT+X1,1,774,2712.5278,
WT+X1,1,775,961.9694,
WT+X1,1,776,3547.3923,
WT+X1,1,777,2085.302,
WT+X1,1,778,4593.8853,
WT+X1,1,779,5658.2998,
WT+X1,1,780,1896.0203,
WT+X1,1,781,3245.3511,
WT+X1,1,782,4259.8022,
WT+X1,1,783,6435.0654,
WT+X1,1,784,3270.8091,
WT+X1,1,785,3075.4131,
WT+X1,1,786,6351.0312,
WT+X1,1,787,9917.7422,
WT+X1,1,788,8486.5332,
WT+X1,1,789,6933.4937,
WT+X1,1,790,6565.8911,
WT+X1,1,791,5750.29,
WT+X1,1,792,1723.6938,
WT+X1,1,793,2052.6462,
WT+X1,1,794,5937.8032,
WT+X1,1,795,5785.2173,
WT+X1,1,796,1026.5659,
WT+X1,1,797,3103.1069,
WT+X1,1,798,4909.1611,
WT+X1,1,799,1710.3923,
WT+X1,1,800,4439.6055,
WT+X1,1,801,5272.1738,
WT+X1,1,802,3930.7793,
WT+X1,1,803,2988.6707,
WT+X1,1,804,8099.145,
WT+X1,1,805,1546.2128,
WT+X1,1,806,4048.2534,
WT+X1,1,807,2170.5071,
WT+X1,1,808,1946.8831,
WT+X1,1,809,6432.8208,
WT+X1,1,810,6182.4971,
WT+X1,1,811,5910.1895,
WT+X1,1,812,2287.2056,
WT+X1,1,813,1296.4839,
WT+X1,1,814,1493.1045,
WT+X1,1,815,4488.6445,
WT+X1,1,816,2424.1924,
WT+X1,1,817,1435.2413,
WT+X1,1,818,7743.9497,
WT+X1,1,819,4507.0781,
WT+X1,1,820,2154.5889,
WT+X1,1,821,2763.0188,
WT+X1,1,822,6375.54,
WT+X1,1,823,6433.5225,
WT+X1,1,824,838.5367,
WT+X1,1,825,8745.6719,
WT+X1,1,826,5657.144,
WT+X1,1,827,6631.9585,
WT+X1,1,828,6737.5469,
WT+X1,1,829,10037.667,
WT+X1,1,830,4762.5527,
WT+X1,1,831,4507.709,
WT+X1,1,832,1108.7292,
WT+X1,1,833,3566.644,
WT+X1,1,834,7399.8286,
WT+X1,1,835,3603.3474,
WT+X1,1,836,3036.2576,
WT+X1,1,837,4194.2856,
WT+X1,1,838,5590.25,
WT+X1,1,839,1397.2222,
WT+X1,1,840,8198.2627,
WT+X1,1,841,7999.8628,
WT+X1,1,842,1666.2402,
WT+X1,1,843,3314.4434,
WT+X1,1,844,2736.6047,
WT+X1,1,845,1397.5524,
WT+X1,1,846,6256.958,
WT+X1,1,847,4369.3242,
WT+X1,1,848,3810.6416,
WT+X1,1,849,4837.3794,
WT+X1,1,850,1846.3158,
WT+X1,1,851,1363.0902,
WT+X1,1,852,4650.5146,
WT+X1,1,853,4909.6304,
WT+X1,1,854,5880.9414,
WT+X1,1,855,3811.2808,
WT+X1,1,856,10984.0537,
WT+X1,1,857,4578.3066,
WT+X1,1,858,3833.6667,
WT+X1,1,859,1039.9091,
WT+X1,1,860,4603.2109,
WT+X1,1,861,4609.7896,
WT+X1,1,862,5002.4473,
WT+X1,1,863,7393.0034,
WT+X1,1,864,7645.3735,
WT+X1,1,865,1915.9297,
WT+X1,1,866,2995.8394,
WT+X1,1,867,4683.6333,
WT+X1,1,868,3169.2334,
WT+X1,1,869,6181.9795,
WT+X1,1,870,940.8589,
WT+X1,1,871,1715.6666,
WT+X1,1,872,9230.5264,
WT+X1,1,873,6041.7432,
WT+X1,1,874,3034.8333,
WT+X1,1,875,4569.085,
WT+X1,1,876,5899.7446,
WT+X1,1,877,2356.741,
WT+X1,1,878,3427.1292,
WT+X1,1,879,6764.1133,
WT+X1,1,880,9421.6221,
WT+X1,1,881,3838.7751,
WT+X1,1,882,9495.876,
WT+X1,1,883,5725.02,
WT+X1,1,884,3757.0476,
WT+X1,1,885,3350.1562,
WT+X1,1,886,1926.7778,
WT+X1,1,887,4035.7749,
WT+X1,1,888,8857.041,
WT+X1,1,889,2948.9399,
WT+X1,1,890,2196.9448,
WT+X1,1,891,2129.877,
WT+X1,1,892,5318.7422,
WT+X1,1,893,7236.2412,
WT+X1,1,894,2152.8064,
WT+X1,1,895,1540.6471,
WT+X1,1,896,6837.8867,
WT+X1,1,897,5035.1904,
WT+X1,1,898,800.147,
WT+X1,1,899,2117.6274,
WT+X1,1,900,1495.9235,
WT+X1,1,901,5696.1362,
WT+X1,1,902,6810.0625,
WT+X1,1,903,1610.8485,
WT+X1,1,904,2943.7917,
WT+X1,1,905,4450.2236,
WT+X1,1,906,5539.1299,
WT+X1,1,907,5739.0977,
WT+X1,1,908,1417.1954,
WT+X1,1,909,1879.6691,
WT+X1,1,910,5950.3164,
WT+X1,1,911,1207.6522,
WT+X1,1,912,7988.0498,
WT+X1,1,913,758.5643,
WT+X1,1,914,1389.322,
WT+X1,1,915,5313.4287,
WT+X1,1,916,6305.7881,
WT+X1,1,917,795.2243,
WT+X1,1,918,8855.7393,
WT+X1,1,919,6908.6772,
WT+X1,1,920,3934.2686,
WT+X1,1,921,1059.7024,
WT+X1,1,922,4957.7476,
WT+X1,1,923,4958.6357,
WT+X1,1,924,5361.3984,
WT+X1,1,925,1134.3462,
WT+X1,1,926,5246.0439,
WT+X1,1,927,4202.7271,
WT+X1,1,928,1308.9465,
WT+X1,1,929,2808.4495,
WT+X1,1,930,2406.9338,
WT+X1,1,931,1446.1154,
WT+X1,1,932,3343.5117,
WT+X1,1,933,1386.9193,
WT+X1,1,934,1079.0349,
WT+X1,1,935,799.2243,
WT+X1,1,936,1178.1564,
WT+X1,1,937,879.6683,
WT+X1,1,938,6272.0957,
WT+X1,1,939,6142.375,
WT+X1,1,940,1022.6769,
WT+X1,1,941,1479.3219,
WT+X1,1,942,1237.6438,
WT+X1,1,943,2972.8362,
WT+X1,1,944,4335.228,
WT+X1,1,945,4444.4932,
WT+X1,1,946,842.973,
WT+X1,1,947,5167.04,
WT+X1,1,948,5129.4575,
WT+X1,1,949,5696.2178,
WT+X1,1,950,1640.2485,
WT+X1,1,951,5218.7144,
WT+X1,1,952,4240.1294,
WT+X1,1,953,1361,
WT+X1,1,954,4226.4561,
WT+X1,1,955,1131.8781,
WT+X1,1,956,5633.6709,
WT+X1,1,957,1124.5294,
WT+X1,1,958,1613.1857,
WT+X1,1,959,5965.8628,
WT+X1,1,960,1661.7266,
WT+X1,1,961,1666.7126,
WT+X1,1,962,1734.0869,
WT+X1,1,963,1156.3489,
WT+X1,1,964,4994.3232,
WT+X1,1,965,1737.7255,
WT+X1,1,966,1295.9276,
WT+X1,1,967,3659.9766,
WT+X1,1,968,859.3558,
WT+X1,1,969,6818.5522,
WT+X1,1,970,1912.8451,
WT+X1,1,971,1465.9407,
WT+X1,1,972,2113.0881,
WT+X1,1,973,1173.75,
WT+X1,1,974,1188.0448,
WT+X1,1,975,4536.8789,
WT+X1,1,976,7424.8369,
WT+X1,1,977,1027.1864,
WT+X1,1,978,1066.8719,
WT+X1,1,979,3669.2104,
WT+X1,1,980,1107.3279,
WT+X1,1,981,1073.0972,
WT+X1,1,982,908.648,
WT+X1,1,983,1854.8334,
WT+X1,1,984,1322.6316,
WT+X1,1,985,5872.5083,
WT+X1,1,986,1388.6373,
WT+X1,1,987,1257.9688,
WT+X1,1,988,2124.5869,
WT+X1,1,989,902.718,
WT+X1,1,990,1557.4395,
WT+X1,1,991,2390.0618,
WT+X1,1,992,966.0391,
WT+X1,1,993,1488.0619,
WT+X1,1,994,1118.7792,
WT+X1,1,995,1139.7164,
WT+X1,1,996,1794.3422,
WT+X1,1,997,7937.9277,
WT+X1,1,998,5735.8638,
WT+X1,1,999,1187.9683,
WT+X1,1,1000,5975.1807,
WT+X1,1,1001,1249.8723,
WT+X1,1,1002,1137.4552,
WT+X1,1,1003,5387.73,
WT+X1,1,1004,1001.7727,
WT+X1,1,1005,1159.109,
WT+X1,1,1006,1408.9744,
WT+X1,1,1007,1221.0563,
WT+X1,1,1008,1340.1962,
WT+X1,1,1009,2445.3538,
WT+X1,1,1010,1395.9368,
WT+X1,1,1011,1371.6666,
WT+X1,1,1012,1852.2543,
WT+X1,1,1013,1060.8334,
WT+X1,1,1014,964.21,
WT+X1,1,1015,3971.6882,
WT+X1,1,1016,3385.0859,
WT+X1,1,1017,5985.0142,
WT+X1,1,1018,1280.7441,
WT+X1,1,1019,1420.9,
WT+X1,1,1020,1179.9886,
WT+X1,1,1021,1374.8055,
WT+X1,1,1022,4826.5225,
WT+X1,1,1023,1007.2562,
WT+X1,1,1024,1318.678,
WT+X1,1,1025,3037,
WT+X1,1,1026,970.6437,
WT+X1,1,1027,1139.8113,
WT+X1,1,1028,1272.8958,
WT+X1,1,1029,1033.8763,
WT+X1,1,1030,1287.6381,
WT+X1,1,1031,1137.6666,
WT+X1,1,1032,6556.6523,
WT+X1,1,1033,1014.1942,
WT+X1,1,1034,1372.4589,
WT+X1,1,1035,7973.3901,
WT+X1,1,1036,1125.5286,
WT+X1,1,1037,908.7229,
WT+X1,1,1038,3285.8728,
WT+X1,1,1039,1620.7526,
WT+X1,1,1040,859.2325,
WT+X1,1,1041,1356.4603,
WT+X1,1,1042,1420.1781,
WT+X1,1,1043,1197.4564,
WT+X1,1,1044,6194.7251,
WT+X1,1,1045,2463.2251,
WT+X1,1,1046,1466.4657,
WT+X1,1,1047,1428,
WT+X1,1,1048,1082.9403,
WT+X1,1,1049,1225.8077,
WT+X1,1,1050,1151.7822,
WT+X1,1,1051,5784.2036,
WT+X1,1,1052,2898.1091,
WT+X1,1,1053,1721.8142,
WT+X1,1,1054,1113.776,
WT+X1,1,1055,1315.0487,
WT+X1,1,1056,1710.6801,
WT+X1,1,1057,2368.6011,
WT+X1,1,1058,1489.2377,
WT+X1,1,1059,1277.1256,
WT+X1,1,1060,6057,
WT+X1,1,1061,416.0928,
WT+X1,1,1062,1224.7722,
WT+X1,1,1063,966.9895,
WT+X1,1,1064,2417.0454,
WT+X1,1,1065,1285.5638,
WT+X1,1,1066,1219.5,
WT+X1,1,1067,1472.8979,
WT+X1,1,1068,1133.3529,
WT+X1,1,1069,992.6754,
WT+X1,1,1070,1712.8015,
WT+X1,1,1071,1473.2787,
WT+X1,1,1072,1468.0084,
WT+X1,1,1073,1421.6603,
WT+X1,1,1074,1142.521,
WT+X1,1,1075,5078.2529,
WT+X1,1,1076,2372.873,
WT+X1,1,1077,1555.8462,
WT+X1,1,1078,1294.1188,
WT+X1,1,1079,5907.3433,
WT+X1,1,1080,5026.0508,
WT+X1,1,1081,1781.4286,
WT+X1,1,1082,5666.3584,
WT+X1,1,1083,2848.1428,
WT+X1,1,1084,1342.2963,
WT+X1,1,1085,1158.2538,
WT+X1,1,1086,1289.1414,
WT+X1,1,1087,1216.026,
WT+X1,1,1088,916.1494,
WT+X1,1,1089,1453.8,
WT+X1,1,1090,1381.3082,
WT+X1,1,1091,786.4702,
WT+X1,1,1092,1264.0885,
WT+X1,1,1093,1225.8654,
WT+X1,1,1094,1278.0299,
WT+X1,1,1095,1031.3651,
WT+X1,1,1096,1081.7174,
WT+X1,1,1097,1218.2632,
WT+X1,1,1098,1198.4438,
WT+X1,1,1099,1114.2977,
WT+X1,1,1100,1004.9643,
WT+X1,1,1101,1323.6396,
WT+X1,1,1102,1214.1013,
WT+X1,1,1103,1570.1238,
WT+X1,1,1104,1088.6379,
WT+X1,1,1105,1187.5785,
WT+X1,1,1106,1263.5302,
WT+X1,1,1107,2176.9216,
WT+X1,1,1108,1044.4733,
WT+X1,1,1109,1091.7693,
WT+X1,1,1110,1453.0193,
WT+X1,1,1111,1147.174,
WT+X1,1,1112,6047.1177,
WT+X1,1,1113,2780.1667,
WT+X1,1,1114,1292.5217,
WT+X1,1,1115,1390.6642,
WT+X1,1,1116,1208.9011,
WT+X1,1,1117,1033.4818,
WT+X1,1,1118,1067.4865,
WT+X1,1,1119,1188.0548,
WT+X1,1,1120,1331.3729,
WT+X1,1,1121,1032.1761,
WT+X1,1,1122,1125.6583,
WT+X1,1,1123,1080.7612,
WT+X1,1,1124,5523.5469,
WT+X1,1,1125,1109,
WT+X1,1,1126,5727.8794,
WT+X1,1,1127,4152.1069,
WT+X1,1,1128,2143.1091,
WT+X1,1,1129,1364.1538,
WT+X1,1,1130,6019.2314,
WT+X1,1,1131,6809.5713,
WT+X1,1,1132,1652.1632,
WT+X1,1,1133,1246.2858,
WT+X1,1,1134,5182.9155,
WT+X1,1,1135,1287.5426,
WT+X1,1,1136,3079.0508,
WT+X1,1,1137,1576.1057,
WT+X1,1,1138,1283.1146,
WT+X1,1,1139,1191.7667,
WT+X1,1,1140,1120.2273,
WT+X1,1,1141,1475.4083,
WT+X1,1,1142,1445.494,
WT+X1,1,1143,1103.1844,
WT+X1,1,1144,1068.9114,
WT+X1,1,1145,3885.2693,
WT+X1,1,1146,926.8546,
WT+X1,1,1147,1198.5044,
WT+X1,1,1148,2488.2378,
WT+X1,1,1149,1211.3334,
WT+X1,1,1150,1096.4658,
WT+X1,1,1151,1068.4174,
WT+X1,1,1152,1028.6428,
WT+X1,1,1153,3820.3962,
WT+X1,1,1154,1373.8269,
WT+X1,1,1155,1063.229,
WT+X1,1,1156,1262.3677,
WT+X1,1,1157,4606.7988,
WT+X1,1,1158,1256.3422,
WT+X1,1,1159,1178.5629,
WT+X1,1,1160,1407.2574,
WT+X1,1,1161,1240.4369,
WT+X1,1,1162,911.1976,
WT+X1,1,1163,6363.3462,
WT+X1,1,1164,1074.4572,
WT+X1,1,1165,7993.5444,
WT+X1,1,1166,2819.0793,
WT+X1,1,1167,1869.0206,
WT+X1,1,1168,1162.5366,
WT+X1,1,1169,3934.6416,
WT+X1,1,1170,1211.4803,
WT+X1,1,1171,950.8958,
WT+X1,1,1172,1004.5828,
WT+X1,1,1173,1290.236,
WT+X1,1,1174,1463.6613,
WT+X1,1,1175,1341.9291,
WT+X1,1,1176,1132.2533,
WT+X1,1,1177,1715.4166,
WT+X1,1,1178,1333.879,
WT+X1,1,1179,1195.3407,
WT+X1,1,1180,1184.5111,
WT+X1,1,1181,828.8197,
WT+X1,1,1182,1162.9121,
WT+X1,1,1183,6521.8696,
WT+X1,1,1184,1174.8452,
WT+X1,1,1185,1217.7759,
WT+X1,1,1186,1285.115,
WT+X1,1,1187,1163.6154,
WT+X1,1,1188,1352.069,
WT+X1,1,1189,3186.4253,
WT+X1,1,1190,1114.9841,
WT+X1,1,1191,382.3067,
WT+X1,1,1192,3603.5818,
WT+X1,1,1193,1261.5286,
WT+X1,1,1194,1247.057,
WT+X1,1,1195,5182.5171,
WT+X1,1,1196,1048.8729,
WT+X1,1,1197,1326.1057,
WT+X1,1,1198,4313.186,
WT+X1,1,1199,1146.9315,
WT+X1,1,1200,1378.0973,
WT+X1,1,1201,1324.2073,
WT+X1,1,1202,3112.9458,
WT+X1,1,1203,5354.5464,
WT+X1,1,1204,1278.6072,
WT+X1,1,1205,1175.1,
WT+X1,1,1206,1227.2632,
WT+X1,1,1207,1018.814,
WT+X1,1,1208,1230.5,
WT+X1,1,1209,5979.2632,
WT+X1,1,1210,5114.3335,
WT+X1,1,1211,1322.9099,
WT+X1,1,1212,2976.2817,
WT+X1,1,1213,1317.2471,
WT+X1,1,1214,1466.4166,
WT+X1,1,1215,972.0422,
WT+X1,1,1216,4843.2002,
WT+X1,1,1217,4699.6841,
WT+X1,1,1218,815.3906,
WT+X1,1,1219,1436.5,
WT+X1,1,1220,701.4565,
WT+X1,1,1221,1416.9952,
WT+X1,1,1222,1166.8063,
WT+X1,1,1223,3541.9243,
WT+X1,1,1224,1459.9398,
WT+X1,1,1225,1252.3928,
WT+X1,1,1226,1352.6875,
WT+X1,1,1227,2965.5085,
WT+X1,1,1228,1206.4357,
WT+X1,1,1229,963.7404,
WT+X1,1,1230,1207.4471,
WT+X1,1,1231,1356.4954,
WT+X1,1,1232,5914.0557,
WT+X1,1,1233,2039,
WT+X1,1,1234,2571.0605,
WT+X1,1,1235,1252.0625,
WT+X1,1,1236,1222.2953,
WT+X1,1,1237,4662.396,
WT+X1,1,1238,1214.1093,
WT+X1,1,1239,5043.2539,
WT+X1,1,1240,3720.4839,
WT+X1,1,1241,2462.1064,
WT+X1,1,1242,1152.433,
WT+X1,1,1243,1323.3063,
WT+X1,1,1244,3133.3633,
WT+X1,1,1245,1282.5471,
WT+X1,1,1246,1640.1492,
WT+X1,1,1247,1321.8768,
WT+X1,1,1248,3967.3491,
WT+X1,1,1249,1439.2314,
WT+X1,1,1250,4849.5918,
WT+X1,1,1251,795.64,
WT+X1,1,1252,1192.8837,
WT+X1,1,1253,1433.5149,
WT+X1,1,1254,1135.946,
WT+X1,1,1255,1817.3536,
WT+X1,1,1256,1273.0331,
WT+X1,1,1257,2222.51,
WT+X1,1,1258,3687.582,
WT+X1,1,1259,5029.541,
WT+X1,1,1260,1173.7843,
WT+X1,1,1261,4544.5449,
WT+X1,1,1262,832.7536,
WT+X1,1,1263,1013.5714,
WT+X1,1,1264,1120.6766,
WT+X1,1,1265,1326.7778,
WT+X1,1,1266,1108.9794,
WT+X1,1,1267,1113.2593,
WT+X1,1,1268,491.7143,
WT+X1,1,1269,852.3812,
WT+X1,1,1270,2897.9792,
WT+X1,1,1271,1377.415,
WT+X1,1,1272,1019.7012,
WT+X1,1,1273,1455.4854,
WT+X1,1,1274,727.3333,
WT+X1,1,1275,5112.6616,
WT+X1,1,1276,1749.899,
WT+X1,1,1277,612.2744,
WT+X1,1,1278,1428.5088,
WT+X1,1,1279,1456.2828,
WT+X1,1,1280,2468.5,
WT+X1,1,1281,2808.3142,
WT+X1,1,1282,5289.4941,
WT+X1,1,1283,2419.1677,
WT+X1,1,1284,6214.8491,
WT+X1,1,1285,5690.5571,
WT+X1,1,1286,1125.0577,
WT+X1,1,1287,2035,
WT+X1,1,1288,1242.3109,
WT+X1,1,1289,3918.031,
WT+X1,1,1290,1111.4407,
WT+X1,1,1291,1414.3027,
WT+X1,1,1292,1209.3613,
WT+X1,1,1293,5471.5566,
WT+X1,1,1294,1089.0358,
WT+X1,1,1295,4385.6909,
WT+X1,1,1296,1583.1497,
WT+X1,1,1297,5842.3154,
WT+X1,1,1298,1225.0195,
WT+X1,1,1299,1430.5397,
WT+X1,1,1300,3770.7073,
WT+X1,1,1301,1583.4222,
WT+X1,1,1302,1255.047,
WT+X1,1,1303,4191.3506,
WT+X1,1,1304,561.371,
WT+X1,1,1305,2344.9629,
WT+X1,1,1306,2685.5769,
WT+X1,1,1307,1546.8347,
WT+X1,1,1308,1011.3333,
WT+X1,1,1309,1494.6794,
WT+X1,1,1310,1110.5172,
WT+X1,1,1311,1422.9504,
WT+X1,1,1312,1159.7322,
WT+X1,1,1313,1260.7961,
WT+X1,1,1314,1299.8903,
WT+X1,1,1315,4563.3911,
WT+X1,1,1316,1125.8915,
WT+X1,1,1317,1129.1735,
WT+X1,1,1318,1203.4117,
WT+X1,1,1319,1320.426,
WT+X1,1,1320,3393.7732,
WT+X1,1,1321,1115.0454,
WT+X1,1,1322,1307.1158,
WT+X1,1,1323,2875.1943,
WT+X1,1,1324,3409.25,
WT+X1,1,1325,1245.5867,
WT+X1,1,1326,4663.7705,
WT+X1,1,1327,1459.0468,
WT+X1,1,1328,1510.7778,
WT+X1,1,1329,2588.9819,
WT+X1,1,1330,3815.9429,
WT+X1,1,1331,1420.325,
WT+X1,1,1332,2103.2964,
WT+X1,1,1333,4681.9556,
WT+X1,1,1334,1383.2037,
WT+X1,1,1335,1284.8636,
WT+X1,1,1336,659.7471,
WT+X1,1,1337,1487.125,
WT+X1,1,1338,4239.3516,
WT+X1,1,1339,1245.6697,
WT+X1,1,1340,1582.6342,
WT+X1,1,1341,1276.2086,
WT+X1,1,1342,1460.9,
WT+X1,1,1343,4529.936,
WT+X1,1,1344,1482.2079,
WT+X1,1,1345,1155.0416,
WT+X1,1,1346,3729.7651,
WT+X1,1,1347,1244.6827,
WT+X1,1,1348,1136.266,
WT+X1,1,1349,1385.0613,
WT+X1,1,1350,2800.7327,
WT+X1,1,1351,959.5217,
WT+X1,1,1352,1289.7916,
WT+X1,1,1353,831.2798,
WT+X1,1,1354,4504.3208,
WT+X1,1,1355,1444.4395,
WT+X1,1,1356,1820.4803,
WT+X1,1,1357,4409.9502,
WT+X1,1,1358,1243.4073,
WT+X1,1,1359,1401.0375,
WT+X1,1,1360,1118.6582,
WT+X1,1,1361,1801.7109,
WT+X1,1,1362,2441.05,
WT+X1,1,1363,1192.8591,
WT+X1,1,1364,1239.6478,
WT+X1,1,1365,1234.5493,
WT+X1,1,1366,1577.3823,
WT+X1,1,1367,1410.7465,
WT+X1,1,1368,1825.5435,
WT+X1,1,1369,1280.9576,
WT+X1,1,1370,1342.2087,
WT+X1,1,1371,689.247,
WT+X1,1,1372,1461.0096,
WT+X1,1,1373,1329.0045,
WT+X1,1,1374,543.7736,
WT+X1,1,1375,3822.5095,
WT+X1,1,1376,1253.6127,
WT+X1,1,1377,1300.6208,
WT+X1,1,1378,1128.9958,
WT+X1,1,1379,1312.197,
WT+X1,1,1380,1402.4536,
WT+X1,1,1381,1292.3684,
WT+X1,1,1382,758.5392,
WT+X1,1,1383,1271.75,
WT+X1,1,1384,1180.3846,
WT+X1,1,1385,1267,
WT+X1,1,1386,1334.2478,
WT+X1,1,1387,3261.7627,
WT+X1,1,1388,1487.1772,
WT+X1,1,1389,1070.6608,
WT+X1,1,1390,633.9231,
WT+X1,1,1391,1573.5521,
WT+X1,1,1392,1206.3572,
WT+X1,1,1393,1027.3931,
WT+X1,1,1394,472.7731,
WT+X1,1,1395,1183.1327,
WT+X1,1,1396,974.3839,
WT+X1,1,1397,1594.1863,
WT+X1,1,1398,879.22,
WT+X1,1,1399,1367.8481,
WT+X1,1,1400,1111.2106,
WT+X1,1,1401,1571.2727,
WT+X1,1,1402,6413.1802,
WT+X1,1,1403,1055.6571,
WT+X1,1,1404,1379.702,
WT+X1,1,1405,1210.4574,
WT+X1,1,1406,1607.0984,
WT+X1,1,1407,1337.598,
WT+X1,1,1408,1217.8259,
WT+X1,1,1409,2263.2654,
WT+X1,1,1410,1182.5358,
WT+X1,1,1411,1149.4713,
WT+X1,1,1412,1485.9449,
WT+X1,1,1413,1372.1288,
WT+X1,1,1414,1316.5795,
WT+X1,1,1415,1351.5714,
WT+X1,1,1416,520.4253,
WT+X1,1,1417,1492.4133,
WT+X1,1,1418,1430.1532,
WT+X1,1,1419,1230.1984,
WT+X1,1,1420,4525.2754,
WT+X1,1,1421,1295.9923,
WT+X1,1,1422,3791.5901,
WT+X1,1,1423,1105.7982,
WT+X1,1,1424,1493.2522,
WT+X1,1,1425,1367.0422,
WT+X1,1,1426,1290.7234,
WT+X1,1,1427,824.964,
WT+X1,1,1428,1206.4871,
WT+X1,1,1429,1631.6482,
WT+X1,1,1430,1087.22,
WT+X1,1,1431,687.6957,
WT+X1,1,1432,3888.9917,
WT+X1,1,1433,3637.7773,
WT+X1,1,1434,1288.6125,
WT+X1,1,1435,797.975,
WT+X1,1,1436,1473.6559,
WT+X1,1,1437,1239.8534,
WT+X1,1,1438,1936.9138,
WT+X1,1,1439,1023.6071,
WT+X1,1,1440,1276.0562,
WT+X1,1,1441,1161.7344,
WT+X1,1,1442,4632.0474,
WT+X1,1,1443,1304.0322,
WT+X1,1,1444,1469.519,
WT+X1,1,1445,1290.6343,
WT+X1,1,1446,1608.9581,
WT+X1,1,1447,596.5446,
WT+X1,1,1448,1015.983,
WT+X1,1,1449,3935.6428,
WT+X1,1,1450,1265.3239,
WT+X1,1,1451,1345.1947,
WT+X1,1,1452,1247.5143,
WT+X1,1,1453,1114.14,
WT+X1,1,1454,1106.1615,
WT+X1,1,1455,1447.5128,
WT+X1,1,1456,1347.83,
WT+X1,1,1457,345.0778,
WT+X1,1,1458,3442.5833,
WT+X1,1,1459,1316,
WT+X1,1,1460,1291.7102,
WT+X1,1,1461,1310.5972,
WT+X1,1,1462,1556.125,
WT+X1,1,1463,1118.2755,
WT+X1,1,1464,757.7373,
WT+X1,1,1465,1497.0294,
WT+X1,1,1466,1343.5465,
WT+X1,1,1467,1359.7587,
WT+X1,1,1468,5386.7466,
WT+X1,1,1469,1482.0283,
WT+X1,1,1470,1328.1477,
WT+X1,1,1471,812.7368,
WT+X1,1,1472,1237.3,
WT+X1,1,1473,1255.3663,
WT+X1,1,1474,1269.3757,
WT+X1,1,1475,1674.6023,
WT+X1,1,1476,819.903,
WT+X1,1,1477,1244.2368,
WT+X1,1,1478,1178.4933,
WT+X1,1,1479,828.548,
WT+X1,1,1480,1240.5116,
WT+X1,1,1481,1237.9467,
WT+X1,1,1482,1285.7755,
WT+X1,1,1483,1164.5227,
WT+X1,1,1484,1340.2135,
WT+X1,1,1485,559.8868,
WT+X1,1,1486,1368.6313,
WT+X1,1,1487,1311.3695,
WT+X1,1,1488,728.7164,
WT+X1,1,1489,1249.9054,
WT+X1,1,1490,1157,
WT+X1,1,1491,1241.25,
WT+X1,1,1492,740.7175,
WT+X1,1,1493,1348.0161,
WT+X1,1,1494,1473.7771,
WT+X1,1,1495,581.4103,
WT+X1,1,1496,1206.8606,
WT+X1,1,1497,1250.0646,
WT+X1,1,1498,1071.4562,
WT+X1,1,1499,965.4969,
WT+X1,1,1500,1295.7163,
WT+X1,1,1501,1350.8579,
WT+X1,1,1502,5763.0923,
WT+X1,1,1503,543.483,
WT+X1,1,1504,1020.3924,
WT+X1,1,1505,1323.7421,
WT+X1,1,1506,1820.2667,
WT+X1,1,1507,1208.2059,
WT+X1,1,1508,1286.766,
WT+X1,1,1509,1287.2222,
WT+X1,1,1510,1659.0255,
WT+X1,1,1511,1163.5476,
WT+X1,1,1512,1134.6833,
WT+X1,1,1513,1146.8085,
WT+X1,1,1514,1533.241,
WT+X1,1,1515,1132.4667,
WT+X1,1,1516,1121.9801,
WT+X1,1,1517,1225.125,
WT+X1,1,1518,812.689,
WT+X1,1,1519,1121.752,
WT+X1,1,1520,1409.1818,
WT+X1,1,1521,1288.7584,
WT+X1,1,1522,3339.6465,
WT+X1,1,1523,1284.0885,
WT+X1,1,1524,1159.6034,
WT+X1,1,1525,1170.5731,
WT+X1,1,1526,1279.6622,
WT+X1,1,1527,1133.2179,
WT+X1,1,1528,1326.925,
WT+X1,1,1529,1294.6666,
WT+X1,1,1530,3615.8955,
WT+X1,1,1531,1126.6351,
WT+X1,1,1532,4760.8682,
WT+X1,1,1533,1308.285,
WT+X1,1,1534,1339.5938,
WT+X1,1,1535,636.0323,
WT+X1,1,1536,1041.3085,
WT+X1,1,1537,1248.2594,
WT+X1,1,1538,1288.7704,
WT+X1,1,1539,1358.6621,
WT+X1,1,1540,1233.5652,
WT+X1,1,1541,1188.7314,
WT+X1,1,1542,1263.8818,
WT+X1,1,1543,537.931,
WT+X1,1,1544,4472.2349,
WT+X1,1,1545,741.3595,
WT+X1,1,1546,1134.7871,
WT+X1,1,1547,797.5188,
WT+X1,1,1548,1289.7338,
WT+X1,1,1549,1066.1171,
WT+X1,1,1550,1086.8781,
WT+X1,1,1551,1463.1455,
WT+X1,1,1552,3383.9492,
WT+X1,1,1553,1458.7124,
WT+X1,1,1554,834.8378,
WT+X1,1,1555,1396.9762,
WT+X1,1,1556,795.2435,
WT+X1,1,1557,1171.4855,
WT+X1,1,1558,1277.6174,
WT+X1,1,1559,1528.8085,
WT+X1,1,1560,5442.3506,
WT+X1,1,1561,1222.8334,
WT+X1,1,1562,1284.5859,
WT+X1,1,1563,1064.4382,
WT+X1,1,1564,766.8718,
WT+X1,1,1565,1194.9791,
WT+X1,1,1566,975.2949,
WT+X1,1,1567,4507,
WT+X1,1,1568,1007.2903,
WT+X1,1,1569,1233.4159,
WT+X1,1,1570,667.8642,
WT+X1,1,1571,1345.6079,
WT+X1,1,1572,1177.8464,
WT+X1,1,1573,1101.7456,
WT+X1,1,1574,1426.256,
WT+X1,1,1575,1255.4828,
WT+X1,1,1576,2500.4143,
WT+X1,1,1577,1204.983,
WT+X1,1,1578,1088.7333,
WT+X1,1,1579,765.6875,
WT+X1,1,1580,574.8613,
WT+X1,1,1581,1163.5526,
WT+X1,1,1582,1219.5956,
WT+X1,1,1583,1606.5111,
WT+X1,1,1584,1160.1313,
WT+X1,1,1585,3244.2695,
WT+X1,1,1586,902.5909,
WT+X1,1,1587,1200.5319,
WT+X1,1,1588,1224.28,
WT+X1,1,1589,1187.1233,
WT+X1,1,1590,715.2719,
WT+X1,1,1591,1203.8716,
WT+X1,1,1592,1249.8679,
WT+X1,1,1593,4523.2329,
WT+X1,1,1594,957.3519,
WT+X1,1,1595,1278.8846,
WT+X1,1,1596,963.8095,
WT+X1,1,1597,1772.9879,
WT+X1,1,1598,1164.3529,
WT+X1,1,1599,645.7381,
WT+X1,1,1600,870.8041,
WT+X1,1,1601,1128.2279,
WT+X1,1,1602,1517,
WT+X1,1,1603,1269.3717,
WT+X1,1,1604,695.397,
WT+X1,1,1605,2711.7354,
WT+X1,1,1606,3619.6084,
WT+X1,1,1607,1402.25,
WT+X1,1,1608,1038.3875,
WT+X1,1,1609,1104.8971,
WT+X1,1,1610,2199.8916,
WT+X1,1,1611,1150.3351,
WT+X1,1,1612,1395.974,
WT+X1,1,1613,1547.6063,
WT+X1,1,1614,1411.9108,
WT+X1,1,1615,1272.9333,
WT+X1,1,1616,5387.4775,
WT+X1,1,1617,1120,
WT+X1,1,1618,1228.6094,
WT+X1,1,1619,779.2031,
WT+X1,1,1620,1172.0909,
WT+X1,1,1621,855.2313,
WT+X1,1,1622,997.4019,
WT+X1,1,1623,2590.5161,
WT+X1,1,1624,1349.5,
WT+X1,1,1625,990.5833,
WT+X1,1,1626,1457.0656,
WT+X1,1,1627,1152.7782,
WT+X1,1,1628,1143.5963,
WT+X1,1,1629,1199.5691,
WT+X1,1,1630,1176.2435,
WT+X1,1,1631,728.9623,
WT+X1,1,1632,1296.5403,
WT+X1,1,1633,5318.5767,
WT+X1,1,1634,850.9556,
WT+X1,1,1635,850.4138,
WT+X1,1,1636,1249.1147,
WT+X1,1,1637,1291.0095,
WT+X1,1,1638,2197.459,
WT+X1,1,1639,1328.3813,
WT+X1,1,1640,1888.4967,
WT+X1,1,1641,4122.6089,
WT+X1,1,1642,807.7692,
WT+X1,1,1643,1462,
WT+X1,1,1644,6439.397,
WT+X1,1,1645,1237.3707,
WT+X1,1,1646,979.9174,
WT+X1,1,1647,665.1404,
WT+X1,1,1648,1221.4329,
WT+X1,1,1649,1085.1351,
WT+X1,1,1650,1177.2789,
WT+X1,1,1651,1120.2424,
WT+X1,1,1652,1201.1096,
WT+X1,1,1653,1227.024,
WT+X1,1,1654,1233.3221,
WT+X1,1,1655,1219.3357,
WT+X1,1,1656,834.681,
WT+X1,1,1657,1241.6503,
WT+X1,1,1658,1233.4487,
WT+X1,1,1659,1157.2792,
WT+X1,1,1660,1399.2075,
WT+X1,1,1661,1410.9855,
WT+X1,1,1662,2517.5156,
WT+X1,1,1663,1301.7114,
WT+X1,1,1664,1156.5815,
WT+X1,1,1665,1295.5841,
WT+X1,1,1666,854.9753,
WT+X1,1,1667,1160.7122,
WT+X1,1,1668,816.752,
WT+X1,1,1669,1432.3735,
WT+X1,1,1670,804.2308,
WT+X1,1,1671,1257.6713,
WT+X1,1,1672,5673.2544,
WT+X1,1,1673,1175.079,
WT+X1,1,1674,4026.5867,
WT+X1,1,1675,1110.2288,
WT+X1,1,1676,1284.475,
WT+X1,1,1677,694.4643,
WT+X1,1,1678,1518.625,
WT+X1,1,1679,1100.1,
WT+X1,1,1680,1123.3557,
WT+X1,1,1681,1193.4166,
WT+X1,1,1682,1357.8485,
WT+X1,1,1683,1281.6195,
WT+X1,1,1684,1284.594,
WT+X1,1,1685,1230.7937,
WT+X1,1,1686,1270.1216,
WT+X1,1,1687,1126.6407,
WT+X1,1,1688,1283.2,
WT+X1,1,1689,1281.9286,
WT+X1,1,1690,1736.4943,
WT+X1,1,1691,4283.6899,
WT+X1,1,1692,1302.3102,
WT+X1,1,1693,1183.6827,
WT+X1,1,1694,1544.7262,
WT+X1,1,1695,771.3509,
WT+X1,1,1696,1179.5764,
WT+X1,1,1697,814.0482,
WT+X1,1,1698,5851.7749,
WT+X1,1,1699,5506.4692,
WT+X1,1,1700,1358.7778,
WT+X1,1,1701,1161,
WT+X1,1,1702,6421.2617,
WT+X1,1,1703,1175.6936,
WT+X1,1,1704,573.9636,
WT+X1,1,1705,1133,
WT+X1,1,1706,1050.8551,
WT+X1,1,1707,1198.0741,
WT+X1,1,1708,1030.7317,
WT+X1,1,1709,1450.644,
WT+X1,1,1710,2578.3438,
WT+X1,1,1711,1067.8833,
WT+X1,1,1712,1042.6892,
WT+X1,1,1713,1357.36,
WT+X1,1,1714,1185.2208,
WT+X1,1,1715,646.4154,
WT+X1,1,1716,988.5417,
WT+X1,1,1717,642.6667,
WT+X1,1,1718,5637.9082,
WT+X1,1,1719,3013.5906,
WT+X1,1,1720,1248.5397,
WT+X1,1,1721,1053.5312,
WT+X1,1,1722,1198.1104,
WT+X1,1,1723,520.1062,
WT+X1,1,1724,1264.2933,
WT+X1,1,1725,837.5632,
WT+X1,1,1726,1234.6624,
WT+X1,1,1727,1134.8965,
WT+X1,1,1728,1065.5306,
WT+X1,1,1729,1270.9,
WT+X1,1,1730,1171.5889,
WT+X1,1,1731,1358.0348,
WT+X1,1,1732,5641.6221,
WT+X1,1,1733,886.314,
WT+X1,1,1734,5161.8423,
WT+X1,1,1735,690.7049,
WT+X1,1,1736,1202.697,
WT+X1,1,1737,1177.25,
WT+X1,1,1738,1132.9432,
WT+X1,1,1739,831.6222,
WT+X1,1,1740,1237.9906,
WT+X1,1,1741,1325.5168,
WT+X1,1,1742,1130.5834,
WT+X1,1,1743,1002.7477,
WT+X1,1,1744,1410.5909,
WT+X1,1,1745,3040.6431,
WT+X1,1,1746,706.1953,
WT+X1,1,1747,2320.2153,
WT+X1,1,1748,661.9744,
WT+X1,1,1749,1150.6102,
WT+X1,1,1750,388.625,
WT+X1,1,1751,1393.9778,
WT+X1,1,1752,1282.3129,
WT+X1,1,1753,957.9241,
WT+X1,1,1754,945.3541,
WT+X1,1,1755,1279.3055,
WT+X1,1,1756,1242.2679,
WT+X1,1,1757,379.3929,
WT+X1,1,1758,1280.5326,
WT+X1,1,1759,1309.5959,
WT+X1,1,1760,1311.4674,
WT+X1,1,1761,1012.8864,
WT+X1,1,1762,1320.1428,
WT+X1,1,1763,345.1167,
WT+X1,1,1764,3416.2903,
WT+X1,1,1765,555.5975,
WT+X1,1,1766,1076.8108,
WT+X1,1,1767,1201.3776,
WT+X1,1,1768,1183.9785,
WT+X1,1,1769,1122.1263,
WT+X1,1,1770,1782.4517,
WT+X1,1,1771,855.4387,
WT+X1,1,1772,653.975,
WT+X1,1,1773,1247.2452,
WT+X1,1,1774,857.1163,
WT+X1,1,1775,1102.8217,
WT+X1,1,1776,1079.7123,
WT+X1,1,1777,1128.3872,
WT+X1,1,1778,1292.8608,
WT+X1,1,1779,1305.2291,
WT+X1,1,1780,1233.0863,
WT+X1,1,1781,1153.36,
WT+X1,1,1782,1164.1965,
WT+X1,1,1783,2264.7471,
WT+X1,1,1784,1098.1123,
WT+X1,1,1785,1482.9712,
WT+X1,1,1786,1158,
WT+X1,1,1787,749.027,
WT+X1,1,1788,997.193,
WT+X1,1,1789,1089.9163,
WT+X1,1,1790,2086.1836,
WT+X1,1,1791,1225.1184,
WT+X1,1,1792,1106.3175,
WT+X1,1,1793,856.0242,
WT+X1,1,1794,1111.1743,
WT+X1,1,1795,1320.0618,
WT+X1,1,1796,1146.184,
WT+X1,1,1797,1293.0964,
WT+X1,1,1798,893.6404,
WT+X1,1,1799,1146.662,
WT+X1,1,1800,1173.717,
WT+X1,1,1801,1135.4242,
WT+X1,1,1802,1162.3914,
WT+X1,1,1803,1244.8063,
WT+X1,1,1804,1185.5413,
WT+X1,1,1805,1686.7711,
WT+X1,1,1806,1205.3385,
WT+X1,1,1807,1349,
WT+X1,1,1808,1288.9532,
WT+X1,1,1809,1070.8118,
WT+X1,1,1810,1223.233,
WT+X1,1,1811,596.8831,
WT+X1,1,1812,1105.4445,
WT+X1,1,1813,1117.3591,
WT+X1,1,1814,767.7016,
WT+X1,1,1815,1193.629,
WT+X1,1,1816,1135.8873,
WT+X1,1,1817,1153.7317,
WT+X1,1,1818,1264.1708,
WT+X1,1,1819,1125.6,
WT+X1,1,1820,387.0357,
WT+X1,1,1821,1203.9939,
WT+X1,1,1822,1229.4872,
WT+X1,1,1823,1242.5306,
WT+X1,1,1824,1264.5454,
WT+X1,1,1825,1160.5508,
WT+X1,1,1826,1246.6204,
WT+X1,1,1827,796.7462,
WT+X1,1,1828,1215.4368,
WT+X1,1,1829,1158.6929,
WT+X1,1,1830,1174.381,
WT+X1,1,1831,1177.5405,
WT+X1,1,1832,1258.6583,
WT+X1,1,1833,1547.2927,
WT+X1,1,1834,1162.6666,
WT+X1,1,1835,1335.3334,
WT+X1,1,1836,1272.6757,
WT+X1,1,1837,1344.7628,
WT+X1,1,1838,827.7273,
WT+X1,1,1839,1223.9742,
WT+X1,1,1840,1365.8043,
WT+X1,1,1841,379.0183,
WT+X1,1,1842,1060.4688,
WT+X1,1,1843,779.2618,
WT+X1,1,1844,1101.3379,
WT+X1,1,1845,1494.84,
WT+X1,1,1846,1105.6976,
WT+X1,1,1847,1157.7858,
WT+X1,1,1848,1152.8,
WT+X1,1,1849,1124.36,
WT+X1,1,1850,1076.3922,
WT+X1,1,1851,948.5903,
WT+X1,1,1852,649.6451,
WT+X1,1,1853,1137.1473,
WT+X1,1,1854,1134.688,
WT+X1,1,1855,1040.6713,
WT+X1,1,1856,1114.3622,
WT+X1,1,1857,1121.5081,
WT+X1,1,1858,1277.72,
WT+X1,1,1859,1219.0454,
WT+X1,1,1860,782.8055,
WT+X1,1,1861,1309.75,
WT+X1,1,1862,1325.5054,
WT+X1,1,1863,913.4899,
WT+X1,1,1864,1215.3917,
WT+X1,1,1865,1099.2025,
WT+X1,1,1866,930.3778,
WT+X1,1,1867,880.2576,
WT+X1,1,1868,388.0945,
WT+X1,1,1869,521.4528,
WT+X1,1,1870,1144.1,
WT+X1,1,1871,784.4821,
WT+X1,1,1872,1189.6428,
WT+X1,1,1873,1185.1296,
WT+X1,1,1874,759.6057,
WT+X1,1,1875,786.9042,
WT+X1,1,1876,1206.5748,
WT+X1,1,1877,1358.646,
WT+X1,1,1878,2135.5806,
WT+X1,1,1879,1175.6979,
WT+X1,1,1880,647.8444,
WT+X1,1,1881,1255.803,
WT+X1,1,1882,1150.2222,
WT+X1,1,1883,833.1562,
WT+X1,1,1884,1156.1,
WT+X1,1,1885,1202.6794,
WT+X1,1,1886,1504.04,
WT+X1,1,1887,1095.9846,
WT+X1,1,1888,894.6256,
WT+X1,1,1889,1111.6864,
WT+X1,1,1890,1239.3265,
WT+X1,1,1891,1180.7273,
WT+X1,1,1892,956.686,
WT+X1,1,1893,1192.356,
WT+X1,1,1894,1167.4481,
WT+X1,1,1895,1348.7047,
WT+X1,1,1896,1176.9445,
WT+X1,1,1897,1010.2,
WT+X1,1,1898,881.0961,
WT+X1,1,1899,1148.686,
WT+X1,1,1900,1088.6621,
WT+X1,1,1901,1078.332,
WT+X1,1,1902,1300.375,
WT+X1,1,1903,1787.6686,
WT+X1,1,1904,458.5306,
WT+X1,1,1905,1181.7931,
WT+X1,1,1906,758.5846,
WT+X1,1,1907,1110.42,
WT+X1,1,1908,1200.2146,
WT+X1,1,1909,1051.2826,
WT+X1,1,1910,1072.0454,
WT+X1,1,1911,1285.7567,
WT+X1,1,1912,1342.6216,
WT+X1,1,1913,1441.2693,
WT+X1,1,1914,1102.7693,
WT+X1,1,1915,1005.6595,
WT+X1,1,1916,1073.6316,
WT+X1,1,1917,1022.169,
WT+X1,1,1918,896.7955,
WT+X1,1,1919,957.548,
WT+X1,1,1920,913.0336,
WT+X1,1,1921,651.3987,
WT+X1,1,1922,1127.0398,
WT+X1,1,1923,414.0921,
WT+X1,1,1924,1157.5275,
WT+X1,1,1925,991.7213,
WT+X1,1,1926,1106.8636,
WT+X1,1,1927,1036.5935,
WT+X1,1,1928,1128.3247,
WT+X1,1,1929,2613.78,
WT+X1,1,1930,1123.2094,
WT+X1,1,1931,1284.2882,
WT+X1,1,1932,1273.2892,
WT+X1,1,1933,1094.5393,
WT+X1,1,1934,982.1182,
WT+X1,1,1935,1012.0213,
WT+X1,1,1936,817.9053,
WT+X1,1,1937,1149.8241,
WT+X1,1,1938,984.9236,
WT+X1,1,1939,1348.6138,
WT+X1,1,1940,1129.5481,
WT+X1,1,1941,698.1494,
WT+X1,1,1942,1447.9176,
WT+X1,1,1943,1016.3894,
WT+X1,1,1944,992.5844,
WT+X1,1,1945,1209.2787,
WT+X1,1,1946,1104.5104,
WT+X1,1,1947,1082.2767,
WT+X1,1,1948,1309.3229,
WT+X1,1,1949,761.0122,
WT+X1,1,1950,1177.8522,
WT+X1,1,1951,1032.3176,
WT+X1,1,1952,1089.0444,
WT+X1,1,1953,1205.0909,
WT+X1,1,1954,1087.7192,
WT+X1,1,1955,1174.7368,
WT+X1,1,1956,971.0413,
WT+X1,1,1957,1267.1516,
WT+X1,1,1958,1270.4929,
WT+X1,1,1959,804.2787,
WT+X1,1,1960,1043.2523,
WT+X1,1,1961,1152.6714,
WT+X1,1,1962,1179.6534,
WT+X1,1,1963,902.4495,
WT+X1,1,1964,716.2125,
WT+X1,1,1965,488.1915,
WT+X1,1,1966,1015.6636,
WT+X1,1,1967,1016.188,
WT+X1,1,1968,1041.5172,
WT+X1,1,1969,1102.2478,
WT+X1,1,1970,1042.7255,
WT+X1,1,1971,897.1348,
WT+X1,1,1972,1201.2086,
WT+X1,1,1973,1176.365,
WT+X1,1,1974,916.3636,
WT+X1,1,1975,1063.365,
WT+X1,1,1976,1132.6154,
WT+X1,1,1977,934.8146,
WT+X1,1,1978,1653.2787,
WT+X1,1,1979,816.3724,
WT+X1,1,1980,672.098,
WT+X1,1,1981,1033.491,
WT+X1,1,1982,1205.692,
WT+X1,1,1983,803.0698,
WT+X1,1,1984,1017.9583,
WT+X1,1,1985,1048.6232,
WT+X1,1,1986,1461.8904,
WT+X1,1,1987,1052,
WT+X1,1,1988,969.2195,
WT+X1,1,1989,1126.6154,
WT+X1,1,1990,1069.5203,
WT+X1,1,1991,959.5455,
WT+X1,1,1992,624.6331,
WT+X1,1,1993,1059.254,
WT+X1,1,1994,817.937,
WT+X1,1,1995,998.2292,
WT+X1,1,1996,1094.5745,
WT+X1,1,1997,1041.9702,
WT+X1,1,1998,1202.3566,
WT+X1,1,1999,942.0114,
WT+X1,1,2000,958.5397,
WT+X1,1,2001,783.8987,
WT+X1,1,2002,549.1875,
WT+X1,1,2003,1020.1136,
WT+X1,1,2004,1043.2756,
WT+X1,1,2005,737.9773,
WT+X1,1,2006,967.6588,
WT+X1,1,2007,975.1805,
WT+X1,1,2008,1002.1296,
WT+X1,1,2009,1002.7381,
WT+X1,1,2010,1118.3462,
WT+X1,1,2011,1353.0563,
WT+X1,1,2012,995.5227,
WT+X1,1,2013,962.2025,
WT+X1,1,2014,592.7129,
WT+X1,1,2015,1053.5695,
WT+X1,1,2016,1313.4264,
WT+X1,1,2017,803.617,
WT+X1,1,2018,703.5405,
WT+X1,1,2019,986.5806,
WT+X1,1,2020,1385.3317,
WT+X1,1,2021,911.8403,
WT+X1,1,2022,953.9595,
WT+X1,1,2023,1078.896,
WT+X1,1,2024,1152.042,
WT+X1,1,2025,1207.2858,
WT+X1,1,2026,1212.6293,
WT+X1,1,2027,994.6087,
WT+X1,1,2028,966.7422,
WT+X1,1,2029,909.2768,
WT+X1,1,2030,851.9059,
WT+X1,1,2031,1459.8429,
WT+X1,1,2032,735.7398,
WT+X1,1,2033,873.5342,
WT+X1,1,2034,990.309,
WT+X1,1,2035,992.9359,
WT+X1,1,2036,1047.7526,
WT+X1,1,2037,1139.9,
WT+X1,1,2038,917.3945,
WT+X1,1,2039,1023.511,
WT+X1,1,2040,1053.8206,
WT+X1,1,2041,940.7895,
WT+X1,1,2042,913.9177,
WT+X1,1,2043,329.5544,
WT+X1,1,2044,1012.7065,
WT+X1,1,2045,1244.559,
WT+X1,1,2046,796.8411,
WT+X1,1,2047,951.781,
WT+X1,1,2048,716.3761,
WT+X1,1,2049,1050.8599,
WT+X1,1,2050,664.1772,
WT+X1,1,2051,1068.0454,
WT+X1,1,2052,1036.1626,
WT+X1,1,2053,1054.7151,
WT+X1,1,2054,1125.766,
WT+X1,1,2055,726.48,
WT+X1,1,2056,1284.2075,
WT+X1,1,2057,326.4588,
WT+X1,1,2058,702.7761,
WT+X1,1,2059,867.1556,
WT+X1,1,2060,1191.741,
WT+X1,1,2061,859.5258,
WT+X1,1,2062,866.0159,
WT+X1,1,2063,846.5345,
WT+X1,1,2064,949.3043,
WT+X1,1,2065,1073.5889,
WT+X1,1,2066,2574.0386,
WT+X1,1,2067,918.9469,
WT+X1,1,2068,986.9008,
WT+X1,1,2069,1663.7615,
WT+X1,1,2070,955.0425,
WT+X1,1,2071,1024.5918,
WT+X1,1,2072,1146.7699,
WT+X1,1,2073,855.2708,
WT+X1,1,2074,854.1042,
WT+X1,1,2075,1040.7664,
WT+X1,1,2076,727.7426,
WT+X1,1,2077,825.0641,
WT+X1,1,2078,849.7544,
WT+X1,1,2079,921.5442,
WT+X1,1,2080,705.9098,
WT+X1,1,2081,911.1379,
WT+X1,1,2082,763.4937,
WT+X1,1,2083,1084.9286,
WT+X1,1,2084,822.4091,
WT+X1,1,2085,950.6345,
WT+X1,1,2086,1503.1238,
WT+X1,1,2087,938.3186,
WT+X1,1,2088,942.8823,
WT+X1,1,2089,901.0986,
WT+X1,1,2090,902.8175,
WT+X1,1,2091,820.5104,
WT+X1,1,2092,886.6494,
WT+X1,1,2093,1212.6923,
WT+X1,1,2094,757.1719,
WT+X1,1,2095,894.6636,
WT+X1,1,2096,379.1111,
WT+X1,1,2097,1133.8871,
WT+X1,1,2098,992.5741,
WT+X1,1,2099,973.1468,
WT+X1,1,2100,950.0948,
WT+X1,1,2101,1990.6582,
WT+X1,1,2102,1666.8765,
WT+X1,1,2103,799.8703,
WT+X1,1,2104,1171.0978,
WT+X1,1,2105,908.3629,
WT+X1,1,2106,767.8013,
WT+X1,1,2107,897.2448,
WT+X1,1,2108,664.1398,
WT+X1,1,2109,798.3536,
WT+X1,1,2110,1017.1761,
WT+X1,1,2111,666.0922,
WT+X1,1,2112,880.1406,
WT+X1,1,2113,1394.7826,
WT+X1,1,2114,732.9758,
WT+X1,1,2115,970.3979,
WT+X1,1,2116,919.3603,
WT+X1,1,2117,963.7215,
WT+X1,1,2118,896.9496,
WT+X1,1,2119,1103.0923,
WT+X1,1,2120,866.747,
WT+X1,1,2121,924.5114,
WT+X1,1,2122,1065.1947,
WT+X1,1,2123,982.1081,
WT+X1,1,2124,983.2651,
WT+X1,1,2125,1001.7284,
WT+X1,1,2126,974.9469,
WT+X1,1,2127,902.0425,
KO,1,1,790.1346,
KO,1,2,632.3846,
KO,1,3,948.9053,
KO,1,4,657.0148,
KO,1,5,694.6129,
KO,1,6,795.4643,
KO,1,7,451.3605,
KO,1,8,573.9188,
KO,1,9,624.2517,
KO,1,10,787.7791,
KO,1,11,435.3323,
KO,1,12,1122.129,
KO,1,13,799.7703,
KO,1,14,779.7778,
KO,1,15,451.6076,
KO,1,16,746.9724,
KO,1,17,593.098,
KO,1,18,567.0035,
KO,1,19,470.9636,
KO,1,20,831.0777,
KO,1,21,744.2558,
KO,1,22,546.02,
KO,1,23,540.1312,
KO,1,24,731.8,
KO,1,25,327.2887,
KO,1,26,533.5268,
KO,1,27,484.7752,
KO,1,28,750.1143,
KO,1,29,514.5259,
KO,1,30,506.3421,
KO,1,31,428.117,
KO,1,32,1123.5,
KO,1,33,1051.6552,
KO,1,34,723.4121,
KO,1,35,420.9535,
KO,1,36,459.9081,
KO,1,37,1028.875,
KO,1,38,487.8916,
KO,1,39,488.8037,
KO,1,40,470.847,
KO,1,41,881.0614,
KO,1,42,413.2466,
KO,1,43,519.829,
KO,1,44,783.5283,
KO,1,45,801.9896,
KO,1,46,589.5409,
KO,1,47,1093.9752,
KO,1,48,1053.04,
KO,1,49,812.1639,
KO,1,50,820.4909,
KO,1,51,605.0491,
KO,1,52,870.12,
KO,1,53,1267.0923,
KO,1,54,1055.1,
KO,1,55,1126.0984,
KO,1,56,939.8658,
KO,1,57,1097.2667,
KO,1,58,580.4719,
KO,1,59,545.4,
KO,1,60,503.0915,
KO,1,61,743.2086,
KO,1,62,1197.58,
KO,1,63,597.9134,
KO,1,64,605.3428,
KO,1,65,933.8323,
KO,1,66,574.6377,
KO,1,67,560.2432,
KO,1,68,1043.2203,
KO,1,69,756.9025,
KO,1,70,1080.1428,
KO,1,71,821.2803,
KO,1,72,682.0988,
KO,1,73,744.1102,
KO,1,74,557.7579,
KO,1,75,627.5663,
KO,1,76,539.4117,
KO,1,77,830.1824,
KO,1,78,645.6484,
KO,1,79,563.0465,
KO,1,80,306.1667,
KO,1,81,522.4,
KO,1,82,663.526,
KO,1,83,634.369,
KO,1,84,3228.9436,
KO,1,85,407.3193,
KO,1,86,594.1934,
KO,1,87,509.32,
KO,1,88,796.1585,
KO,1,89,758.9161,
KO,1,90,885.6697,
KO,1,91,437.1101,
KO,1,92,416.8734,
KO,1,93,401.1935,
KO,1,94,654.1219,
KO,1,95,632.5952,
KO,1,96,722.4196,
KO,1,97,965.047,
KO,1,98,525.1409,
KO,1,99,893.0366,
KO,1,100,843,
KO,1,101,729.6588,
KO,1,102,583.3174,
KO,1,103,699.8062,
KO,1,104,836.8554,
KO,1,105,858.71,
KO,1,106,841.4807,
KO,1,107,976.3402,
KO,1,108,531.9747,
KO,1,109,494.7229,
KO,1,110,1045.6511,
KO,1,111,932.6794,
KO,1,112,501.6046,
KO,1,113,927.4742,
KO,1,114,729.0968,
KO,1,115,520.6226,
KO,1,116,1046.7262,
KO,1,117,834.4722,
KO,1,118,974.931,
KO,1,119,932.1517,
KO,1,120,864.2039,
KO,1,121,609.6135,
KO,1,122,613.3798,
KO,1,123,614.9901,
KO,1,124,689.627,
KO,1,125,724.9352,
KO,1,126,677.4382,
KO,1,127,813.8135,
KO,1,128,916.0396,
KO,1,129,455.825,
KO,1,130,988.75,
KO,1,131,837.1064,
KO,1,132,470.3172,
KO,1,133,633.3662,
KO,1,134,825.465,
KO,1,135,723.1509,
KO,1,136,572.3232,
KO,1,137,967.9185,
KO,1,138,632.8623,
KO,1,139,474.8539,
KO,1,140,675.7805,
KO,1,141,738.0156,
KO,1,142,948.5049,
KO,1,143,945.4097,
KO,1,144,708.2027,
KO,1,145,619.7969,
KO,1,146,439.8827,
KO,1,147,710.2574,
KO,1,148,672.2356,
KO,1,149,679.7295,
KO,1,150,533.9418,
KO,1,151,693.1689,
KO,1,152,758.6912,
KO,1,153,895.9615,
KO,1,154,673.6114,
KO,1,155,702.3488,
KO,1,156,727.9602,
KO,1,157,876.68,
KO,1,158,731.5942,
KO,1,159,860.7763,
KO,1,160,716.9504,
KO,1,161,502.1513,
KO,1,162,870.686,
KO,1,163,780.5486,
KO,1,164,667.5806,
KO,1,165,789.8029,
KO,1,166,674.2541,
KO,1,167,683.4867,
KO,1,168,749.375,
KO,1,169,780.0848,
KO,1,170,588.5366,
KO,1,171,777.631,
KO,1,172,608.7797,
KO,1,173,695.2477,
KO,1,174,619.4312,
KO,1,175,815.3402,
KO,1,176,675.8523,
KO,1,177,965.2295,
KO,1,178,900.2119,
KO,1,179,764.5185,
KO,1,180,725.12,
KO,1,181,801.5555,
KO,1,182,741.8929,
KO,1,183,765.1047,
KO,1,184,762.9737,
KO,1,185,782.4214,
KO,1,186,783.6875,
KO,1,187,605.8256,
KO,1,188,860.45,
KO,1,189,873.7068,
KO,1,190,419.5179,
KO,1,191,917.6667,
KO,1,192,562.55,
KO,1,193,693.5652,
KO,1,194,762.5486,
KO,1,195,737.2099,
KO,1,196,846.806,
KO,1,197,682.1657,
KO,1,198,439.5367,
KO,1,199,667.0791,
KO,1,200,931.6014,
KO,1,201,595.4426,
KO,1,202,962.402,
KO,1,203,961.2376,
KO,1,204,810.925,
KO,1,205,856.4863,
KO,1,206,705.3506,
KO,1,207,690.1909,
KO,1,208,811.6319,
KO,1,209,988.6857,
KO,1,210,837.9153,
KO,1,211,767.8036,
KO,1,212,677.6899,
KO,1,213,781.6364,
KO,1,214,639.548,
KO,1,215,768.5346,
KO,1,216,639.2137,
KO,1,217,753.5555,
KO,1,218,709.45,
KO,1,219,960.1462,
KO,1,220,697.848,
KO,1,221,896.2561,
KO,1,222,764.7107,
KO,1,223,683.5,
KO,1,224,699.825,
KO,1,225,849.2133,
KO,1,226,757.3,
KO,1,227,1086.5223,
KO,1,228,654.4667,
KO,1,229,598.4014,
KO,1,230,771.0803,
KO,1,231,796.8286,
KO,1,232,780.4176,
KO,1,233,658.1299,
KO,1,234,684.7463,
KO,1,235,898.2941,
KO,1,236,814.5521,
KO,1,237,1221.816,
KO,1,238,1298.038,
KO,1,239,850.5512,
KO,1,240,751.1628,
KO,1,241,753.1695,
KO,1,242,875.9901,
KO,1,243,491.7667,
KO,1,244,890.3857,
KO,1,245,815.7731,
KO,1,246,1077.9833,
KO,1,247,757.7372,
KO,1,248,1296.6492,
KO,1,249,1068.5826,
KO,1,250,830.0345,
KO,1,251,648.4302,
KO,1,252,858.4828,
KO,1,253,721.0782,
KO,1,254,788.6316,
KO,1,255,964.8522,
KO,1,256,877.2174,
KO,1,257,669.4615,
KO,1,258,1111.4667,
KO,1,259,742.912,
KO,1,260,688.9423,
KO,1,261,772.9316,
KO,1,262,839.2328,
KO,1,263,715.1772,
KO,1,264,751.6808,
KO,1,265,727.0244,
KO,1,266,1030.9852,
KO,1,267,731.808,
KO,1,268,839.287,
KO,1,269,1490.0819,
KO,1,270,1005.087,
KO,1,271,736.8525,
KO,1,272,528.8571,
KO,1,273,793.3913,
KO,1,274,1372.4,
KO,1,275,739.9383,
KO,1,276,705.3353,
KO,1,277,613.5385,
KO,1,278,918.7615,
KO,1,279,834.3088,
KO,1,280,919.55,
KO,1,281,956.7151,
KO,1,282,766.6259,
KO,1,283,993.7808,
KO,1,284,879.0392,
KO,1,285,1172.9896,
KO,1,286,857.6486,
KO,1,287,777.193,
KO,1,288,420.8625,
KO,1,289,739.1887,
KO,1,290,853.871,
KO,1,291,992.8036,
KO,1,292,975.1656,
KO,1,293,2524.9194,
KO,1,294,977.5946,
KO,1,295,891.3171,
KO,1,296,801.9617,
KO,1,297,856.7049,
KO,1,298,773.2388,
KO,1,299,979.3734,
KO,1,300,660.9828,
KO,1,301,803.6506,
KO,1,302,566.0806,
KO,1,303,780.1011,
KO,1,304,691.401,
KO,1,305,679.1945,
KO,1,306,742.9739,
KO,1,307,528.8055,
KO,1,308,769.5,
KO,1,309,649.4893,
KO,1,310,504.36,
KO,1,311,850.0821,
KO,1,312,788.5366,
KO,1,313,768.8925,
KO,1,314,728.0411,
KO,1,315,664.8864,
KO,1,316,907.4655,
KO,1,317,889.0574,
KO,1,318,1411.433,
KO,1,319,2083.625,
KO,1,320,1056.8015,
KO,1,321,816.7647,
KO,1,322,1072.2319,
KO,1,323,776.0814,
KO,1,324,960.8571,
KO,1,325,671.5655,
KO,1,326,816.5846,
KO,1,327,626.3182,
KO,1,328,844.0448,
KO,1,329,691.2864,
KO,1,330,954.0145,
KO,1,331,1026.4587,
KO,1,332,678.3387,
KO,1,333,866.1653,
KO,1,334,1132.4939,
KO,1,335,797.8451,
KO,1,336,595.7805,
KO,1,337,919.9155,
KO,1,338,917.2197,
KO,1,339,606.1855,
KO,1,340,808.1342,
KO,1,341,871.5377,
KO,1,342,538.7846,
KO,1,343,593.42,
KO,1,344,698.6406,
KO,1,345,640.176,
KO,1,346,545.0488,
KO,1,347,843.7161,
KO,1,348,866.2424,
KO,1,349,832.7333,
KO,1,350,2754.6914,
KO,1,351,2792.813,
KO,1,352,1218.4639,
KO,1,353,1226.8572,
KO,1,354,575.7826,
KO,1,355,718.7177,
KO,1,356,680.8483,
KO,1,357,702.8735,
KO,1,358,1730.4733,
KO,1,359,765.7639,
KO,1,360,678.0989,
KO,1,361,893.9677,
KO,1,362,834.36,
KO,1,363,828.6063,
KO,1,364,616.0091,
KO,1,365,673.9794,
KO,1,366,886.3684,
KO,1,367,669.2662,
KO,1,368,676.5868,
KO,1,369,736.0422,
KO,1,370,887.7222,
KO,1,371,864.8095,
KO,1,372,678.3259,
KO,1,373,1461.6868,
KO,1,374,893.4716,
KO,1,375,793.3458,
KO,1,376,551.2925,
KO,1,377,1051.7701,
KO,1,378,691.0843,
KO,1,379,742.7667,
KO,1,380,1050.3168,
KO,1,381,3407.3679,
KO,1,382,3214.1709,
KO,1,383,862.5,
KO,1,384,948.2451,
KO,1,385,601.4815,
KO,1,386,867.2681,
KO,1,387,992.619,
KO,1,388,731.9097,
KO,1,389,601.9363,
KO,1,390,955.1384,
KO,1,391,523.2426,
KO,1,392,1428.1915,
KO,1,393,660.375,
KO,1,394,942.7949,
KO,1,395,1739.0745,
KO,1,396,809.4247,
KO,1,397,1460.4625,
KO,1,398,596.6518,
KO,1,399,931.3333,
KO,1,400,833.8815,
KO,1,401,432.5427,
KO,1,402,692.4907,
KO,1,403,603.0912,
KO,1,404,728.9565,
KO,1,405,1959.5632,
KO,1,406,480.3008,
KO,1,407,1256.6396,
KO,1,408,955.76,
KO,1,409,642.243,
KO,1,410,644.123,
KO,1,411,778.0914,
KO,1,412,568.4086,
KO,1,413,648.9493,
KO,1,414,1344.7241,
KO,1,415,796.2137,
KO,1,416,590.1949,
KO,1,417,876.9806,
KO,1,418,821.9061,
KO,1,419,575.1212,
KO,1,420,1005.7712,
KO,1,421,635.3965,
KO,1,422,1840.2,
KO,1,423,962.7045,
KO,1,424,672.9429,
KO,1,425,474.7778,
KO,1,426,749.4158,
KO,1,427,935.8461,
KO,1,428,717.6739,
KO,1,429,675.5638,
KO,1,430,1005.3818,
KO,1,431,1149.1593,
KO,1,432,681.6063,
KO,1,433,308.0898,
KO,1,434,651.9167,
KO,1,435,1708.59,
KO,1,436,1018.5505,
KO,1,437,713.5593,
KO,1,438,823.9514,
KO,1,439,895.1918,
KO,1,440,696.847,
KO,1,441,934.2308,
KO,1,442,842.8982,
KO,1,443,665.3,
KO,1,444,522.9497,
KO,1,445,935.31,
KO,1,446,845.6639,
KO,1,447,442.1143,
KO,1,448,441.1639,
KO,1,449,605.4802,
KO,1,450,709.0225,
KO,1,451,974.7857,
KO,1,452,2670.1794,
KO,1,453,817.0476,
KO,1,454,698.0844,
KO,1,455,799.8544,
KO,1,456,1026.5571,
KO,1,457,642.2727,
KO,1,458,1589.8308,
KO,1,459,1137.7632,
KO,1,460,1081.6283,
KO,1,461,796.2667,
KO,1,462,729.7778,
KO,1,463,873.7869,
KO,1,464,922.1957,
KO,1,465,741.4247,
KO,1,466,655.2,
KO,1,467,699.7099,
KO,1,468,1079.1346,
KO,1,469,833.125,
KO,1,470,1067.1718,
KO,1,471,1294.9038,
KO,1,472,1003.1884,
KO,1,473,4247.896,
KO,1,474,659.5185,
KO,1,475,484.6892,
KO,1,476,702.5197,
KO,1,477,1134.3585,
KO,1,478,1048.9012,
KO,1,479,654.5202,
KO,1,480,852.5981,
KO,1,481,659.1611,
KO,1,482,2645.0227,
KO,1,483,590.7518,
KO,1,484,960.7977,
KO,1,485,566.1719,
KO,1,486,746.2526,
KO,1,487,1098.3287,
KO,1,488,797.663,
KO,1,489,1381.4031,
KO,1,490,3918.0862,
KO,1,491,571.752,
KO,1,492,1040.5928,
KO,1,493,660.2064,
KO,1,494,799.6518,
KO,1,495,882.4935,
KO,1,496,771.6827,
KO,1,497,613.2625,
KO,1,498,802.3333,
KO,1,499,1190.566,
KO,1,500,656.9,
KO,1,501,866.2556,
KO,1,502,1306.5758,
KO,1,503,1688.2354,
KO,1,504,4759.4492,
KO,1,505,795.0632,
KO,1,506,1035.4906,
KO,1,507,902.06,
KO,1,508,1651.5116,
KO,1,509,978.8383,
KO,1,510,3093.5957,
KO,1,511,520.5462,
KO,1,512,761.5175,
KO,1,513,691.0233,
KO,1,514,1428.65,
KO,1,515,815.385,
KO,1,516,3399.1333,
KO,1,517,1277.7,
KO,1,518,1979.4241,
KO,1,519,1127.8395,
KO,1,520,594.9694,
KO,1,521,1149.9208,
KO,1,522,1108.9038,
KO,1,523,2889.3557,
KO,1,524,833,
KO,1,525,627.7115,
KO,1,526,668.619,
KO,1,527,814.8326,
KO,1,528,627.028,
KO,1,529,601.069,
KO,1,530,1056.804,
KO,1,531,730.5372,
KO,1,532,1462.9872,
KO,1,533,531.1031,
KO,1,534,660.9921,
KO,1,535,812.689,
KO,1,536,594.7308,
KO,1,537,649.1484,
KO,1,538,1421.1608,
KO,1,539,1438.6301,
KO,1,540,866.2273,
KO,1,541,1213.5896,
KO,1,542,647.9415,
KO,1,543,993.9011,
KO,1,544,3348.5322,
KO,1,545,850.5955,
KO,1,546,740.5252,
KO,1,547,2399.4941,
KO,1,548,991.3246,
KO,1,549,657.0098,
KO,1,550,2325,
KO,1,551,1027.9636,
KO,1,552,777.0625,
KO,1,553,1302.2667,
KO,1,554,1494.175,
KO,1,555,838.8737,
KO,1,556,632.95,
KO,1,557,1573.7592,
KO,1,558,722.869,
KO,1,559,600.8979,
KO,1,560,1037.6132,
KO,1,561,536.3842,
KO,1,562,1120.0317,
KO,1,563,1026.2616,
KO,1,564,944.193,
KO,1,565,809.5582,
KO,1,566,557.2045,
KO,1,567,509.4717,
KO,1,568,900.1091,
KO,1,569,927.0728,
KO,1,570,515.1389,
KO,1,571,624.4471,
KO,1,572,669.9445,
KO,1,573,650.4379,
KO,1,574,633.4204,
KO,1,575,1525.4375,
KO,1,576,691.6909,
KO,1,577,1358.2826,
KO,1,578,1057.6311,
KO,1,579,700.5244,
KO,1,580,515.087,
KO,1,581,577.0104,
KO,1,582,538.2253,
KO,1,583,1054.3265,
KO,1,584,520.2143,
KO,1,585,1370.2222,
KO,1,586,618,
KO,1,587,1534.3071,
KO,1,588,1499.7878,
KO,1,589,1204.5587,
KO,1,590,579.7869,
KO,1,591,529.7864,
KO,1,592,597.1449,
KO,1,593,856.9231,
KO,1,594,974.4138,
KO,1,595,658.6129,
KO,1,596,924,
KO,1,597,1322.1691,
KO,1,598,698.6735,
KO,1,599,577.823,
KO,1,600,1893.3621,
KO,1,601,592.8028,
KO,1,602,658.284,
KO,1,603,658.5753,
KO,1,604,709.4185,
KO,1,605,623.9059,
KO,1,606,1186.1296,
KO,1,607,3644.3945,
KO,1,608,1522.2128,
KO,1,609,1544.7946,
KO,1,610,815.6721,
KO,1,611,594.7828,
KO,1,612,1005.8195,
KO,1,613,1304,
KO,1,614,801.625,
KO,1,615,546.2353,
KO,1,616,1447.151,
KO,1,617,669.6548,
KO,1,618,673.1293,
KO,1,619,603.9286,
KO,1,620,2981.292,
KO,1,621,955.0255,
KO,1,622,1645.3433,
KO,1,623,798.1413,
KO,1,624,1108.9406,
KO,1,625,1313.8375,
KO,1,626,648.4583,
KO,1,627,600.2903,
KO,1,628,1058.4286,
KO,1,629,816.9117,
KO,1,630,801.9796,
KO,1,631,761.2442,
KO,1,632,529.3461,
KO,1,633,721.6938,
KO,1,634,838.4588,
KO,1,635,3589.23,
KO,1,636,1446.1896,
KO,1,637,769.2,
KO,1,638,697.6731,
KO,1,639,761.1805,
KO,1,640,712.8281,
KO,1,641,794.5246,
KO,1,642,349.4438,
KO,1,643,762.5815,
KO,1,644,663.75,
KO,1,645,1413.4413,
KO,1,646,798.882,
KO,1,647,1415.75,
KO,1,648,575.1348,
KO,1,649,744.2754,
KO,1,650,523.9048,
KO,1,651,810.8986,
KO,1,652,709.7818,
KO,1,653,1003.3674,
KO,1,654,734.3684,
KO,1,655,713.2418,
KO,1,656,506.68,
KO,1,657,983.688,
KO,1,658,2031.09,
KO,1,659,2432.8,
KO,1,660,2443.4937,
KO,1,661,2692.3408,
KO,1,662,788.38,
KO,1,663,934.3402,
KO,1,664,1018.6744,
KO,1,665,686.392,
KO,1,666,1181.9695,
KO,1,667,634.468,
KO,1,668,1569.6666,
KO,1,669,731.1111,
KO,1,670,1665.1547,
KO,1,671,915.0704,
KO,1,672,942.3505,
KO,1,673,878.2794,
KO,1,674,791.6705,
KO,1,675,1837.2087,
KO,1,676,1450.6393,
KO,1,677,722.1667,
KO,1,678,752.7973,
KO,1,679,1680.4623,
KO,1,680,574.1221,
KO,1,681,605.2759,
KO,1,682,603.5122,
KO,1,683,614.9856,
KO,1,684,1298.6227,
KO,1,685,694.1392,
KO,1,686,1319.2621,
KO,1,687,993.4143,
KO,1,688,1931.875,
KO,1,689,4332.9565,
KO,1,690,1437.2118,
KO,1,691,1205.6239,
KO,1,692,1693.5625,
KO,1,693,490.9259,
KO,1,694,3014.8245,
KO,1,695,723.7207,
KO,1,696,1288.5344,
KO,1,697,1593.5583,
KO,1,698,651.1818,
KO,1,699,548.6824,
KO,1,700,1409.973,
KO,1,701,742.6508,
KO,1,702,703.1966,
KO,1,703,1178.3032,
KO,1,704,715.4915,
KO,1,705,573.1945,
KO,1,706,1558.3088,
KO,1,707,728.2885,
KO,1,708,680.5287,
KO,1,709,959.3871,
KO,1,710,661.8434,
KO,1,711,862.7053,
KO,1,712,947.5714,
KO,1,713,808.7439,
KO,1,714,578.1484,
KO,1,715,1057.3534,
KO,1,716,917.2209,
KO,1,717,592.21,
KO,1,718,876.3143,
KO,1,719,741.2353,
KO,1,720,649.8025,
KO,1,721,1478.7428,
KO,1,722,1771.1415,
KO,1,723,4802.8843,
KO,1,724,966.7745,
KO,1,725,2132.6052,
KO,1,726,735.3708,
KO,1,727,1000.8305,
KO,1,728,2130.5374,
KO,1,729,785.74,
KO,1,730,531.101,
KO,1,731,1191.8074,
KO,1,732,935.4524,
KO,1,733,1324.9528,
KO,1,734,607.2078,
KO,1,735,1141,
KO,1,736,773.0078,
KO,1,737,654.9489,
KO,1,738,970.8535,
KO,1,739,543.8409,
KO,1,740,1595.2457,
KO,1,741,770.7478,
KO,1,742,1132.5084,
KO,1,743,575.1695,
KO,1,744,1052.9081,
KO,1,745,940.9172,
KO,1,746,609.0435,
KO,1,747,934.136,
KO,1,748,1522.5546,
KO,1,749,1293.9774,
KO,1,750,560.7961,
KO,1,751,2337.282,
KO,1,752,648.6322,
KO,1,753,653.2349,
KO,1,754,614.0614,
KO,1,755,534.7982,
KO,1,756,1410.7734,
KO,1,757,576.2817,
KO,1,758,1109.29,
KO,1,759,608.0422,
KO,1,760,2240.3069,
KO,1,761,2814.8132,
KO,1,762,550.9434,
KO,1,763,906.6977,
KO,1,764,558.85,
KO,1,765,712.1334,
KO,1,766,481.8018,
KO,1,767,2062.7627,
KO,1,768,1236.12,
KO,1,769,1264.0786,
KO,1,770,815.3509,
KO,1,771,879.2368,
KO,1,772,1161.1681,
KO,1,773,547.1515,
KO,1,774,508.5441,
KO,1,775,644.0341,
KO,1,776,632.0481,
KO,1,777,458.8389,
KO,1,778,721.1334,
KO,1,779,764.6667,
KO,1,780,2795.5493,
KO,1,781,884.4324,
KO,1,782,531.7778,
KO,1,783,574.7304,
KO,1,784,658.8913,
KO,1,785,631.2407,
KO,1,786,579.7455,
KO,1,787,1834.4084,
KO,1,788,807.2381,
KO,1,789,842.0723,
KO,1,790,700.8347,
KO,1,791,2160.689,
KO,1,792,520.3256,
KO,1,793,1066.0238,
KO,1,794,1404.6239,
KO,1,795,695.468,
KO,1,796,1359.8022,
KO,1,797,555.4612,
KO,1,798,925.4329,
KO,1,799,593.0732,
KO,1,800,545.8162,
KO,1,801,3388.6001,
KO,1,802,1098.3478,
KO,1,803,603.8333,
KO,1,804,1320.5442,
KO,1,805,452.3803,
KO,1,806,1596.9302,
KO,1,807,870.1367,
KO,1,808,1361.4445,
KO,1,809,708.1,
KO,1,810,577.5185,
KO,1,811,721.8472,
KO,1,812,994.2933,
KO,1,813,564.4653,
KO,1,814,1323.1089,
KO,1,815,1771.6504,
KO,1,816,665.9412,
KO,1,817,630.1416,
KO,1,818,2044.9595,
KO,1,819,560.4662,
KO,1,820,617.9864,
KO,1,821,841.6863,
KO,1,822,1726.9276,
KO,1,823,1887.2676,
KO,1,824,1293.3226,
KO,1,825,664.8798,
KO,1,826,545.7164,
KO,1,827,1206.2258,
KO,1,828,480.88,
KO,1,829,1400.3394,
KO,1,830,533.2911,
KO,1,831,958.2812,
KO,1,832,2355.5413,
KO,1,833,1002.375,
KO,1,834,1069.197,
KO,1,835,781.3588,
KO,1,836,1259.55,
KO,1,837,461.7724,
KO,1,838,1456.3937,
KO,1,839,483.1228,
KO,1,840,1512.7821,
KO,1,841,489.8033,
KO,1,842,1087.7716,
KO,1,843,3075.8792,
KO,1,844,1601.8323,
KO,1,845,2574.1667,
KO,1,846,1735.7395,
KO,1,847,681.7289,
KO,1,848,975.2683,
KO,1,849,491.0575,
KO,1,850,1697.3889,
KO,1,851,637.6754,
KO,1,852,1645.151,
KO,1,853,682.8442,
KO,1,854,376.2626,
KO,1,855,637.9957,
KO,1,856,374.0222,
KO,1,857,1039.6666,
KO,1,858,339.9062,
KO,1,859,1122.0646,
KO,1,860,1210.2538,
KO,1,861,2050.3413,
KO,1,862,416.8743,
KO,1,863,2844.4473,
KO,1,864,615.5294,
KO,1,865,1027.9868,
KO,1,866,741.6567,
KO,1,867,596.099,
KO,1,868,478.6107,
KO,1,869,1058.9517,
KO,1,870,552,
KO,1,871,1350.699,
KO,1,872,494.5353,
KO,1,873,1302.8334,
KO,1,874,547.4835,
KO,1,875,2188.8708,
KO,1,876,1559.7374,
KO,1,877,602.5909,
KO,1,878,1850.6714,
KO,1,879,356.2375,
KO,1,880,702.0916,
KO,1,881,942.6282,
KO,1,882,706.6216,
KO,1,883,566.4849,
KO,1,884,1673.5834,
KO,1,885,1337.5167,
KO,1,886,1255.54,
KO,1,887,1325.3,
KO,1,888,1268.6133,
KO,1,889,586.9895,
KO,1,890,1160.6636,
KO,1,891,432.6385,
KO,1,892,673.8983,
KO,1,893,576.811,
KO,1,894,1016.1594,
KO,1,895,524.8621,
KO,1,896,1422.6591,
KO,1,897,517.0291,
KO,1,898,1034.8397,
KO,1,899,528.7973,
KO,1,900,982.5886,
KO,1,901,1171.4412,
KO,1,902,2210.3301,
KO,1,903,1213.23,
KO,1,904,1482.0803,
KO,1,905,533.4348,
KO,1,906,823.5973,
KO,1,907,508.0608,
KO,1,908,1113.4067,
KO,1,909,2961.3333,
KO,1,910,584.0648,
KO,1,911,751.2419,
KO,1,912,550.2059,
KO,1,913,558.5267,
KO,1,914,1519.009,
KO,1,915,532.8418,
KO,1,916,504.975,
KO,1,917,1254.1813,
KO,1,918,2485.4111,
KO,1,919,442.5769,
KO,1,920,1183.2158,
KO,1,921,744.7668,
KO,1,922,201.7411,
KO,1,923,584.358,
KO,1,924,1947.6737,
KO,1,925,1235.0776,
KO,1,926,2174.082,
KO,1,927,2452.9519,
KO,1,928,1209.74,
KO,1,929,439.3298,
KO,1,930,359.5504,
KO,1,931,1669.954,
KO,1,932,1554.146,
KO,1,933,933,
KO,1,934,329.0417,
KO,1,935,538.7333,
KO,1,936,2479.6423,
KO,1,937,2405.8994,
KO,1,938,930.7256,
KO,1,939,1172.8469,
KO,1,940,418.3229,
KO,1,941,524.3333,
KO,1,942,603.2647,
KO,1,943,461.9839,
KO,1,944,1812.5238,
KO,1,945,868.4053,
KO,1,946,1969.1982,
KO,1,947,860.4012,
KO,1,948,526.3593,
KO,1,949,953.2248,
KO,1,950,851.1309,
KO,1,951,1983.3077,
KO,1,952,2091.6548,
KO,1,953,1725.1989,
KO,1,954,1962.579,
KO,1,955,1934.807,
KO,1,956,543.9806,
KO,1,957,1232.8822,
KO,1,958,1392.7979,
KO,1,959,2631.3291,
KO,1,960,508.5743,
KO,1,961,609.0802,
KO,1,962,513.1097,
KO,1,963,525.4798,
KO,1,964,467.5,
KO,1,965,1384.1196,
KO,1,966,472.3636,
KO,1,967,716.6887,
KO,1,968,1147.1136,
KO,1,969,1774.8108,
KO,1,970,512.7004,
KO,1,971,437.4731,
KO,1,972,1703.9095,
KO,1,973,497.3207,
KO,1,974,1714.7778,
KO,1,975,671.8506,
KO,1,976,2132.875,
KO,1,977,2106.1689,
KO,1,978,715.4333,
KO,1,979,2288.1013,
KO,1,980,527.7706,
KO,1,981,497.6263,
KO,1,982,537.3246,
KO,1,983,597.202,
KO,1,984,718.4233,
KO,1,985,977.5596,
KO,1,986,1085.6372,
KO,1,987,467.44,
KO,1,988,1930.1267,
KO,1,989,1106.3704,
KO,1,990,538.7864,
KO,1,991,1182.5361,
KO,1,992,565.3174,
KO,1,993,773.786,
KO,1,994,1895.2932,
KO,1,995,2790.9333,
KO,1,996,947.4167,
KO,1,997,1967.4189,
KO,1,998,965.8065,
KO,1,999,2174.093,
KO,1,1000,2898.376,
KO,1,1001,1484.4222,
KO,1,1002,451.3789,
KO,1,1003,562.1839,
KO,1,1004,851.5696,
KO,1,1005,1179.1008,
KO,1,1006,1042.4445,
KO,1,1007,3325.3743,
KO,1,1008,725,
KO,1,1009,782.5185,
KO,1,1010,2370.8572,
KO,1,1011,786.52,
KO,1,1012,574.9434,
KO,1,1013,1141.604,
KO,1,1014,2108.918,
KO,1,1015,533.7083,
KO,1,1016,1955.0728,
KO,1,1017,522.6786,
KO,1,1018,1138.3049,
KO,1,1019,836.8678,
KO,1,1020,512.3058,
KO,1,1021,1020.9537,
KO,1,1022,1273.8511,
KO,1,1023,839.7121,
KO,1,1024,809.1852,
KO,1,1025,560.5238,
KO,1,1026,1334.3036,
KO,1,1027,2060.5566,
KO,1,1028,2563.793,
KO,1,1029,830.0076,
KO,1,1030,628.1558,
KO,1,1031,1135.7241,
KO,1,1032,3175.9343,
KO,1,1033,612,
KO,1,1034,586.5806,
KO,1,1035,563.4737,
KO,1,1036,478.3896,
KO,1,1037,596.1562,
KO,1,1038,767.14,
KO,1,1039,851.5143,
KO,1,1040,715.7922,
KO,1,1041,1957.8284,
KO,1,1042,1247.9507,
KO,1,1043,3293.8262,
KO,1,1044,1343.1746,
KO,1,1045,2257.8142,
KO,1,1046,589.7771,
KO,1,1047,1226.5045,
KO,1,1048,1120.6555,
KO,1,1049,740.3488,
KO,1,1050,793.4476,
KO,1,1051,2504.8193,
KO,1,1052,2218.8013,
KO,1,1053,530.1177,
KO,1,1054,838.587,
KO,1,1055,1119.8392,
KO,1,1056,2543.3833,
KO,1,1057,659.5132,
KO,1,1058,1399.5613,
KO,1,1059,521.6337,
KO,1,1060,1876.9231,
KO,1,1061,1594.5385,
KO,1,1062,2018.4138,
KO,1,1063,1242.9688,
KO,1,1064,525.1358,
KO,1,1065,2099.5056,
KO,1,1066,1805.3074,
KO,1,1067,446.9333,
KO,1,1068,730.5106,
KO,1,1069,2557.6038,
KO,1,1070,1549.6046,
KO,1,1071,862.46,
KO,1,1072,772.1163,
KO,1,1073,2053.7231,
KO,1,1074,3136.7175,
KO,1,1075,2699.5625,
KO,1,1076,903.252,
KO,1,1077,483.1194,
KO,1,1078,972.5959,
KO,1,1079,811.4545,
KO,1,1080,2529.3708,
KO,1,1081,1410.6818,
KO,1,1082,1013.2846,
KO,1,1083,1693.7551,
KO,1,1084,1559.4314,
KO,1,1085,1625.3602,
KO,1,1086,634.6064,
KO,1,1087,712.2673,
KO,1,1088,681.0966,
KO,1,1089,661.3834,
KO,1,1090,441.3786,
KO,1,1091,2434.458,
KO,1,1092,935.9438,
KO,1,1093,517.6475,
KO,1,1094,657.3353,
KO,1,1095,1389.6194,
KO,1,1096,1841.9387,
KO,1,1097,1073.1628,
KO,1,1098,2637.3225,
KO,1,1099,553.8571,
KO,1,1100,1895.8112,
KO,1,1101,950.8798,
KO,1,1102,1797.5,
KO,1,1103,1144.9532,
KO,1,1104,1691.75,
KO,1,1105,3093.478,
KO,1,1106,628.9321,
KO,1,1107,521.558,
KO,1,1108,1079.3959,
KO,1,1109,910.1837,
KO,1,1110,1185.4609,
KO,1,1111,3282.2903,
KO,1,1112,1492.1031,
KO,1,1113,2300.3584,
KO,1,1114,841.6959,
KO,1,1115,866.0186,
KO,1,1116,519.9845,
KO,1,1117,558.6871,
KO,1,1118,558.1334,
KO,1,1119,712.4218,
KO,1,1120,662.8333,
KO,1,1121,451.955,
KO,1,1122,518.1221,
KO,1,1123,679.3865,
KO,1,1124,2462.5386,
KO,1,1125,1956.0582,
KO,1,1126,427.1818,
KO,1,1127,896.6895,
KO,1,1128,922.855,
KO,1,1129,661.356,
KO,1,1130,1945.3943,
KO,1,1131,1912.7815,
KO,1,1132,923.5634,
KO,1,1133,2637.9131,
KO,1,1134,1969.2374,
KO,1,1135,864.5417,
KO,1,1136,504.5714,
KO,1,1137,444.9015,
KO,1,1138,855.1099,
KO,1,1139,962.4304,
KO,1,1140,2089.28,
KO,1,1141,1555.0488,
KO,1,1142,637.7979,
KO,1,1143,1299.8641,
KO,1,1144,871.983,
KO,1,1145,602.1312,
KO,1,1146,864.3058,
KO,1,1147,2202.301,
KO,1,1148,685.8923,
KO,1,1149,501.5645,
KO,1,1150,525.8357,
KO,1,1151,1382.2209,
KO,1,1152,1276.0339,
KO,1,1153,717.6731,
KO,1,1154,603.9854,
KO,1,1155,463.1429,
KO,1,1156,2057.2021,
KO,1,1157,510.6429,
KO,1,1158,953.2441,
KO,1,1159,1355.7312,
KO,1,1160,682.5789,
KO,1,1161,499.8315,
KO,1,1162,488.6949,
KO,1,1163,1836.8914,
KO,1,1164,1171.5527,
KO,1,1165,560.1837,
KO,1,1166,416.9709,
KO,1,1167,2209.6885,
KO,1,1168,493.5766,
KO,1,1169,2094.0728,
KO,1,1170,2054.3406,
KO,1,1171,2282.3215,
KO,1,1172,1400.9091,
KO,1,1173,559.2125,
KO,1,1174,981.2593,
KO,1,1175,725.4799,
KO,1,1176,1325.0785,
KO,1,1177,1949.9395,
KO,1,1178,1096.4878,
KO,1,1179,566.4727,
KO,1,1180,1491.8766,
KO,1,1181,1184.4884,
KO,1,1182,961.2963,
KO,1,1183,554.0548,
KO,1,1184,2144.6714,
KO,1,1185,452.9456,
KO,1,1186,1015.5258,
KO,1,1187,1905.106,
KO,1,1188,1181.8284,
KO,1,1189,1072.4534,
KO,1,1190,1075.1938,
KO,1,1191,1622.3735,
KO,1,1192,1833.2075,
KO,1,1193,494.5407,
KO,1,1194,1362.7787,
KO,1,1195,537.11,
KO,1,1196,853.7443,
KO,1,1197,426.2963,
KO,1,1198,365.3356,
KO,1,1199,834.3383,
KO,1,1200,884.6451,
KO,1,1201,1386.4181,
KO,1,1202,1657.0216,
KO,1,1203,582.2418,
KO,1,1204,1243.9392,
KO,1,1205,1110.5587,
KO,1,1206,461.7295,
KO,1,1207,1331.7811,
KO,1,1208,881.5714,
KO,1,1209,1178.9254,
KO,1,1210,392.2809,
KO,1,1211,1151.8903,
KO,1,1212,1795.203,
KO,1,1213,1916.1692,
KO,1,1214,524.6036,
KO,1,1215,987.2,
KO,1,1216,1038.9204,
KO,1,1217,2390.595,
KO,1,1218,1902.5161,
KO,1,1219,2009,
KO,1,1220,457.9747,
KO,1,1221,1018.9496,
KO,1,1222,1630.8772,
KO,1,1223,425.0519,
KO,1,1224,393.5674,
KO,1,1225,1104.8545,
KO,1,1226,1038.7512,
KO,1,1227,1584.8069,
KO,1,1228,1445.2928,
KO,1,1229,760.3418,
KO,1,1230,507.6442,
KO,1,1231,1710.4945,
KO,1,1232,578.4773,
KO,1,1233,1928.5364,
KO,1,1234,488.3596,
KO,1,1235,1292.7067,
KO,1,1236,545.8571,
KO,1,1237,1233.5646,
KO,1,1238,1050.8901,
KO,1,1239,506.9804,
KO,1,1240,776.3975,
KO,1,1241,2033.0515,
KO,1,1242,1156.4235,
KO,1,1243,961.4935,
KO,1,1244,1740.9849,
KO,1,1245,482.1364,
KO,1,1246,1948.2595,
KO,1,1247,882.2439,
KO,1,1248,2059.7136,
KO,1,1249,495.2222,
KO,1,1250,1034.5048,
KO,1,1251,1457.6172,
KO,1,1252,844.0233,
KO,1,1253,2832.8333,
KO,1,1254,521.4528,
KO,1,1255,2222.8291,
KO,1,1256,754.1489,
KO,1,1257,1001.5515,
KO,1,1258,809.28,
KO,1,1259,1178.4324,
KO,1,1260,1749.1456,
KO,1,1261,809.8599,
KO,1,1262,1765.8756,
KO,1,1263,560.5294,
KO,1,1264,930.6945,
KO,1,1265,515.9091,
KO,1,1266,445.6724,
KO,1,1267,931.8661,
KO,1,1268,857.2713,
KO,1,1269,759.362,
KO,1,1270,1312.4324,
KO,1,1271,667.4747,
KO,1,1272,1573.4965,
KO,1,1273,1045.4348,
KO,1,1274,979.6265,
KO,1,1275,564.1177,
KO,1,1276,765.8866,
KO,1,1277,1377.7174,
KO,1,1278,892.3357,
KO,1,1279,1389.0841,
KO,1,1280,745.2903,
KO,1,1281,449.2583,
KO,1,1282,655.9029,
KO,1,1283,546.9241,
KO,1,1284,721.1338,
KO,1,1285,634.9362,
KO,1,1286,670.8632,
KO,1,1287,572.5746,
KO,1,1288,1319.9091,
KO,1,1289,746.4554,
KO,1,1290,753.6917,
KO,1,1291,578.0563,
KO,1,1292,877.5692,
KO,1,1293,781.5577,
KO,1,1294,1041.4259,
KO,1,1295,849.9565,
KO,1,1296,887.4262,
KO,1,1297,618.4182,
KO,1,1298,713.4151,
KO,1,1299,1061.4791,
KO+X1,1,1,871.4445,
KO+X1,1,2,823.1625,
KO+X1,1,3,872.8977,
KO+X1,1,4,1313.9818,
KO+X1,1,5,1226.0577,
KO+X1,1,6,2196.9065,
KO+X1,1,7,1015.1097,
KO+X1,1,8,4075.3823,
KO+X1,1,9,989,
KO+X1,1,10,851.7521,
KO+X1,1,11,1070.0066,
KO+X1,1,12,1310.5,
KO+X1,1,13,4529.7197,
KO+X1,1,14,1121.4352,
KO+X1,1,15,1158.6289,
KO+X1,1,16,936.0769,
KO+X1,1,17,931.3464,
KO+X1,1,18,872.4,
KO+X1,1,19,1473.358,
KO+X1,1,20,1114.5714,
KO+X1,1,21,1202.7433,
KO+X1,1,22,928.0889,
KO+X1,1,23,1384.7263,
KO+X1,1,24,2014.2911,
KO+X1,1,25,2816.2104,
KO+X1,1,26,3873.561,
KO+X1,1,27,1128.8043,
KO+X1,1,28,881.15,
KO+X1,1,29,1144.7864,
KO+X1,1,30,1443.5,
KO+X1,1,31,1220.7205,
KO+X1,1,32,598.125,
KO+X1,1,33,3055.916,
KO+X1,1,34,756.2,
KO+X1,1,35,2047.9557,
KO+X1,1,36,2465.9873,
KO+X1,1,37,1487.0325,
KO+X1,1,38,736.2571,
KO+X1,1,39,868.1729,
KO+X1,1,40,2075.1289,
KO+X1,1,41,1474.3334,
KO+X1,1,42,1340.9915,
KO+X1,1,43,1405.8507,
KO+X1,1,44,1208.0193,
KO+X1,1,45,2262.4285,
KO+X1,1,46,1293.931,
KO+X1,1,47,1257.3334,
KO+X1,1,48,1328.7595,
KO+X1,1,49,1187.1021,
KO+X1,1,50,1324.0297,
KO+X1,1,51,2138.8708,
KO+X1,1,52,1125.8136,
KO+X1,1,53,1219.5193,
KO+X1,1,54,1609.6582,
KO+X1,1,55,1339.5504,
KO+X1,1,56,1203.4475,
KO+X1,1,57,3214.011,
KO+X1,1,58,1852.5664,
KO+X1,1,59,816.9048,
KO+X1,1,60,1291.4032,
KO+X1,1,61,1094.037,
KO+X1,1,62,2138.3999,
KO+X1,1,63,3956.5637,
KO+X1,1,64,1403.325,
KO+X1,1,65,1447.0605,
KO+X1,1,66,1147.0723,
KO+X1,1,67,1121.5397,
KO+X1,1,68,1054.1666,
KO+X1,1,69,1542.1912,
KO+X1,1,70,2405.5881,
KO+X1,1,71,1308.8148,
KO+X1,1,72,1544.6636,
KO+X1,1,73,1665.8673,
KO+X1,1,74,1073.5518,
KO+X1,1,75,999.3043,
KO+X1,1,76,1515.1927,
KO+X1,1,77,1560.0698,
KO+X1,1,78,1947.8572,
KO+X1,1,79,701.8143,
KO+X1,1,80,2503.7705,
KO+X1,1,81,1361.0632,
KO+X1,1,82,1565.272,
KO+X1,1,83,1367.491,
KO+X1,1,84,1791.1154,
KO+X1,1,85,1069.3091,
KO+X1,1,86,1147.2548,
KO+X1,1,87,2386.2031,
KO+X1,1,88,1148.4203,
KO+X1,1,89,2393.0488,
KO+X1,1,90,1242.4796,
KO+X1,1,91,807.0079,
KO+X1,1,92,1128.531,
KO+X1,1,93,1594.8016,
KO+X1,1,94,1306.6949,
KO+X1,1,95,1120.6168,
KO+X1,1,96,1293.9611,
KO+X1,1,97,1331.3199,
KO+X1,1,98,1261.0994,
KO+X1,1,99,945.2973,
KO+X1,1,100,1282.1511,
KO+X1,1,101,930.5402,
KO+X1,1,102,886.4146,
KO+X1,1,103,1199.7836,
KO+X1,1,104,1694.3235,
KO+X1,1,105,1515.1127,
KO+X1,1,106,1230.243,
KO+X1,1,107,1397.7805,
KO+X1,1,108,1272.0891,
KO+X1,1,109,1521.4691,
KO+X1,1,110,1439.3613,
KO+X1,1,111,1774.1344,
KO+X1,1,112,1205.2954,
KO+X1,1,113,1108.8096,
KO+X1,1,114,1354.7032,
KO+X1,1,115,885.2,
KO+X1,1,116,1230.0769,
KO+X1,1,117,1267.339,
KO+X1,1,118,1549.1072,
KO+X1,1,119,1279.7091,
KO+X1,1,120,916.3306,
KO+X1,1,121,1190.6552,
KO+X1,1,122,2432.012,
KO+X1,1,123,1750.5,
KO+X1,1,124,2904.7556,
KO+X1,1,125,1220.9783,
KO+X1,1,126,1519.8256,
KO+X1,1,127,1371.6201,
KO+X1,1,128,952.911,
KO+X1,1,129,1716.0101,
KO+X1,1,130,1567.9623,
KO+X1,1,131,1994.1959,
KO+X1,1,132,1450.7059,
KO+X1,1,133,1381.7268,
KO+X1,1,134,1121.9454,
KO+X1,1,135,1425.171,
KO+X1,1,136,1017.76,
KO+X1,1,137,1416.2924,
KO+X1,1,138,1513,
KO+X1,1,139,1135.25,
KO+X1,1,140,1286.5714,
KO+X1,1,141,1373.1167,
KO+X1,1,142,1389.8682,
KO+X1,1,143,1341.5255,
KO+X1,1,144,1023.0849,
KO+X1,1,145,2118.5796,
KO+X1,1,146,1454.1047,
KO+X1,1,147,1053.6562,
KO+X1,1,148,957.1539,
KO+X1,1,149,1064.6305,
KO+X1,1,150,1182.6296,
KO+X1,1,151,1076.0615,
KO+X1,1,152,1453.0754,
KO+X1,1,153,1293.1165,
KO+X1,1,154,1237.8853,
KO+X1,1,155,1121.6578,
KO+X1,1,156,1255.0759,
KO+X1,1,157,1158.36,
KO+X1,1,158,2222.0908,
KO+X1,1,159,1192.2209,
KO+X1,1,160,1346.4222,
KO+X1,1,161,1286.1971,
KO+X1,1,162,1389.5432,
KO+X1,1,163,1040.826,
KO+X1,1,164,970.1296,
KO+X1,1,165,1305.3505,
KO+X1,1,166,2551.8889,
KO+X1,1,167,1190.0493,
KO+X1,1,168,1100.9683,
KO+X1,1,169,3384.7522,
KO+X1,1,170,1199.2316,
KO+X1,1,171,2723.4878,
KO+X1,1,172,2147.2695,
KO+X1,1,173,1303.6931,
KO+X1,1,174,1204.4445,
KO+X1,1,175,1241.2118,
KO+X1,1,176,976.5901,
KO+X1,1,177,1088.2188,
KO+X1,1,178,1185.2642,
KO+X1,1,179,2607.762,
KO+X1,1,180,1326.2808,
KO+X1,1,181,1081.027,
KO+X1,1,182,963.1746,
KO+X1,1,183,2374.9131,
KO+X1,1,184,1301.85,
KO+X1,1,185,1529.4014,
KO+X1,1,186,1182.5309,
KO+X1,1,187,1328.5333,
KO+X1,1,188,1095.65,
KO+X1,1,189,2116.2131,
KO+X1,1,190,1474.3893,
KO+X1,1,191,1255.4822,
KO+X1,1,192,1255.4224,
KO+X1,1,193,1454.5454,
KO+X1,1,194,1174.8385,
KO+X1,1,195,1049.828,
KO+X1,1,196,1737.0687,
KO+X1,1,197,1239.04,
KO+X1,1,198,1329.8977,
KO+X1,1,199,1278.8855,
KO+X1,1,200,1264.9269,
KO+X1,1,201,1301.4637,
KO+X1,1,202,1145.2693,
KO+X1,1,203,2184.9231,
KO+X1,1,204,1632.806,
KO+X1,1,205,1180.76,
KO+X1,1,206,1451.8018,
KO+X1,1,207,1147.6769,
KO+X1,1,208,1227.6327,
KO+X1,1,209,1066.0935,
KO+X1,1,210,1474.283,
KO+X1,1,211,1320.5107,
KO+X1,1,212,1371.925,
KO+X1,1,213,935.2353,
KO+X1,1,214,925.0833,
KO+X1,1,215,1329.7931,
KO+X1,1,216,1363.0361,
KO+X1,1,217,1002.2049,
KO+X1,1,218,1294.1448,
KO+X1,1,219,641.275,
KO+X1,1,220,1146.7612,
KO+X1,1,221,1706.42,
KO+X1,1,222,1581.7637,
KO+X1,1,223,1774.0537,
KO+X1,1,224,1123.6086,
KO+X1,1,225,1393.6119,
KO+X1,1,226,2473.4919,
KO+X1,1,227,1203.4508,
KO+X1,1,228,1391.1833,
KO+X1,1,229,1252.7738,
KO+X1,1,230,1678.271,
KO+X1,1,231,1015.3521,
KO+X1,1,232,1433.3979,
KO+X1,1,233,1651.9286,
KO+X1,1,234,1114.2623,
KO+X1,1,235,1225.7629,
KO+X1,1,236,1370.8268,
KO+X1,1,237,1457.2836,
KO+X1,1,238,2921.1333,
KO+X1,1,239,1211.7394,
KO+X1,1,240,1210.5248,
KO+X1,1,241,1198.4189,
KO+X1,1,242,1133.0978,
KO+X1,1,243,1476.5,
KO+X1,1,244,1319.0753,
KO+X1,1,245,1035.9791,
KO+X1,1,246,1273.4193,
KO+X1,1,247,2341.0132,
KO+X1,1,248,1336.2307,
KO+X1,1,249,1006.9032,
KO+X1,1,250,1126.5394,
KO+X1,1,251,1319.7959,
KO+X1,1,252,1027.55,
KO+X1,1,253,1102.4329,
KO+X1,1,254,1458.5513,
KO+X1,1,255,1224.8306,
KO+X1,1,256,1412.196,
KO+X1,1,257,1218.6312,
KO+X1,1,258,1343.625,
KO+X1,1,259,1190.4529,
KO+X1,1,260,1809.8572,
KO+X1,1,261,1327.0847,
KO+X1,1,262,1339.9437,
KO+X1,1,263,1229.35,
KO+X1,1,264,1189.7207,
KO+X1,1,265,1585.5272,
KO+X1,1,266,1209.5176,
KO+X1,1,267,1010.0612,
KO+X1,1,268,1133.9387,
KO+X1,1,269,1751.196,
KO+X1,1,270,1124.9565,
KO+X1,1,271,1109.6279,
KO+X1,1,272,1345.4517,
KO+X1,1,273,1662.2877,
KO+X1,1,274,874,
KO+X1,1,275,2450.9399,
KO+X1,1,276,1416.7646,
KO+X1,1,277,1517.2054,
KO+X1,1,278,1318.9457,
KO+X1,1,279,1244.5238,
KO+X1,1,280,2350.8118,
KO+X1,1,281,917.1429,
KO+X1,1,282,1588.5052,
KO+X1,1,283,1448.4546,
KO+X1,1,284,816.3661,
KO+X1,1,285,1272.6533,
KO+X1,1,286,2309.6848,
KO+X1,1,287,1365.0819,
KO+X1,1,288,1311.3704,
KO+X1,1,289,1612.986,
KO+X1,1,290,1253.215,
KO+X1,1,291,1271.9833,
KO+X1,1,292,1592.5714,
KO+X1,1,293,1095.1122,
KO+X1,1,294,1342.3636,
KO+X1,1,295,1051.2258,
KO+X1,1,296,1483,
KO+X1,1,297,1171.3062,
KO+X1,1,298,1322.6562,
KO+X1,1,299,1477.2439,
KO+X1,1,300,1893.3833,
KO+X1,1,301,1332.6832,
KO+X1,1,302,1483.0093,
KO+X1,1,303,1049.6022,
KO+X1,1,304,1093.5769,
KO+X1,1,305,1317.1301,
KO+X1,1,306,1279.625,
KO+X1,1,307,1272.2241,
KO+X1,1,308,2949,
KO+X1,1,309,1234.2195,
KO+X1,1,310,934.6572,
KO+X1,1,311,3007.2771,
KO+X1,1,312,3556.6509,
KO+X1,1,313,1874.2122,
KO+X1,1,314,1980.5807,
KO+X1,1,315,1150.7903,
KO+X1,1,316,1843.124,
KO+X1,1,317,2411.2229,
KO+X1,1,318,1941.1881,
KO+X1,1,319,1191.6533,
KO+X1,1,320,1101.8741,
KO+X1,1,321,3035.2273,
KO+X1,1,322,2783.6499,
KO+X1,1,323,1563.9706,
KO+X1,1,324,1408.8456,
KO+X1,1,325,1178.8176,
KO+X1,1,326,1544.5281,
KO+X1,1,327,1148.2325,
KO+X1,1,328,1543.8,
KO+X1,1,329,1372.6971,
KO+X1,1,330,892.8816,
KO+X1,1,331,1267.6945,
KO+X1,1,332,1028.0909,
KO+X1,1,333,1474.2078,
KO+X1,1,334,1869.0149,
KO+X1,1,335,1460.9091,
KO+X1,1,336,1103.1068,
KO+X1,1,337,1483.5548,
KO+X1,1,338,863.3771,
KO+X1,1,339,1115.0283,
KO+X1,1,340,1586.7478,
KO+X1,1,341,1299.7646,
KO+X1,1,342,1206.7059,
KO+X1,1,343,1231.0121,
KO+X1,1,344,2536.4121,
KO+X1,1,345,2157.6113,
KO+X1,1,346,1482.5778,
KO+X1,1,347,2145.3555,
KO+X1,1,348,1508.98,
KO+X1,1,349,1052.385,
KO+X1,1,350,1856.553,
KO+X1,1,351,1327.0278,
KO+X1,1,352,1187.1974,
KO+X1,1,353,1356.3026,
KO+X1,1,354,1103.9857,
KO+X1,1,355,2470.3918,
KO+X1,1,356,893.8742,
KO+X1,1,357,1429.5834,
KO+X1,1,358,1295.1959,
KO+X1,1,359,1097.7217,
KO+X1,1,360,1370.3141,
KO+X1,1,361,1441.116,
KO+X1,1,362,1553.7345,
KO+X1,1,363,1048.075,
KO+X1,1,364,1045.1538,
KO+X1,1,365,1325.9386,
KO+X1,1,366,1785.8156,
KO+X1,1,367,1464.9016,
KO+X1,1,368,847.9268,
KO+X1,1,369,1529.0735,
KO+X1,1,370,1968.2646,
KO+X1,1,371,1507.4733,
KO+X1,1,372,1415.6884,
KO+X1,1,373,2645.6584,
KO+X1,1,374,2316,
KO+X1,1,375,2097.7322,
KO+X1,1,376,1090.7285,
KO+X1,1,377,1298.2046,
KO+X1,1,378,1504.5555,
KO+X1,1,379,1754.5729,
KO+X1,1,380,1926.3392,
KO+X1,1,381,1319.6136,
KO+X1,1,382,1375.4407,
KO+X1,1,383,2294.104,
KO+X1,1,384,1549.1971,
KO+X1,1,385,1885.9835,
KO+X1,1,386,1757.9025,
KO+X1,1,387,1403.5862,
KO+X1,1,388,1284.875,
KO+X1,1,389,1012.6,
KO+X1,1,390,1492.3914,
KO+X1,1,391,2812.8076,
KO+X1,1,392,1158.4822,
KO+X1,1,393,1916.3456,
KO+X1,1,394,1258.7847,
KO+X1,1,395,1273.0635,
KO+X1,1,396,1165.6028,
KO+X1,1,397,4591.7036,
KO+X1,1,398,1269.877,
KO+X1,1,399,2499.2739,
KO+X1,1,400,1017.2245,
KO+X1,1,401,1211.7162,
KO+X1,1,402,1436.75,
KO+X1,1,403,1698.8474,
KO+X1,1,404,1015.3256,
KO+X1,1,405,1922.8796,
KO+X1,1,406,1560.4839,
KO+X1,1,407,1326.3468,
KO+X1,1,408,1301.8313,
KO+X1,1,409,1400.037,
KO+X1,1,410,1021.614,
KO+X1,1,411,1465.2903,
KO+X1,1,412,1373.2937,
KO+X1,1,413,2320.1572,
KO+X1,1,414,1172.5565,
KO+X1,1,415,1381.6356,
KO+X1,1,416,1599.0454,
KO+X1,1,417,1418.8,
KO+X1,1,418,2309.3293,
KO+X1,1,419,1217.2434,
KO+X1,1,420,2005.4839,
KO+X1,1,421,1500.2051,
KO+X1,1,422,1706.5763,
KO+X1,1,423,3208.0615,
KO+X1,1,424,1304.0753,
KO+X1,1,425,1500.7812,
KO+X1,1,426,1312.4021,
KO+X1,1,427,1308.4099,
KO+X1,1,428,2155.3586,
KO+X1,1,429,1142.8451,
KO+X1,1,430,904.6842,
KO+X1,1,431,1780.5891,
KO+X1,1,432,1360.6129,
KO+X1,1,433,2176.6274,
KO+X1,1,434,879.3425,
KO+X1,1,435,1522.2526,
KO+X1,1,436,1479.4144,
KO+X1,1,437,1039.5244,
KO+X1,1,438,2886.2092,
KO+X1,1,439,1517.5769,
KO+X1,1,440,1139.5786,
KO+X1,1,441,1627.8074,
KO+X1,1,442,1323.2793,
KO+X1,1,443,1343.9293,
KO+X1,1,444,1926.172,
KO+X1,1,445,3413.5732,
KO+X1,1,446,1974.3469,
KO+X1,1,447,2672.4912,
KO+X1,1,448,1354.4717,
KO+X1,1,449,1346.9084,
KO+X1,1,450,2089.8174,
KO+X1,1,451,4870.3101,
KO+X1,1,452,1197.243,
KO+X1,1,453,2492.0239,
KO+X1,1,454,2056.1074,
KO+X1,1,455,1014.12,
KO+X1,1,456,1253.3917,
KO+X1,1,457,1941.4229,
KO+X1,1,458,1885.5349,
KO+X1,1,459,1861.6121,
KO+X1,1,460,1565.7969,
KO+X1,1,461,1400.0482,
KO+X1,1,462,1518.4103,
KO+X1,1,463,1049.3199,
KO+X1,1,464,1274,
KO+X1,1,465,1866.036,
KO+X1,1,466,2124.9055,
KO+X1,1,467,1138.1428,
KO+X1,1,468,1190.0618,
KO+X1,1,469,1209.3372,
KO+X1,1,470,2414.457,
KO+X1,1,471,1118.967,
KO+X1,1,472,1707.118,
KO+X1,1,473,1844.7986,
KO+X1,1,474,1943.7931,
KO+X1,1,475,2252.7778,
KO+X1,1,476,1394.84,
KO+X1,1,477,3394.375,
KO+X1,1,478,1522.6267,
KO+X1,1,479,1394.5431,
KO+X1,1,480,1861.8148,
KO+X1,1,481,3770.25,
KO+X1,1,482,5026.9126,
KO+X1,1,483,1003.5349,
KO+X1,1,484,2439.2241,
KO+X1,1,485,1509.1241,
KO+X1,1,486,1450.0428,
KO+X1,1,487,1610.9449,
KO+X1,1,488,1444.6353,
KO+X1,1,489,2292.8789,
KO+X1,1,490,1494.6158,
KO+X1,1,491,1111.6456,
KO+X1,1,492,1447.453,
KO+X1,1,493,1393.5714,
KO+X1,1,494,1791.8937,
KO+X1,1,495,1724.4419,
KO+X1,1,496,2348.4167,
KO+X1,1,497,1226.2,
KO+X1,1,498,1408.9348,
KO+X1,1,499,2176,
KO+X1,1,500,1413.1443,
KO+X1,1,501,2579.7925,
KO+X1,1,502,1661.2805,
KO+X1,1,503,1576.0421,
KO+X1,1,504,1540,
KO+X1,1,505,1622.25,
KO+X1,1,506,2419.5762,
KO+X1,1,507,2161.3789,
KO+X1,1,508,3833.5808,
KO+X1,1,509,1431.962,
KO+X1,1,510,1358.2687,
KO+X1,1,511,1474.1389,
KO+X1,1,512,2545.2871,
KO+X1,1,513,1289.2626,
KO+X1,1,514,1249.7239,
KO+X1,1,515,1377.0891,
KO+X1,1,516,1910.783,
KO+X1,1,517,2494,
KO+X1,1,518,2145.2258,
KO+X1,1,519,1579.8154,
KO+X1,1,520,3815.0327,
KO+X1,1,521,1159.3805,
KO+X1,1,522,2001.0364,
KO+X1,1,523,2164.0151,
KO+X1,1,524,1182.405,
KO+X1,1,525,1293.2456,
KO+X1,1,526,1434.9259,
KO+X1,1,527,1461.5099,
KO+X1,1,528,1222.8246,
KO+X1,1,529,1617.6045,
KO+X1,1,530,1424.9851,
KO+X1,1,531,1850.384,
KO+X1,1,532,2619.5232,
KO+X1,1,533,3336.5676,
KO+X1,1,534,1563.7303,
KO+X1,1,535,2347.426,
KO+X1,1,536,1258.2858,
KO+X1,1,537,2113.2539,
KO+X1,1,538,1116.1831,
KO+X1,1,539,1429.7174,
KO+X1,1,540,2731.938,
KO+X1,1,541,2725.21,
KO+X1,1,542,1620.979,
KO+X1,1,543,1144.1681,
KO+X1,1,544,1714.7909,
KO+X1,1,545,1750.7188,
KO+X1,1,546,1966.7595,
KO+X1,1,547,1354.6941,
KO+X1,1,548,1869.963,
KO+X1,1,549,1426.479,
KO+X1,1,550,981.6842,
KO+X1,1,551,1927.0303,
KO+X1,1,552,3097.5134,
KO+X1,1,553,1159.3268,
KO+X1,1,554,1376.5526,
KO+X1,1,555,1607.8616,
KO+X1,1,556,1335.8572,
KO+X1,1,557,2843.3889,
KO+X1,1,558,2075.7947,
KO+X1,1,559,1084.9518,
KO+X1,1,560,1844,
KO+X1,1,561,1334.0471,
KO+X1,1,562,1382.12,
KO+X1,1,563,1854.3914,
KO+X1,1,564,1319.6812,
KO+X1,1,565,1768.5128,
KO+X1,1,566,2207.4285,
KO+X1,1,567,1169.7722,
KO+X1,1,568,6215.5078,
KO+X1,1,569,1227.939,
KO+X1,1,570,1261.8658,
KO+X1,1,571,1196.8513,
KO+X1,1,572,1752.854,
KO+X1,1,573,1240.7537,
KO+X1,1,574,1240.551,
KO+X1,1,575,2494.3804,
KO+X1,1,576,1227.7579,
KO+X1,1,577,1865.9091,
KO+X1,1,578,2404.0093,
KO+X1,1,579,1206.9849,
KO+X1,1,580,2900.8,
KO+X1,1,581,2559.4119,
KO+X1,1,582,2041.7614,
KO+X1,1,583,1397.0111,
KO+X1,1,584,1348.3684,
KO+X1,1,585,1387.5,
KO+X1,1,586,2165.2793,
KO+X1,1,587,1242.35,
KO+X1,1,588,2685.9509,
KO+X1,1,589,2786.7207,
KO+X1,1,590,1424.0641,
KO+X1,1,591,1849.9611,
KO+X1,1,592,1314.9572,
KO+X1,1,593,1395.5454,
KO+X1,1,594,1618.443,
KO+X1,1,595,1413.7738,
KO+X1,1,596,1142.2128,
KO+X1,1,597,1107.4904,
KO+X1,1,598,2127.375,
KO+X1,1,599,1699.2031,
KO+X1,1,600,2572.8831,
KO+X1,1,601,2927.0605,
KO+X1,1,602,1709.7565,
KO+X1,1,603,1254.6,
KO+X1,1,604,2082.8706,
KO+X1,1,605,2150.5701,
KO+X1,1,606,1516.9664,
KO+X1,1,607,1826.8868,
KO+X1,1,608,1692.1969,
KO+X1,1,609,1407.2041,
KO+X1,1,610,1278.3928,
KO+X1,1,611,2130.7571,
KO+X1,1,612,3324.8469,
KO+X1,1,613,1238.0099,
KO+X1,1,614,2536.9333,
KO+X1,1,615,1344.9584,
KO+X1,1,616,1373.0541,
KO+X1,1,617,1208.2527,
KO+X1,1,618,1645.8385,
KO+X1,1,619,2177.5942,
KO+X1,1,620,1603.8722,
KO+X1,1,621,1914.7872,
KO+X1,1,622,4628.1191,
KO+X1,1,623,1357.176,
KO+X1,1,624,1207.7875,
KO+X1,1,625,3870.9719,
KO+X1,1,626,1528.0635,
KO+X1,1,627,3472.9109,
KO+X1,1,628,1033.4149,
KO+X1,1,629,1881.5625,
KO+X1,1,630,1863.2134,
KO+X1,1,631,2018.9375,
KO+X1,1,632,1648.6229,
KO+X1,1,633,1275.2273,
KO+X1,1,634,1162.686,
KO+X1,1,635,1712.0413,
KO+X1,1,636,1355.9565,
KO+X1,1,637,1646.8903,
KO+X1,1,638,1356.358,
KO+X1,1,639,1239.3038,
KO+X1,1,640,873.8171,
KO+X1,1,641,974.1415,
KO+X1,1,642,1476.3146,
KO+X1,1,643,1777.9912,
KO+X1,1,644,2145.8401,
KO+X1,1,645,1672.8334,
KO+X1,1,646,1660.2688,
KO+X1,1,647,1782.6,
KO+X1,1,648,1177.2979,
KO+X1,1,649,1739.3778,
KO+X1,1,650,1129.8745,
KO+X1,1,651,1878.4185,
KO+X1,1,652,1278.4435,
KO+X1,1,653,1242.4087,
KO+X1,1,654,1975.6571,
KO+X1,1,655,2277.6553,
KO+X1,1,656,1814.5778,
KO+X1,1,657,1841.303,
KO+X1,1,658,3046.4238,
KO+X1,1,659,1893.6073,
KO+X1,1,660,2025.6522,
KO+X1,1,661,2146.426,
KO+X1,1,662,1115.4657,
KO+X1,1,663,2035.1343,
KO+X1,1,664,1364.6044,
KO+X1,1,665,1349.8704,
KO+X1,1,666,2797.1575,
KO+X1,1,667,1900.8319,
KO+X1,1,668,1349.0264,
KO+X1,1,669,1929.3625,
KO+X1,1,670,1781.4032,
KO+X1,1,671,1606.7,
KO+X1,1,672,1266.58,
KO+X1,1,673,2613.981,
KO+X1,1,674,2224.3999,
KO+X1,1,675,1700.7766,
KO+X1,1,676,1355.6451,
KO+X1,1,677,1535.3131,
KO+X1,1,678,2125.0852,
KO+X1,1,679,1885.4342,
KO+X1,1,680,1893.1133,
KO+X1,1,681,1783.5903,
KO+X1,1,682,1860.0834,
KO+X1,1,683,1571.7734,
KO+X1,1,684,3739.3831,
KO+X1,1,685,2058.0745,
KO+X1,1,686,1104.2809,
KO+X1,1,687,1904.7646,
KO+X1,1,688,1512.7313,
KO+X1,1,689,1325.8625,
KO+X1,1,690,1411.3654,
KO+X1,1,691,2147.8108,
KO+X1,1,692,1525.4432,
KO+X1,1,693,3042.3774,
KO+X1,1,694,1360.0089,
KO+X1,1,695,1540.1445,
KO+X1,1,696,2118.375,
KO+X1,1,697,1274.1573,
KO+X1,1,698,1297.4143,
KO+X1,1,699,1525.0714,
KO+X1,1,700,3031.1685,
KO+X1,1,701,1331.9071,
KO+X1,1,702,2248.0981,
KO+X1,1,703,1409.4589,
KO+X1,1,704,2171.782,
KO+X1,1,705,1663.3187,
KO+X1,1,706,1268.4648,
KO+X1,1,707,2880.6079,
KO+X1,1,708,1997.8342,
KO+X1,1,709,1241.0898,
KO+X1,1,710,1836.1234,
KO+X1,1,711,1786.7069,
KO+X1,1,712,1250.0785,
KO+X1,1,713,1356.8958,
KO+X1,1,714,1690.6522,
KO+X1,1,715,1579.8081,
KO+X1,1,716,2057.8948,
KO+X1,1,717,1629.4565,
KO+X1,1,718,1705.4933,
KO+X1,1,719,2276.8857,
KO+X1,1,720,1402.5,
KO+X1,1,721,1567.2406,
KO+X1,1,722,2063.25,
KO+X1,1,723,1707.5596,
KO+X1,1,724,1565.96,
KO+X1,1,725,1169.1284,
KO+X1,1,726,1549.75,
KO+X1,1,727,873.767,
KO+X1,1,728,2342.2256,
KO+X1,1,729,1490.0918,
KO+X1,1,730,2586.3511,
KO+X1,1,731,1719.2455,
KO+X1,1,732,1561.8907,
KO+X1,1,733,1735.7705,
KO+X1,1,734,1799.3605,
KO+X1,1,735,1523.8541,
KO+X1,1,736,1497.2413,
KO+X1,1,737,1589.921,
KO+X1,1,738,1218.7931,
KO+X1,1,739,1592.1412,
KO+X1,1,740,1373.8455,
KO+X1,1,741,1359.8812,
KO+X1,1,742,1388.9661,
KO+X1,1,743,1392.0311,
KO+X1,1,744,1881.4854,
KO+X1,1,745,1155.5513,
KO+X1,1,746,1521.2419,
KO+X1,1,747,1216.1134,
KO+X1,1,748,1098.9292,
KO+X1,1,749,1195.9814,
KO+X1,1,750,1409.4375,
KO+X1,1,751,2158.6987,
KO+X1,1,752,1210.9844,
KO+X1,1,753,801.8276,
KO+X1,1,754,1161.6194,
KO+X1,1,755,1446.9293,
KO+X1,1,756,2160.0381,
KO+X1,1,757,1819.6757,
KO+X1,1,758,1286.2069,
KO+X1,1,759,1780.6,
KO+X1,1,760,1482.8085,
KO+X1,1,761,1193.1195,
KO+X1,1,762,1720.7068,
KO+X1,1,763,1747.9286,
KO+X1,1,764,2039.1774,
KO+X1,1,765,1502.7434,
KO+X1,1,766,1471.2599,
KO+X1,1,767,1207.0729,
KO+X1,1,768,1786.9529,
KO+X1,1,769,1850.3334,
KO+X1,1,770,1075.5834,
KO+X1,1,771,1359.1307,
KO+X1,1,772,1211.234,
KO+X1,1,773,1415.2924,
KO+X1,1,774,1467.031,
KO+X1,1,775,1219.9541,
KO+X1,1,776,1323.1449,
KO+X1,1,777,1323.1965,
KO+X1,1,778,2790.5112,
KO+X1,1,779,1523.7474,
KO+X1,1,780,1930.0555,
KO+X1,1,781,1249.6301,
KO+X1,1,782,2233.2527,
KO+X1,1,783,2437.4231,
KO+X1,1,784,1907.317,
KO+X1,1,785,1497.1854,
KO+X1,1,786,1468.7931,
KO+X1,1,787,1225.0741,
KO+X1,1,788,1488,
KO+X1,1,789,1237.1416,
KO+X1,1,790,1392.6666,
KO+X1,1,791,1345.3805,
KO+X1,1,792,1139.7797,
KO+X1,1,793,1735.2048,
KO+X1,1,794,1321.0541,
KO+X1,1,795,3489.8,
KO+X1,1,796,1340.7455,
KO+X1,1,797,1649.1459,
KO+X1,1,798,1499.6821,
KO+X1,1,799,1471.0796,
KO+X1,1,800,1928.0173,
KO+X1,1,801,1244.0549,
KO+X1,1,802,1677.0924,
KO+X1,1,803,1153.8823,
KO+X1,1,804,1222.0282,
KO+X1,1,805,1013,
KO+X1,1,806,1487.4474,
KO+X1,1,807,1326.0364,
KO+X1,1,808,1764.8805,
KO+X1,1,809,1361.6792,
KO+X1,1,810,1435.1439,
KO+X1,1,811,1227.7273,
KO+X1,1,812,1842.9302,
KO+X1,1,813,1631.7833,
KO+X1,1,814,1242.875,
KO+X1,1,815,1496.4512,
KO+X1,1,816,1359.1307,
KO+X1,1,817,1363.1786,
KO+X1,1,818,1432.8334,
KO+X1,1,819,1821.1222,
KO+X1,1,820,1367.4193,
KO+X1,1,821,1408.8064,
KO+X1,1,822,1342.9259,
KO+X1,1,823,1030.7552,
KO+X1,1,824,1562.5723,
KO+X1,1,825,1280,
KO+X1,1,826,1414.2021,
KO+X1,1,827,1761.0182,
KO+X1,1,828,1409.8438,
KO+X1,1,829,1544.2222,
KO+X1,1,830,1317.2053,
KO+X1,1,831,1365.5055,
KO+X1,1,832,1368.7252,
KO+X1,1,833,1490.3158,
KO+X1,1,834,1938.2642,
KO+X1,1,835,1416.123,
KO+X1,1,836,1444.6165,
KO+X1,1,837,1172.1995,
KO+X1,1,838,1407.4094,
KO+X1,1,839,1129.1538,
KO+X1,1,840,1940.9651,
KO+X1,1,841,1540.6726,
KO+X1,1,842,1565.1552,
KO+X1,1,843,1267.024,
KO+X1,1,844,1426.7412,
KO+X1,1,845,1374.8966,
KO+X1,1,846,1569.1375,
KO+X1,1,847,1088.6428,
KO+X1,1,848,1640.3719,
KO+X1,1,849,1442.4641,
KO+X1,1,850,2232.6375,
KO+X1,1,851,1153.1711,
KO+X1,1,852,1229.053,
KO+X1,1,853,1901.0461,
KO+X1,1,854,756.9675,
KO+X1,1,855,1511.6075,
KO+X1,1,856,1577.4595,
KO+X1,1,857,1156.7657,
KO+X1,1,858,1130.5231,
KO+X1,1,859,1412.9683,
KO+X1,1,860,1472.2827,
KO+X1,1,861,2578.1428,
KO+X1,1,862,1319.0538,
KO+X1,1,863,1123.8102,
KO+X1,1,864,1371.8667,
KO+X1,1,865,1427.5385,
KO+X1,1,866,1535.1562,
KO+X1,1,867,1726.4399,
KO+X1,1,868,2174.2705,
KO+X1,1,869,2010.5983,
KO+X1,1,870,1370.9801,
KO+X1,1,871,1844.7959,
KO+X1,1,872,1627.8533,
KO+X1,1,873,1846.5497,
KO+X1,1,874,1135.9325,
KO+X1,1,875,1170.627,
KO+X1,1,876,1318.2,
KO+X1,1,877,1091.7515,
KO+X1,1,878,2011.2623,
KO+X1,1,879,1771.0074,
KO+X1,1,880,1404.5518,
KO+X1,1,881,1294.3846,
KO+X1,1,882,1273.2098,
KO+X1,1,883,1542.5834,
KO+X1,1,884,1549.6798,
KO+X1,1,885,1515.5739,
KO+X1,1,886,2827.8992,
KO+X1,1,887,2927.75,
KO+X1,1,888,703.8696,
KO+X1,1,889,1548.175,
KO+X1,1,890,1887.0521,
KO+X1,1,891,1516.2543,
KO+X1,1,892,1437.735,
KO+X1,1,893,2105.3137,
KO+X1,1,894,1072.4172,
KO+X1,1,895,1328.9503,
KO+X1,1,896,1920.0204,
KO+X1,1,897,2097.8562,
KO+X1,1,898,1058.8448,
KO+X1,1,899,2088.5894,
KO+X1,1,900,1270.3387,
KO+X1,1,901,1364.6134,
KO+X1,1,902,1456.392,
KO+X1,1,903,1270.2098,
KO+X1,1,904,2103.6636,
KO+X1,1,905,1779.6456,
KO+X1,1,906,1704.3661,
KO+X1,1,907,1125.2474,
KO+X1,1,908,1454.3398,
KO+X1,1,909,1606.3812,
KO+X1,1,910,1294.2797,
KO+X1,1,911,1062.4305,
KO+X1,1,912,1455.6141,
KO+X1,1,913,1728.1578,
KO+X1,1,914,2337.1304,
KO+X1,1,915,2357.6633,
KO+X1,1,916,1761.1428,
KO+X1,1,917,1723.8406,
KO+X1,1,918,1700.4166,
KO+X1,1,919,2001.9697,
KO+X1,1,920,1284.6888,
KO+X1,1,921,1168.9965,
KO+X1,1,922,1168.7961,
KO+X1,1,923,2739.9524,
KO+X1,1,924,1781.2452,
KO+X1,1,925,1197.0956,
KO+X1,1,926,1410.3378,
KO+X1,1,927,1655.8334,
KO+X1,1,928,1788.6364,
KO+X1,1,929,1746.3588,
KO+X1,1,930,2081.1123,
KO+X1,1,931,1285.9535,
KO+X1,1,932,2158.3767,
KO+X1,1,933,1261.6262,
KO+X1,1,934,1309.7604,
KO+X1,1,935,1230.3801,
KO+X1,1,936,2078.8401,
KO+X1,1,937,1303.4691,
KO+X1,1,938,1307.3939,
KO+X1,1,939,2661.4456,
KO+X1,1,940,1054.125,
KO+X1,1,941,1659.5735,
KO+X1,1,942,1620.8842,
KO+X1,1,943,1786.3881,
KO+X1,1,944,1705.6801,
KO+X1,1,945,2282.4546,
KO+X1,1,946,1490.9081,
KO+X1,1,947,1541.3417,
KO+X1,1,948,5321.5674,
KO+X1,1,949,1539.0588,
KO+X1,1,950,3026.8298,
KO+X1,1,951,1845.7916,
KO+X1,1,952,2220.6235,
KO+X1,1,953,1050.9741,
KO+X1,1,954,1274.9636,
KO+X1,1,955,1320.4153,
KO+X1,1,956,1446.2135,
KO+X1,1,957,1244.2101,
KO+X1,1,958,1688.3188,
KO+X1,1,959,1485.816,
KO+X1,1,960,1865.759,
KO+X1,1,961,2123.7317,
KO+X1,1,962,1358.1923,
KO+X1,1,963,4225.5166,
KO+X1,1,964,2411.1479,
KO+X1,1,965,2178.2856,
KO+X1,1,966,1355.6797,
KO+X1,1,967,1382.2134,
KO+X1,1,968,2011.3118,
KO+X1,1,969,1465.5903,
KO+X1,1,970,1518.2371,
KO+X1,1,971,1496.2166,
KO+X1,1,972,1405.1414,
KO+X1,1,973,1451.5448,
KO+X1,1,974,1879.1111,
KO+X1,1,975,1314.3442,
KO+X1,1,976,1444.8505,
KO+X1,1,977,1470.4103,
KO+X1,1,978,2080.6912,
KO+X1,1,979,1384.5,
KO+X1,1,980,4197.7026,
KO+X1,1,981,2145.6667,
KO+X1,1,982,2821.2712,
KO+X1,1,983,1424.7471,
KO+X1,1,984,2009.8795,
KO+X1,1,985,1102.463,
KO+X1,1,986,1758.7435,
KO+X1,1,987,2364.2622,
KO+X1,1,988,2789.1875,
KO+X1,1,989,1731.4036,
KO+X1,1,990,5867.0283,
KO+X1,1,991,1820.9369,
KO+X1,1,992,1491.9368,
KO+X1,1,993,1260.943,
KO+X1,1,994,2040.4189,
KO+X1,1,995,5200.5,
KO+X1,1,996,1191.1619,
KO+X1,1,997,1638.1263,
KO+X1,1,998,3907.4695,
KO+X1,1,999,1709.6289,
KO+X1,1,1000,3276.824,
KO+X1,1,1001,3151.9365,
KO+X1,1,1002,5923.5449,
KO+X1,1,1003,2640.6875,
KO+X1,1,1004,2044.1506,
KO+X1,1,1005,1517.2195,
KO+X1,1,1006,1165.95,
KO+X1,1,1007,2386.7419,
KO+X1,1,1008,1225.9897,
KO+X1,1,1009,1434.4609,
KO+X1,1,1010,1437.6444,
KO+X1,1,1011,1319.9518,
KO+X1,1,1012,1195.0741,
KO+X1,1,1013,1743.4574,
KO+X1,1,1014,1148.0846,
KO+X1,1,1015,1809.9082,
KO+X1,1,1016,1112.7603,
KO+X1,1,1017,1509.7404,
KO+X1,1,1018,1298.1646,
KO+X1,1,1019,1776.9082,
KO+X1,1,1020,1270.469,
KO+X1,1,1021,1479.7388,
KO+X1,1,1022,4564.3901,
KO+X1,1,1023,1313.0714,
KO+X1,1,1024,3643.218,
KO+X1,1,1025,1205.197,
KO+X1,1,1026,1515.8704,
KO+X1,1,1027,2124.7058,
KO+X1,1,1028,2307.6582,
KO+X1,1,1029,4251.8672,
KO+X1,1,1030,1243.6,
KO+X1,1,1031,1151.5684,
KO+X1,1,1032,5215.8154,
KO+X1,1,1033,1873.9175,
KO+X1,1,1034,2122.5769,
KO+X1,1,1035,1806.579,
KO+X1,1,1036,1003.3835,
KO+X1,1,1037,1334.0192,
KO+X1,1,1038,3889.4761,
KO+X1,1,1039,1843.1222,
KO+X1,1,1040,1093.8,
KO+X1,1,1041,1456.991,
KO+X1,1,1042,1556.962,
KO+X1,1,1043,3992.5151,
KO+X1,1,1044,2452.2651,
KO+X1,1,1045,1049.3483,
KO+X1,1,1046,1946.75,
KO+X1,1,1047,2988.3909,
KO+X1,1,1048,1872.672,
KO+X1,1,1049,4213,
KO+X1,1,1050,1514.8052,
KO+X1,1,1051,1300.5,
KO+X1,1,1052,1166.9769,
KO+X1,1,1053,1394.0227,
KO+X1,1,1054,2522.2151,
KO+X1,1,1055,1253.6136,
KO+X1,1,1056,2007.301,
KO+X1,1,1057,1583.8334,
KO+X1,1,1058,4427.9307,
KO+X1,1,1059,3761.614,
KO+X1,1,1060,906.5862,
KO+X1,1,1061,1417.2421,
KO+X1,1,1062,1517.9857,
KO+X1,1,1063,1261.1333,
KO+X1,1,1064,1246.4504,
KO+X1,1,1065,1493.7212,
KO+X1,1,1066,3940.6589,
KO+X1,1,1067,1582.6801,
KO+X1,1,1068,1663.2687,
KO+X1,1,1069,1701.754,
KO+X1,1,1070,3136.1807,
KO+X1,1,1071,1693.6105,
KO+X1,1,1072,1441.6293,
KO+X1,1,1073,1794.9301,
KO+X1,1,1074,2615.2786,
KO+X1,1,1075,1077.4674,
KO+X1,1,1076,1614.0746,
KO+X1,1,1077,1466.4541,
KO+X1,1,1078,1333.4554,
KO+X1,1,1079,1426.6737,
KO+X1,1,1080,1138.8334,
KO+X1,1,1081,1322.0101,
KO+X1,1,1082,1087.4819,
KO+X1,1,1083,1106.2322,
KO+X1,1,1084,1038.6666,
KO+X1,1,1085,1797.0143,
KO+X1,1,1086,1651.6305,
KO+X1,1,1087,1628.6812,
KO+X1,1,1088,1410.5536,
KO+X1,1,1089,1733.0529,
KO+X1,1,1090,1151.5449,
KO+X1,1,1091,1753.6613,
KO+X1,1,1092,2498.4375,
KO+X1,1,1093,1549.7711,
KO+X1,1,1094,1585.7903,
KO+X1,1,1095,1432.587,
KO+X1,1,1096,1284.0989,
KO+X1,1,1097,4793.4297,
KO+X1,1,1098,1057.8381,
KO+X1,1,1099,1778.124,
KO+X1,1,1100,5358.5928,
KO+X1,1,1101,1849.3621,
KO+X1,1,1102,1318.5067,
KO+X1,1,1103,2024.1029,
KO+X1,1,1104,1417.7667,
KO+X1,1,1105,996.7888,
KO+X1,1,1106,1933.7167,
KO+X1,1,1107,1135.7273,
KO+X1,1,1108,1301.1207,
KO+X1,1,1109,1504.0909,
KO+X1,1,1110,1646.1158,
KO+X1,1,1111,1137.1187,
KO+X1,1,1112,2243.9846,
KO+X1,1,1113,1224.3875,
KO+X1,1,1114,1498.954,
KO+X1,1,1115,1328.2114,
KO+X1,1,1116,4298.5342,
KO+X1,1,1117,1296.5245,
KO+X1,1,1118,770.8372,
KO+X1,1,1119,1797.7684,
KO+X1,1,1120,1058.5067,
KO+X1,1,1121,969.746,
KO+X1,1,1122,2896.637,
KO+X1,1,1123,1029.5604,
KO+X1,1,1124,1303.5072,
KO+X1,1,1125,1292.0272,
KO+X1,1,1126,1815.0582,
KO+X1,1,1127,2096.4058,
KO+X1,1,1128,2126.1875,
KO+X1,1,1129,910.6015,
KO+X1,1,1130,1292.6335,
KO+X1,1,1131,996.1265,
KO+X1,1,1132,1135.197,
KO+X1,1,1133,4026.9053,
KO+X1,1,1134,1561.02,
KO+X1,1,1135,1257.5284,
KO+X1,1,1136,1398.7307,
KO+X1,1,1137,2951.6506,
KO+X1,1,1138,1941.1189,
KO+X1,1,1139,2008.8651,
KO+X1,1,1140,1586.8868,
KO+X1,1,1141,645.8483,
KO+X1,1,1142,895.4,
KO+X1,1,1143,1420.845,
KO+X1,1,1144,6267.0269,
KO+X1,1,1145,4788.2383,
KO+X1,1,1146,1221.0267,
KO+X1,1,1147,1085.5902,
KO+X1,1,1148,1281.5809,
KO+X1,1,1149,1798.6917,
KO+X1,1,1150,721.0588,
KO+X1,1,1151,3678.1724,
KO+X1,1,1152,1113.7438,
KO+X1,1,1153,999.3625,
KO+X1,1,1154,4675.0386,
KO+X1,1,1155,1176.7632,
KO+X1,1,1156,1574.7638,
KO+X1,1,1157,1415.8656,
KO+X1,1,1158,1098.4425,
KO+X1,1,1159,869.5972,
KO+X1,1,1160,2203.5322,
KO+X1,1,1161,1947.3806,
KO+X1,1,1162,1209.0078,
KO+X1,1,1163,3153.3623,
KO+X1,1,1164,1456.7554,
KO+X1,1,1165,921.3734,
KO+X1,1,1166,839.391,
KO+X1,1,1167,3080.5889,
KO+X1,1,1168,945.5084,
KO+X1,1,1169,1480.6136,
KO+X1,1,1170,1308.5603,
KO+X1,1,1171,1544.3823,
KO+X1,1,1172,1204.9708,
KO+X1,1,1173,3710.9905,
KO+X1,1,1174,1673.661,
KO+X1,1,1175,1637.4458,
KO+X1,1,1176,1451.4849,
KO+X1,1,1177,1565.2322,
KO+X1,1,1178,1152.7428,
KO+X1,1,1179,1709.0758,
KO+X1,1,1180,3289.7698,
KO+X1,1,1181,1483.6031,
KO+X1,1,1182,1969.3795,
KO+X1,1,1183,1336.2925,
KO+X1,1,1184,3852.4211,
KO+X1,1,1185,1355.1063,
KO+X1,1,1186,1402.8818,
KO+X1,1,1187,1683.9191,
KO+X1,1,1188,1156.317,
KO+X1,1,1189,1595.1356,
KO+X1,1,1190,1699.8975,
KO+X1,1,1191,1961.1932,
KO+X1,1,1192,1676.8734,
KO+X1,1,1193,3280.4368,
KO+X1,1,1194,1409.307,
KO+X1,1,1195,1360.8302,
KO+X1,1,1196,1433.2396,
KO+X1,1,1197,3069.9683,
KO+X1,1,1198,1877.05,
KO+X1,1,1199,1150.4504,
KO+X1,1,1200,1478.6666,
KO+X1,1,1201,1052.7457,
KO+X1,1,1202,1273.6842,
KO+X1,1,1203,1184.9915,
KO+X1,1,1204,866.2933,
KO+X1,1,1205,1580.6907,
KO+X1,1,1206,1860.983,
KO+X1,1,1207,3169.3838,
KO+X1,1,1208,826.4796,
KO+X1,1,1209,1335.7528,
KO+X1,1,1210,899.9254,
KO+X1,1,1211,2821.8267,
KO+X1,1,1212,2729.1714,
KO+X1,1,1213,998.7303,
KO+X1,1,1214,6228.104,
KO+X1,1,1215,1093.2192,
KO+X1,1,1216,1684.1912,
KO+X1,1,1217,1451.0891,
KO+X1,1,1218,1448.322,
KO+X1,1,1219,981.9702,
KO+X1,1,1220,1082.6903,
KO+X1,1,1221,1063.8235,
KO+X1,1,1222,1556.3962,
KO+X1,1,1223,1049.989,
KO+X1,1,1224,1009.0208,
KO+X1,1,1225,1014.8723,
KO+X1,1,1226,2978.7283,
KO+X1,1,1227,2389.1406,
KO+X1,1,1228,3183.6809,
KO+X1,1,1229,1428.9222,
KO+X1,1,1230,1657.8767,
KO+X1,1,1231,1089.6897,
KO+X1,1,1232,3164.1648,
KO+X1,1,1233,1457.3944,
KO+X1,1,1234,1033.4688,
KO+X1,1,1235,1135.2759,
KO+X1,1,1236,1932.5,
KO+X1,1,1237,813.0746,
KO+X1,1,1238,1162.7593,
KO+X1,1,1239,1089.5474,
KO+X1,1,1240,1106.9359,
KO+X1,1,1241,4005.3728,
KO+X1,1,1242,994.9272,
KO+X1,1,1243,1553.0625,
KO+X1,1,1244,1410.8866,
KO+X1,1,1245,1762.644,
KO+X1,1,1246,863.9224,
KO+X1,1,1247,958.075,
KO+X1,1,1248,897.1467,
KO+X1,1,1249,2581.0615,
KO+X1,1,1250,2209.5688,
KO+X1,1,1251,7042.3623,
KO+X1,1,1252,879.7162,
KO+X1,1,1253,1686.8309,
KO+X1,1,1254,1903.5701,
KO+X1,1,1255,1811.4626,
KO+X1,1,1256,2163.0146,
KO+X1,1,1257,1148.8925,
KO+X1,1,1258,990.2,
KO+X1,1,1259,1021.0435,
KO+X1,1,1260,1682.272,
KO+X1,1,1261,1339.4352,
KO+X1,1,1262,1545.3115,
KO+X1,1,1263,1049.027,
KO+X1,1,1264,1121.9642,
KO+X1,1,1265,971.1187,
KO+X1,1,1266,2601.0527,
KO+X1,1,1267,989.2468,
KO+X1,1,1268,1220.79,
KO+X1,1,1269,2259.9062,
KO+X1,1,1270,1163.907,
KO+X1,1,1271,899.1685,
KO+X1,1,1272,1925.1046,
KO+X1,1,1273,1345.4255,
KO+X1,1,1274,1038.4633,
KO+X1,1,1275,2019.6207,
KO+X1,1,1276,2422.5361,
KO+X1,1,1277,2979.9485,
KO+X1,1,1278,1968.329,
KO+X1,1,1279,1090.5385,
KO+X1,1,1280,905.4785,
KO+X1,1,1281,1721.3549,
KO+X1,1,1282,4417.0889,
KO+X1,1,1283,1625.3448,
KO+X1,1,1284,882.37,
KO+X1,1,1285,1128.8422,
KO+X1,1,1286,949.3009,
KO+X1,1,1287,1523.3907,
KO+X1,1,1288,1096.2361,
KO+X1,1,1289,3297.0388,
KO+X1,1,1290,4104,
KO+X1,1,1291,1298.6727,
KO+X1,1,1292,1094.3302,
KO+X1,1,1293,1207.6666,
KO+X1,1,1294,835.9216,
KO+X1,1,1295,1099.9354,
KO+X1,1,1296,959.1667,
KO+X1,1,1297,825.7214,
KO+X1,1,1298,1000.5597,
KO+X1,1,1299,920.1695,
KO+X1,1,1300,1442.6552,
KO+X1,1,1301,758.6631,
KO+X1,1,1302,1173.901,
KO+X1,1,1303,848.5367,
KO+X1,1,1304,952.3204,
KO+X1,1,1305,1955.7312,
KO+X1,1,1306,1155.0535,
KO+X1,1,1307,1118.5739,
KO+X1,1,1308,982.8701,
KO+X1,1,1309,1339.4694,
KO+X1,1,1310,894.5857,
KO+X1,1,1311,897.2388,
KO+X1,1,1312,2954.9866,
KO+X1,1,1313,1460.1489,
KO+X1,1,1314,854.6212,
KO+X1,1,1315,4326.1011,
KO+X1,1,1316,2519.5981,
KO+X1,1,1317,961.5,
KO+X1,1,1318,1646.74,
KO+X1,1,1319,923.7161,
KO+X1,1,1320,948.0645,
KO+X1,1,1321,3136.9817,
KO+X1,1,1322,1222.0909,
KO+X1,1,1323,4638.4351,
KO+X1,1,1324,1154.3043,
KO+X1,1,1325,957.1758,
KO+X1,1,1326,864.4865,
KO+X1,1,1327,1125.8962,
KO+X1,1,1328,999.7487,
KO+X1,1,1329,1115.7969,
KO+X1,1,1330,1060.2188,
KO+X1,1,1331,1628.6771,
KO+X1,1,1332,976.1273,
KO+X1,1,1333,1321.9926,
KO+X1,1,1334,847.0298,
KO+X1,1,1335,2208.9043,
KO+X1,1,1336,1645.7129,
KO+X1,1,1337,1104.9552,
KO+X1,1,1338,852.0455,
KO+X1,1,1339,2943.9929,
KO+X1,1,1340,994.5654,
KO+X1,1,1341,1817.3606,
KO+X1,1,1342,900.8091,
KO+X1,1,1343,1074.5259,
KO+X1,1,1344,3669.8428,
KO+X1,1,1345,462.1228,
KO+X1,1,1346,802.8421,
KO+X1,1,1347,1395.826,
KO+X1,1,1348,3068.7109,
KO+X1,1,1349,1692.2926,
KO+X1,1,1350,796.093,
KO+X1,1,1351,872.7091,
KO+X1,1,1352,1592.7748,
KO+X1,1,1353,1031.9381,
KO+X1,1,1354,1884.1704,
KO+X1,1,1355,818.6439,
KO+X1,1,1356,876.9126,
KO+X1,1,1357,3681.1736,
KO+X1,1,1358,1273.8605,
KO+X1,1,1359,1535.4789,
KO+X1,1,1360,930.2598,
KO+X1,1,1361,1171.5245,
KO+X1,1,1362,1015.3182,
KO+X1,1,1363,1883.8621,
KO+X1,1,1364,845.6594,
KO+X1,1,1365,1504.4615,
KO+X1,1,1366,2554.3928,
KO+X1,1,1367,4179.4927,
KO+X1,1,1368,1413.9733,
KO+X1,1,1369,2935.241,
KO+X1,1,1370,747.6989,
KO+X1,1,1371,764.2424,
KO+X1,1,1372,4064.4839,
KO+X1,1,1373,1399.4661,
KO+X1,1,1374,820.9418,
KO+X1,1,1375,902.5593,
KO+X1,1,1376,5076.6943,
KO+X1,1,1377,1388.8385,
KO+X1,1,1378,1133.3588,
KO+X1,1,1379,4493.9062,
KO+X1,1,1380,915.8405,
KO+X1,1,1381,755.4219,
KO+X1,1,1382,1325.9038,
KO+X1,1,1383,644.2774,
KO+X1,1,1384,651.8024,
KO+X1,1,1385,1931.2222,
KO+X1,1,1386,1162.9529,
KO+X1,1,1387,4285.3931,
KO+X1,1,1388,1375.1981,
KO+X1,1,1389,3761.9121,
KO+X1,1,1390,1513.9091,
KO+X1,1,1391,618.4716,
KO+X1,1,1392,1366.5858,
KO+X1,1,1393,780.6986,
KO+X1,1,1394,1489.8625,
KO+X1,1,1395,1429.7451,
KO+X1,1,1396,2997.8135,
KO+X1,1,1397,766.875,
KO+X1,1,1398,672.8609,
KO+X1,1,1399,941.0444,
KO+X1,1,1400,885.4022,
KO+X1,1,1401,809.7,
KO+X1,1,1402,1038.1163,
KO+X1,1,1403,1442.0618,
KO+X1,1,1404,710.0065,
KO+X1,1,1405,1045.4796,
KO+X1,1,1406,1448.1223,
KO+X1,1,1407,686.14,
KO+X1,1,1408,688.5755,
KO+X1,1,1409,719.4714,
KO+X1,1,1410,919.8036,
KO+X1,1,1411,885.7308,
KO+X1,1,1412,1393.0721,
KO+X1,1,1413,743.5062,
KO+X1,1,1414,3526.9539,
KO+X1,1,1415,765.8873,
KO+X1,1,1416,980.6711,
KO+X1,1,1417,750.279,
KO+X1,1,1418,828.4357,
KO+X1,1,1419,881.2917,
KO+X1,1,1420,4339.812,
KO+X1,1,1421,801.6912,
KO+X1,1,1422,1029.51,
KO+X1,1,1423,768.0441,
KO+X1,1,1424,873.8132,
KO+X1,1,1425,2744.4563,
KO+X1,1,1426,1441.6904,
KO+X1,1,1427,1467.9117,
KO+X1,1,1428,692.4797,
KO+X1,1,1429,706.1569,
KO+X1,1,1430,906.4017,
KO+X1,1,1431,786.7105,
KO+X1,1,1432,2704.5205,
KO+X1,1,1433,916.5177,
KO+X1,1,1434,980.2319,
KO+X1,1,1435,923.3962,
KO+X1,1,1436,893.1781,
KO+X1,1,1437,994.5181,
KO+X1,1,1438,676.4857,
KO+X1,1,1439,4767.7646,
KO+X1,1,1440,944.0155,
KO+X1,1,1441,897.4445,
KO+X1,1,1442,625.2542,
KO+X1,1,1443,745.0633,
KO+X1,1,1444,660.5868,
KO+X1,1,1445,721.0934,
KO+X1,1,1446,1317.9652,
KO+X1,1,1447,752.971,
KO+X1,1,1448,961.8333,
KO+X1,1,1449,887.8532,
KO+X1,1,1450,1284.2742,
KO+X1,1,1451,917.0566,
KO+X1,1,1452,1393.7166,
KO+X1,1,1453,1697.1403,
KO+X1,1,1454,635.2436,
KO+X1,1,1455,1189.6324,
KO+X1,1,1456,1160.8197,
KO+X1,1,1457,787.6481,
KO+X1,1,1458,3090.8066,
KO+X1,1,1459,616.8793,
KO+X1,1,1460,678.6923,
KO+X1,1,1461,761.9072,
KO+X1,1,1462,624.7604,
KO+X1,1,1463,805.9872,
KO+X1,1,1464,1017.4956,
KO+X1,1,1465,3983.9319,
KO+X1,1,1466,1083.5137,
KO+X1,1,1467,1021.7882,
KO+X1,1,1468,691.5846,
KO+X1,1,1469,784.8041,
KO+X1,1,1470,1177.639,
KO+X1,1,1471,762.2857,
KO+X1,1,1472,654.127,
KO+X1,1,1473,661.625,
KO+X1,1,1474,3467.2205,
KO+X1,1,1475,667.7324,
KO+X1,1,1476,757.9,
KO+X1,1,1477,544.5167,
KO+X1,1,1478,646.4974,
KO+X1,1,1479,1194.0869,
KO+X1,1,1480,1220.4,
KO+X1,1,1481,3270.9009,
KO+X1,1,1482,1235.6323,
KO+X1,1,1483,765.7347,
KO+X1,1,1484,671.056,
KO+X1,1,1485,646.2564,
KO+X1,1,1486,758.8163,
KO+X1,1,1487,554.2078,
KO+X1,1,1488,981.4836,
KO+X1,1,1489,1018.985,
KO+X1,1,1490,4437.4214,
KO+X1,1,1491,3569.2139,
KO+X1,1,1492,676.5052,
KO+X1,1,1493,632.5,
KO+X1,1,1494,713.3555,
KO+X1,1,1495,617.1409,
KO+X1,1,1496,638.0814,
KO+X1,1,1497,517.1522,
KO+X1,1,1498,719.375,
KO+X1,1,1499,912.3729,
