"ONTOLOGY","ID","Description","GeneRatio","BgRatio","RichFactor","FoldEnrichment","zScore","pvalue","p.adjust","qvalue","geneID","Count","log2_OE","neglog10p","analysis_name","analysis_description","selection_criteria","thresholds","source_script"
"BP","GO:0014816","skeletal muscle satellite cell
differentiation","3/8","13/18860",0.230769230769231,544.038461538462,40.3465829664959,1.42983350836066e-08,2.81677201147049e-06,1.26427383897153e-06,"PAX7/EPHB1/CDON",3,9.08756483814252,5.55024830323335,"Old/new shared rescued XIST-binding 9-gene GO analysis","GO enrichment analysis for the 9 genes that are XIST-binding and rescued in both old and new experiments.","Genes are XIST-binding, shared between old and new rescued gene lists, and overlap the full XIST-binding list.","Shared rescue gene selection used p.adj < 0.05 and absolute log2FC > 0.5; GO uses clusterProfiler::enrichGO with ont = ALL and BH correction.","Fig4H_shared_rescue_gene_GO.R"
"BP","GO:0035914","skeletal muscle cell differentiation","3/8","83/18860",0.036144578313253,85.210843373494,15.8387012826108,4.52992568386796e-06,0.000446197679860994,0.000200270398655215,"PAX7/EPHB1/CDON",3,6.41296512493669,3.35047269229106,"Old/new shared rescued XIST-binding 9-gene GO analysis","GO enrichment analysis for the 9 genes that are XIST-binding and rescued in both old and new experiments.","Genes are XIST-binding, shared between old and new rescued gene lists, and overlap the full XIST-binding list.","Shared rescue gene selection used p.adj < 0.05 and absolute log2FC > 0.5; GO uses clusterProfiler::enrichGO with ont = ALL and BH correction.","Fig4H_shared_rescue_gene_GO.R"
"BP","GO:0007519","skeletal muscle tissue development","3/8","183/18860",0.0163934426229508,38.6475409836066,10.5422717867814,4.85562405435675e-05,0.00297845687217453,0.00133684412109356,"PAX7/EPHB1/CDON",3,5.27230471799957,2.52600868407016,"Old/new shared rescued XIST-binding 9-gene GO analysis","GO enrichment analysis for the 9 genes that are XIST-binding and rescued in both old and new experiments.","Genes are XIST-binding, shared between old and new rescued gene lists, and overlap the full XIST-binding list.","Shared rescue gene selection used p.adj < 0.05 and absolute log2FC > 0.5; GO uses clusterProfiler::enrichGO with ont = ALL and BH correction.","Fig4H_shared_rescue_gene_GO.R"
"BP","GO:0060538","skeletal muscle organ development","3/8","197/18860",0.0152284263959391,35.9010152284264,10.1439255593595,6.04762816685184e-05,0.00297845687217453,0.00133684412109356,"PAX7/EPHB1/CDON",3,5.16595273682724,2.52600868407016,"Old/new shared rescued XIST-binding 9-gene GO analysis","GO enrichment analysis for the 9 genes that are XIST-binding and rescued in both old and new experiments.","Genes are XIST-binding, shared between old and new rescued gene lists, and overlap the full XIST-binding list.","Shared rescue gene selection used p.adj < 0.05 and absolute log2FC > 0.5; GO uses clusterProfiler::enrichGO with ont = ALL and BH correction.","Fig4H_shared_rescue_gene_GO.R"
"BP","GO:0021953","central nervous system neuron
differentiation","3/8","245/18860",0.0122448979591837,28.8673469387755,9.04425408191246,0.000115562796172738,0.00455317416920588,0.00204363681652842,"PAX7/EPHB1/CDON",3,4.85136661728104,2.34168573662827,"Old/new shared rescued XIST-binding 9-gene GO analysis","GO enrichment analysis for the 9 genes that are XIST-binding and rescued in both old and new experiments.","Genes are XIST-binding, shared between old and new rescued gene lists, and overlap the full XIST-binding list.","Shared rescue gene selection used p.adj < 0.05 and absolute log2FC > 0.5; GO uses clusterProfiler::enrichGO with ont = ALL and BH correction.","Fig4H_shared_rescue_gene_GO.R"
"BP","GO:0007517","muscle organ development","3/8","373/18860",0.00804289544235925,18.9611260053619,7.21739315111559,0.000399141521675782,0.0131051466283548,0.00588208558259047,"PAX7/EPHB1/CDON",3,4.24497273602838,1.88255811553927,"Old/new shared rescued XIST-binding 9-gene GO analysis","GO enrichment analysis for the 9 genes that are XIST-binding and rescued in both old and new experiments.","Genes are XIST-binding, shared between old and new rescued gene lists, and overlap the full XIST-binding list.","Shared rescue gene selection used p.adj < 0.05 and absolute log2FC > 0.5; GO uses clusterProfiler::enrichGO with ont = ALL and BH correction.","Fig4H_shared_rescue_gene_GO.R"
"BP","GO:0014706","striated muscle tissue development","3/8","430/18860",0.00697674418604651,16.4476744186047,6.67513841921611,0.000605187736852427,0.0170317120228469,0.00764447667603066,"PAX7/EPHB1/CDON",3,4.03981170669416,1.76874169468539,"Old/new shared rescued XIST-binding 9-gene GO analysis","GO enrichment analysis for the 9 genes that are XIST-binding and rescued in both old and new experiments.","Genes are XIST-binding, shared between old and new rescued gene lists, and overlap the full XIST-binding list.","Shared rescue gene selection used p.adj < 0.05 and absolute log2FC > 0.5; GO uses clusterProfiler::enrichGO with ont = ALL and BH correction.","Fig4H_shared_rescue_gene_GO.R"
"BP","GO:0060537","muscle tissue development","3/8","453/18860",0.00662251655629139,15.612582781457,6.48500309286401,0.000704566075383143,0.0173499396063099,0.00778730925423474,"PAX7/EPHB1/CDON",3,3.96463731623738,1.76070203261328,"Old/new shared rescued XIST-binding 9-gene GO analysis","GO enrichment analysis for the 9 genes that are XIST-binding and rescued in both old and new experiments.","Genes are XIST-binding, shared between old and new rescued gene lists, and overlap the full XIST-binding list.","Shared rescue gene selection used p.adj < 0.05 and absolute log2FC > 0.5; GO uses clusterProfiler::enrichGO with ont = ALL and BH correction.","Fig4H_shared_rescue_gene_GO.R"
"BP","GO:0048593","camera-type eye morphogenesis","2/8","143/18860",0.013986013986014,32.972027972028,7.90579758997793,0.00155138645233086,0.0339581256787977,0.0152416914614962,"EPHB1/CDON",2,5.04317071878407,1.4690562886819,"Old/new shared rescued XIST-binding 9-gene GO analysis","GO enrichment analysis for the 9 genes that are XIST-binding and rescued in both old and new experiments.","Genes are XIST-binding, shared between old and new rescued gene lists, and overlap the full XIST-binding list.","Shared rescue gene selection used p.adj < 0.05 and absolute log2FC > 0.5; GO uses clusterProfiler::enrichGO with ont = ALL and BH correction.","Fig4H_shared_rescue_gene_GO.R"
"BP","GO:0061351","neural precursor cell proliferation","2/8","168/18860",0.0119047619047619,28.0654761904762,7.25885356555975,0.00213212938880409,0.0420029489594406,0.0188525124904783,"EPHB1/CDON",2,4.8107246327837,1.37672021741513,"Old/new shared rescued XIST-binding 9-gene GO analysis","GO enrichment analysis for the 9 genes that are XIST-binding and rescued in both old and new experiments.","Genes are XIST-binding, shared between old and new rescued gene lists, and overlap the full XIST-binding list.","Shared rescue gene selection used p.adj < 0.05 and absolute log2FC > 0.5; GO uses clusterProfiler::enrichGO with ont = ALL and BH correction.","Fig4H_shared_rescue_gene_GO.R"
"BP","GO:0048592","eye morphogenesis","2/8","177/18860",0.0112994350282486,26.638418079096,7.05960106050004,0.00236288587477886,0.0423171379392214,0.0189935323905669,"EPHB1/CDON",2,4.73543650547946,1.37348371288297,"Old/new shared rescued XIST-binding 9-gene GO analysis","GO enrichment analysis for the 9 genes that are XIST-binding and rescued in both old and new experiments.","Genes are XIST-binding, shared between old and new rescued gene lists, and overlap the full XIST-binding list.","Shared rescue gene selection used p.adj < 0.05 and absolute log2FC > 0.5; GO uses clusterProfiler::enrichGO with ont = ALL and BH correction.","Fig4H_shared_rescue_gene_GO.R"
"BP","GO:0010172","embryonic body morphogenesis","1/8","10/18860",0.1,235.75,15.2959174769651,0.0042347025512055,0.0513418893004626,0.0230441822134056,"CDON",1,7.8811139606751,1.2895281540193,"Old/new shared rescued XIST-binding 9-gene GO analysis","GO enrichment analysis for the 9 genes that are XIST-binding and rescued in both old and new experiments.","Genes are XIST-binding, shared between old and new rescued gene lists, and overlap the full XIST-binding list.","Shared rescue gene selection used p.adj < 0.05 and absolute log2FC > 0.5; GO uses clusterProfiler::enrichGO with ont = ALL and BH correction.","Fig4H_shared_rescue_gene_GO.R"
"BP","GO:0014842","regulation of skeletal muscle satellite
cell proliferation","1/8","13/18860",0.0769230769230769,181.346153846154,13.3993290976627,0.00550204965383205,0.0513418893004626,0.0230441822134056,"EPHB1",1,7.50260233742137,1.2895281540193,"Old/new shared rescued XIST-binding 9-gene GO analysis","GO enrichment analysis for the 9 genes that are XIST-binding and rescued in both old and new experiments.","Genes are XIST-binding, shared between old and new rescued gene lists, and overlap the full XIST-binding list.","Shared rescue gene selection used p.adj < 0.05 and absolute log2FC > 0.5; GO uses clusterProfiler::enrichGO with ont = ALL and BH correction.","Fig4H_shared_rescue_gene_GO.R"
"BP","GO:0021527","spinal cord association neuron
differentiation","1/8","13/18860",0.0769230769230769,181.346153846154,13.3993290976627,0.00550204965383205,0.0513418893004626,0.0230441822134056,"PAX7",1,7.50260233742137,1.2895281540193,"Old/new shared rescued XIST-binding 9-gene GO analysis","GO enrichment analysis for the 9 genes that are XIST-binding and rescued in both old and new experiments.","Genes are XIST-binding, shared between old and new rescued gene lists, and overlap the full XIST-binding list.","Shared rescue gene selection used p.adj < 0.05 and absolute log2FC > 0.5; GO uses clusterProfiler::enrichGO with ont = ALL and BH correction.","Fig4H_shared_rescue_gene_GO.R"
"BP","GO:0051962","positive regulation of nervous system
development","2/8","291/18860",0.00687285223367698,16.2027491408935,5.38393705628231,0.00624760749984027,0.0513418893004626,0.0230441822134056,"EPHB1/CDON",2,4.01816671265417,1.2895281540193,"Old/new shared rescued XIST-binding 9-gene GO analysis","GO enrichment analysis for the 9 genes that are XIST-binding and rescued in both old and new experiments.","Genes are XIST-binding, shared between old and new rescued gene lists, and overlap the full XIST-binding list.","Shared rescue gene selection used p.adj < 0.05 and absolute log2FC > 0.5; GO uses clusterProfiler::enrichGO with ont = ALL and BH correction.","Fig4H_shared_rescue_gene_GO.R"
"BP","GO:2000288","positive regulation of myoblast
proliferation","1/8","15/18860",0.0666666666666667,157.166666666667,12.4641167216283,0.00634616341739103,0.0513418893004626,0.0230441822134056,"PAX7",1,7.29615145995394,1.2895281540193,"Old/new shared rescued XIST-binding 9-gene GO analysis","GO enrichment analysis for the 9 genes that are XIST-binding and rescued in both old and new experiments.","Genes are XIST-binding, shared between old and new rescued gene lists, and overlap the full XIST-binding list.","Shared rescue gene selection used p.adj < 0.05 and absolute log2FC > 0.5; GO uses clusterProfiler::enrichGO with ont = ALL and BH correction.","Fig4H_shared_rescue_gene_GO.R"
"BP","GO:0090596","sensory organ morphogenesis","2/8","300/18860",0.00666666666666667,15.7166666666667,5.29305860832832,0.00662800640222457,0.0513418893004626,0.0230441822134056,"EPHB1/CDON",2,3.97422336506658,1.2895281540193,"Old/new shared rescued XIST-binding 9-gene GO analysis","GO enrichment analysis for the 9 genes that are XIST-binding and rescued in both old and new experiments.","Genes are XIST-binding, shared between old and new rescued gene lists, and overlap the full XIST-binding list.","Shared rescue gene selection used p.adj < 0.05 and absolute log2FC > 0.5; GO uses clusterProfiler::enrichGO with ont = ALL and BH correction.","Fig4H_shared_rescue_gene_GO.R"
"BP","GO:0045165","cell fate commitment","2/8","304/18860",0.00657894736842105,15.5098684210526,5.25392286279337,0.00680043601757183,0.0513418893004626,0.0230441822134056,"PAX7/CDON",2,3.95511454211887,1.2895281540193,"Old/new shared rescued XIST-binding 9-gene GO analysis","GO enrichment analysis for the 9 genes that are XIST-binding and rescued in both old and new experiments.","Genes are XIST-binding, shared between old and new rescued gene lists, and overlap the full XIST-binding list.","Shared rescue gene selection used p.adj < 0.05 and absolute log2FC > 0.5; GO uses clusterProfiler::enrichGO with ont = ALL and BH correction.","Fig4H_shared_rescue_gene_GO.R"
"BP","GO:0001771","immunological synapse formation","1/8","17/18860",0.0588235294117647,138.676470588235,11.6986236276935,0.00718965020308693,0.0513418893004626,0.0230441822134056,"EPHB1",1,7.11557921431212,1.2895281540193,"Old/new shared rescued XIST-binding 9-gene GO analysis","GO enrichment analysis for the 9 genes that are XIST-binding and rescued in both old and new experiments.","Genes are XIST-binding, shared between old and new rescued gene lists, and overlap the full XIST-binding list.","Shared rescue gene selection used p.adj < 0.05 and absolute log2FC > 0.5; GO uses clusterProfiler::enrichGO with ont = ALL and BH correction.","Fig4H_shared_rescue_gene_GO.R"
"BP","GO:0014857","regulation of skeletal muscle cell
proliferation","1/8","17/18860",0.0588235294117647,138.676470588235,11.6986236276935,0.00718965020308693,0.0513418893004626,0.0230441822134056,"EPHB1",1,7.11557921431212,1.2895281540193,"Old/new shared rescued XIST-binding 9-gene GO analysis","GO enrichment analysis for the 9 genes that are XIST-binding and rescued in both old and new experiments.","Genes are XIST-binding, shared between old and new rescued gene lists, and overlap the full XIST-binding list.","Shared rescue gene selection used p.adj < 0.05 and absolute log2FC > 0.5; GO uses clusterProfiler::enrichGO with ont = ALL and BH correction.","Fig4H_shared_rescue_gene_GO.R"
"BP","GO:0021535","cell migration in hindbrain","1/8","17/18860",0.0588235294117647,138.676470588235,11.6986236276935,0.00718965020308693,0.0513418893004626,0.0230441822134056,"EPHB1",1,7.11557921431212,1.2895281540193,"Old/new shared rescued XIST-binding 9-gene GO analysis","GO enrichment analysis for the 9 genes that are XIST-binding and rescued in both old and new experiments.","Genes are XIST-binding, shared between old and new rescued gene lists, and overlap the full XIST-binding list.","Shared rescue gene selection used p.adj < 0.05 and absolute log2FC > 0.5; GO uses clusterProfiler::enrichGO with ont = ALL and BH correction.","Fig4H_shared_rescue_gene_GO.R"
"BP","GO:0021904","dorsal/ventral neural tube patterning","1/8","17/18860",0.0588235294117647,138.676470588235,11.6986236276935,0.00718965020308693,0.0513418893004626,0.0230441822134056,"PAX7",1,7.11557921431212,1.2895281540193,"Old/new shared rescued XIST-binding 9-gene GO analysis","GO enrichment analysis for the 9 genes that are XIST-binding and rescued in both old and new experiments.","Genes are XIST-binding, shared between old and new rescued gene lists, and overlap the full XIST-binding list.","Shared rescue gene selection used p.adj < 0.05 and absolute log2FC > 0.5; GO uses clusterProfiler::enrichGO with ont = ALL and BH correction.","Fig4H_shared_rescue_gene_GO.R"
"BP","GO:0014841","skeletal muscle satellite cell
proliferation","1/8","18/18860",0.0555555555555556,130.972222222222,11.3644626450873,0.00761115860399852,0.0513418893004626,0.0230441822134056,"EPHB1",1,7.03311705412015,1.2895281540193,"Old/new shared rescued XIST-binding 9-gene GO analysis","GO enrichment analysis for the 9 genes that are XIST-binding and rescued in both old and new experiments.","Genes are XIST-binding, shared between old and new rescued gene lists, and overlap the full XIST-binding list.","Shared rescue gene selection used p.adj < 0.05 and absolute log2FC > 0.5; GO uses clusterProfiler::enrichGO with ont = ALL and BH correction.","Fig4H_shared_rescue_gene_GO.R"
"BP","GO:0021554","optic nerve development","1/8","19/18860",0.0526315789473684,124.078947368421,11.0569210141354,0.00803251041013209,0.0513418893004626,0.0230441822134056,"EPHB1",1,6.95511454211887,1.2895281540193,"Old/new shared rescued XIST-binding 9-gene GO analysis","GO enrichment analysis for the 9 genes that are XIST-binding and rescued in both old and new experiments.","Genes are XIST-binding, shared between old and new rescued gene lists, and overlap the full XIST-binding list.","Shared rescue gene selection used p.adj < 0.05 and absolute log2FC > 0.5; GO uses clusterProfiler::enrichGO with ont = ALL and BH correction.","Fig4H_shared_rescue_gene_GO.R"
"BP","GO:0048643","positive regulation of skeletal muscle
tissue development","1/8","19/18860",0.0526315789473684,124.078947368421,11.0569210141354,0.00803251041013209,0.0513418893004626,0.0230441822134056,"CDON",1,6.95511454211887,1.2895281540193,"Old/new shared rescued XIST-binding 9-gene GO analysis","GO enrichment analysis for the 9 genes that are XIST-binding and rescued in both old and new experiments.","Genes are XIST-binding, shared between old and new rescued gene lists, and overlap the full XIST-binding list.","Shared rescue gene selection used p.adj < 0.05 and absolute log2FC > 0.5; GO uses clusterProfiler::enrichGO with ont = ALL and BH correction.","Fig4H_shared_rescue_gene_GO.R"
"BP","GO:0050965","detection of temperature stimulus
involved in sensory perception of pain","1/8","20/18860",0.05,117.875,10.7726309177718,0.00845370567135617,0.0513418893004626,0.0230441822134056,"EPHB1",1,6.8811139606751,1.2895281540193,"Old/new shared rescued XIST-binding 9-gene GO analysis","GO enrichment analysis for the 9 genes that are XIST-binding and rescued in both old and new experiments.","Genes are XIST-binding, shared between old and new rescued gene lists, and overlap the full XIST-binding list.","Shared rescue gene selection used p.adj < 0.05 and absolute log2FC > 0.5; GO uses clusterProfiler::enrichGO with ont = ALL and BH correction.","Fig4H_shared_rescue_gene_GO.R"
"BP","GO:0021516","dorsal spinal cord development","1/8","21/18860",0.0476190476190476,112.261904761905,10.5087926530326,0.00887474443752534,0.0513418893004626,0.0230441822134056,"PAX7",1,6.8107246327837,1.2895281540193,"Old/new shared rescued XIST-binding 9-gene GO analysis","GO enrichment analysis for the 9 genes that are XIST-binding and rescued in both old and new experiments.","Genes are XIST-binding, shared between old and new rescued gene lists, and overlap the full XIST-binding list.","Shared rescue gene selection used p.adj < 0.05 and absolute log2FC > 0.5; GO uses clusterProfiler::enrichGO with ont = ALL and BH correction.","Fig4H_shared_rescue_gene_GO.R"
"BP","GO:0045844","positive regulation of striated muscle
tissue development","1/8","22/18860",0.0454545454545455,107.159090909091,10.2630570519943,0.00929562675848172,0.0513418893004626,0.0230441822134056,"CDON",1,6.74361043692516,1.2895281540193,"Old/new shared rescued XIST-binding 9-gene GO analysis","GO enrichment analysis for the 9 genes that are XIST-binding and rescued in both old and new experiments.","Genes are XIST-binding, shared between old and new rescued gene lists, and overlap the full XIST-binding list.","Shared rescue gene selection used p.adj < 0.05 and absolute log2FC > 0.5; GO uses clusterProfiler::enrichGO with ont = ALL and BH correction.","Fig4H_shared_rescue_gene_GO.R"
"BP","GO:0048636","positive regulation of muscle organ
development","1/8","22/18860",0.0454545454545455,107.159090909091,10.2630570519943,0.00929562675848172,0.0513418893004626,0.0230441822134056,"CDON",1,6.74361043692516,1.2895281540193,"Old/new shared rescued XIST-binding 9-gene GO analysis","GO enrichment analysis for the 9 genes that are XIST-binding and rescued in both old and new experiments.","Genes are XIST-binding, shared between old and new rescued gene lists, and overlap the full XIST-binding list.","Shared rescue gene selection used p.adj < 0.05 and absolute log2FC > 0.5; GO uses clusterProfiler::enrichGO with ont = ALL and BH correction.","Fig4H_shared_rescue_gene_GO.R"
"BP","GO:1901863","positive regulation of muscle tissue
development","1/8","22/18860",0.0454545454545455,107.159090909091,10.2630570519943,0.00929562675848172,0.0513418893004626,0.0230441822134056,"CDON",1,6.74361043692516,1.2895281540193,"Old/new shared rescued XIST-binding 9-gene GO analysis","GO enrichment analysis for the 9 genes that are XIST-binding and rescued in both old and new experiments.","Genes are XIST-binding, shared between old and new rescued gene lists, and overlap the full XIST-binding list.","Shared rescue gene selection used p.adj < 0.05 and absolute log2FC > 0.5; GO uses clusterProfiler::enrichGO with ont = ALL and BH correction.","Fig4H_shared_rescue_gene_GO.R"
"BP","GO:0031290","retinal ganglion cell axon guidance","1/8","23/18860",0.0434782608695652,102.5,10.033436341509,0.00971635268405424,0.0513418893004626,0.0230441822134056,"EPHB1",1,6.67948009950545,1.2895281540193,"Old/new shared rescued XIST-binding 9-gene GO analysis","GO enrichment analysis for the 9 genes that are XIST-binding and rescued in both old and new experiments.","Genes are XIST-binding, shared between old and new rescued gene lists, and overlap the full XIST-binding list.","Shared rescue gene selection used p.adj < 0.05 and absolute log2FC > 0.5; GO uses clusterProfiler::enrichGO with ont = ALL and BH correction.","Fig4H_shared_rescue_gene_GO.R"
"BP","GO:2001014","regulation of skeletal muscle cell
differentiation","1/8","23/18860",0.0434782608695652,102.5,10.033436341509,0.00971635268405424,0.0513418893004626,0.0230441822134056,"EPHB1",1,6.67948009950545,1.2895281540193,"Old/new shared rescued XIST-binding 9-gene GO analysis","GO enrichment analysis for the 9 genes that are XIST-binding and rescued in both old and new experiments.","Genes are XIST-binding, shared between old and new rescued gene lists, and overlap the full XIST-binding list.","Shared rescue gene selection used p.adj < 0.05 and absolute log2FC > 0.5; GO uses clusterProfiler::enrichGO with ont = ALL and BH correction.","Fig4H_shared_rescue_gene_GO.R"
"BP","GO:0050961","detection of temperature stimulus
involved in sensory perception","1/8","24/18860",0.0416666666666667,98.2291666666667,9.8182356541951,0.0101369222640578,0.0513418893004626,0.0230441822134056,"EPHB1",1,6.6180795548413,1.2895281540193,"Old/new shared rescued XIST-binding 9-gene GO analysis","GO enrichment analysis for the 9 genes that are XIST-binding and rescued in both old and new experiments.","Genes are XIST-binding, shared between old and new rescued gene lists, and overlap the full XIST-binding list.","Shared rescue gene selection used p.adj < 0.05 and absolute log2FC > 0.5; GO uses clusterProfiler::enrichGO with ont = ALL and BH correction.","Fig4H_shared_rescue_gene_GO.R"
"BP","GO:0043010","camera-type eye development","2/8","379/18860",0.00527704485488127,12.4406332453826,4.63481648772275,0.0104090722723086,0.0513418893004626,0.0230441822134056,"EPHB1/CDON",2,3.63698801739137,1.2895281540193,"Old/new shared rescued XIST-binding 9-gene GO analysis","GO enrichment analysis for the 9 genes that are XIST-binding and rescued in both old and new experiments.","Genes are XIST-binding, shared between old and new rescued gene lists, and overlap the full XIST-binding list.","Shared rescue gene selection used p.adj < 0.05 and absolute log2FC > 0.5; GO uses clusterProfiler::enrichGO with ont = ALL and BH correction.","Fig4H_shared_rescue_gene_GO.R"
"BP","GO:0014856","skeletal muscle cell proliferation","1/8","25/18860",0.04,94.3,9.61599976446345,0.0105573355482947,0.0513418893004626,0.0230441822134056,"EPHB1",1,6.55918586578773,1.2895281540193,"Old/new shared rescued XIST-binding 9-gene GO analysis","GO enrichment analysis for the 9 genes that are XIST-binding and rescued in both old and new experiments.","Genes are XIST-binding, shared between old and new rescued gene lists, and overlap the full XIST-binding list.","Shared rescue gene selection used p.adj < 0.05 and absolute log2FC > 0.5; GO uses clusterProfiler::enrichGO with ont = ALL and BH correction.","Fig4H_shared_rescue_gene_GO.R"
"BP","GO:0048641","regulation of skeletal muscle tissue
development","1/8","25/18860",0.04,94.3,9.61599976446345,0.0105573355482947,0.0513418893004626,0.0230441822134056,"CDON",1,6.55918586578773,1.2895281540193,"Old/new shared rescued XIST-binding 9-gene GO analysis","GO enrichment analysis for the 9 genes that are XIST-binding and rescued in both old and new experiments.","Genes are XIST-binding, shared between old and new rescued gene lists, and overlap the full XIST-binding list.","Shared rescue gene selection used p.adj < 0.05 and absolute log2FC > 0.5; GO uses clusterProfiler::enrichGO with ont = ALL and BH correction.","Fig4H_shared_rescue_gene_GO.R"
"BP","GO:1902275","regulation of chromatin organization","1/8","25/18860",0.04,94.3,9.61599976446345,0.0105573355482947,0.0513418893004626,0.0230441822134056,"PAX7",1,6.55918586578773,1.2895281540193,"Old/new shared rescued XIST-binding 9-gene GO analysis","GO enrichment analysis for the 9 genes that are XIST-binding and rescued in both old and new experiments.","Genes are XIST-binding, shared between old and new rescued gene lists, and overlap the full XIST-binding list.","Shared rescue gene selection used p.adj < 0.05 and absolute log2FC > 0.5; GO uses clusterProfiler::enrichGO with ont = ALL and BH correction.","Fig4H_shared_rescue_gene_GO.R"
"BP","GO:0071305","cellular response to vitamin D","1/8","26/18860",0.0384615384615385,90.6730769230769,9.42547120468991,0.010977592586554,0.0513418893004626,0.0230441822134056,"CDON",1,6.50260233742137,1.2895281540193,"Old/new shared rescued XIST-binding 9-gene GO analysis","GO enrichment analysis for the 9 genes that are XIST-binding and rescued in both old and new experiments.","Genes are XIST-binding, shared between old and new rescued gene lists, and overlap the full XIST-binding list.","Shared rescue gene selection used p.adj < 0.05 and absolute log2FC > 0.5; GO uses clusterProfiler::enrichGO with ont = ALL and BH correction.","Fig4H_shared_rescue_gene_GO.R"
"BP","GO:2000291","regulation of myoblast proliferation","1/8","26/18860",0.0384615384615385,90.6730769230769,9.42547120468991,0.010977592586554,0.0513418893004626,0.0230441822134056,"PAX7",1,6.50260233742137,1.2895281540193,"Old/new shared rescued XIST-binding 9-gene GO analysis","GO enrichment analysis for the 9 genes that are XIST-binding and rescued in both old and new experiments.","Genes are XIST-binding, shared between old and new rescued gene lists, and overlap the full XIST-binding list.","Shared rescue gene selection used p.adj < 0.05 and absolute log2FC > 0.5; GO uses clusterProfiler::enrichGO with ont = ALL and BH correction.","Fig4H_shared_rescue_gene_GO.R"
"BP","GO:0016048","detection of temperature stimulus","1/8","27/18860",0.037037037037037,87.3148148148148,9.24555699519433,0.0113976934286112,0.0513418893004626,0.0230441822134056,"EPHB1",1,6.44815455339899,1.2895281540193,"Old/new shared rescued XIST-binding 9-gene GO analysis","GO enrichment analysis for the 9 genes that are XIST-binding and rescued in both old and new experiments.","Genes are XIST-binding, shared between old and new rescued gene lists, and overlap the full XIST-binding list.","Shared rescue gene selection used p.adj < 0.05 and absolute log2FC > 0.5; GO uses clusterProfiler::enrichGO with ont = ALL and BH correction.","Fig4H_shared_rescue_gene_GO.R"
"BP","GO:0002052","positive regulation of neuroblast
proliferation","1/8","29/18860",0.0344827586206897,81.2931034482759,8.91386720455204,0.012237426723157,0.0513418893004626,0.0230441822134056,"CDON",1,6.34506106043489,1.2895281540193,"Old/new shared rescued XIST-binding 9-gene GO analysis","GO enrichment analysis for the 9 genes that are XIST-binding and rescued in both old and new experiments.","Genes are XIST-binding, shared between old and new rescued gene lists, and overlap the full XIST-binding list.","Shared rescue gene selection used p.adj < 0.05 and absolute log2FC > 0.5; GO uses clusterProfiler::enrichGO with ont = ALL and BH correction.","Fig4H_shared_rescue_gene_GO.R"
"BP","GO:0021952","central nervous system projection neuron
axonogenesis","1/8","29/18860",0.0344827586206897,81.2931034482759,8.91386720455204,0.012237426723157,0.0513418893004626,0.0230441822134056,"EPHB1",1,6.34506106043489,1.2895281540193,"Old/new shared rescued XIST-binding 9-gene GO analysis","GO enrichment analysis for the 9 genes that are XIST-binding and rescued in both old and new experiments.","Genes are XIST-binding, shared between old and new rescued gene lists, and overlap the full XIST-binding list.","Shared rescue gene selection used p.adj < 0.05 and absolute log2FC > 0.5; GO uses clusterProfiler::enrichGO with ont = ALL and BH correction.","Fig4H_shared_rescue_gene_GO.R"
"BP","GO:0062149","detection of stimulus involved in
sensory perception of pain","1/8","29/18860",0.0344827586206897,81.2931034482759,8.91386720455204,0.012237426723157,0.0513418893004626,0.0230441822134056,"EPHB1",1,6.34506106043489,1.2895281540193,"Old/new shared rescued XIST-binding 9-gene GO analysis","GO enrichment analysis for the 9 genes that are XIST-binding and rescued in both old and new experiments.","Genes are XIST-binding, shared between old and new rescued gene lists, and overlap the full XIST-binding list.","Shared rescue gene selection used p.adj < 0.05 and absolute log2FC > 0.5; GO uses clusterProfiler::enrichGO with ont = ALL and BH correction.","Fig4H_shared_rescue_gene_GO.R"
"BP","GO:0050951","sensory perception of temperature
stimulus","1/8","30/18860",0.0333333333333333,78.5833333333333,8.76051243662339,0.0126570592751305,0.0513418893004626,0.0230441822134056,"EPHB1",1,6.29615145995394,1.2895281540193,"Old/new shared rescued XIST-binding 9-gene GO analysis","GO enrichment analysis for the 9 genes that are XIST-binding and rescued in both old and new experiments.","Genes are XIST-binding, shared between old and new rescued gene lists, and overlap the full XIST-binding list.","Shared rescue gene selection used p.adj < 0.05 and absolute log2FC > 0.5; GO uses clusterProfiler::enrichGO with ont = ALL and BH correction.","Fig4H_shared_rescue_gene_GO.R"
"BP","GO:0021602","cranial nerve morphogenesis","1/8","31/18860",0.032258064516129,76.0483870967742,8.61458162602948,0.0130765358298729,0.0513418893004626,0.0230441822134056,"EPHB1",1,6.24884574517558,1.2895281540193,"Old/new shared rescued XIST-binding 9-gene GO analysis","GO enrichment analysis for the 9 genes that are XIST-binding and rescued in both old and new experiments.","Genes are XIST-binding, shared between old and new rescued gene lists, and overlap the full XIST-binding list.","Shared rescue gene selection used p.adj < 0.05 and absolute log2FC > 0.5; GO uses clusterProfiler::enrichGO with ont = ALL and BH correction.","Fig4H_shared_rescue_gene_GO.R"
"BP","GO:0070168","negative regulation of biomineral tissue
development","1/8","31/18860",0.032258064516129,76.0483870967742,8.61458162602948,0.0130765358298729,0.0513418893004626,0.0230441822134056,"CDON",1,6.24884574517558,1.2895281540193,"Old/new shared rescued XIST-binding 9-gene GO analysis","GO enrichment analysis for the 9 genes that are XIST-binding and rescued in both old and new experiments.","Genes are XIST-binding, shared between old and new rescued gene lists, and overlap the full XIST-binding list.","Shared rescue gene selection used p.adj < 0.05 and absolute log2FC > 0.5; GO uses clusterProfiler::enrichGO with ont = ALL and BH correction.","Fig4H_shared_rescue_gene_GO.R"
"BP","GO:0001654","eye development","2/8","432/18860",0.00462962962962963,10.9143518518519,4.29430322757883,0.0133762474767034,0.0513418893004626,0.0230441822134056,"EPHB1/CDON",2,3.44815455339899,1.2895281540193,"Old/new shared rescued XIST-binding 9-gene GO analysis","GO enrichment analysis for the 9 genes that are XIST-binding and rescued in both old and new experiments.","Genes are XIST-binding, shared between old and new rescued gene lists, and overlap the full XIST-binding list.","Shared rescue gene selection used p.adj < 0.05 and absolute log2FC > 0.5; GO uses clusterProfiler::enrichGO with ont = ALL and BH correction.","Fig4H_shared_rescue_gene_GO.R"
"BP","GO:0150063","visual system development","2/8","436/18860",0.00458715596330275,10.8142201834862,4.27103064541904,0.0136137729432437,0.0513418893004626,0.0230441822134056,"EPHB1/CDON",2,3.43485773078553,1.2895281540193,"Old/new shared rescued XIST-binding 9-gene GO analysis","GO enrichment analysis for the 9 genes that are XIST-binding and rescued in both old and new experiments.","Genes are XIST-binding, shared between old and new rescued gene lists, and overlap the full XIST-binding list.","Shared rescue gene selection used p.adj < 0.05 and absolute log2FC > 0.5; GO uses clusterProfiler::enrichGO with ont = ALL and BH correction.","Fig4H_shared_rescue_gene_GO.R"
"BP","GO:0003002","regionalization","2/8","440/18860",0.00454545454545455,10.7159090909091,4.24805935408538,0.01385317799685,0.0513418893004626,0.0230441822134056,"PAX7/CDON",2,3.4216823420378,1.2895281540193,"Old/new shared rescued XIST-binding 9-gene GO analysis","GO enrichment analysis for the 9 genes that are XIST-binding and rescued in both old and new experiments.","Genes are XIST-binding, shared between old and new rescued gene lists, and overlap the full XIST-binding list.","Shared rescue gene selection used p.adj < 0.05 and absolute log2FC > 0.5; GO uses clusterProfiler::enrichGO with ont = ALL and BH correction.","Fig4H_shared_rescue_gene_GO.R"
"BP","GO:0051450","myoblast proliferation","1/8","33/18860",0.0303030303030303,71.4393939393939,8.34271922263991,0.0139150211464893,0.0513418893004626,0.0230441822134056,"PAX7",1,6.158647936204,1.2895281540193,"Old/new shared rescued XIST-binding 9-gene GO analysis","GO enrichment analysis for the 9 genes that are XIST-binding and rescued in both old and new experiments.","Genes are XIST-binding, shared between old and new rescued gene lists, and overlap the full XIST-binding list.","Shared rescue gene selection used p.adj < 0.05 and absolute log2FC > 0.5; GO uses clusterProfiler::enrichGO with ont = ALL and BH correction.","Fig4H_shared_rescue_gene_GO.R"
"BP","GO:0060292","long-term synaptic depression","1/8","33/18860",0.0303030303030303,71.4393939393939,8.34271922263991,0.0139150211464893,0.0513418893004626,0.0230441822134056,"SORCS2",1,6.158647936204,1.2895281540193,"Old/new shared rescued XIST-binding 9-gene GO analysis","GO enrichment analysis for the 9 genes that are XIST-binding and rescued in both old and new experiments.","Genes are XIST-binding, shared between old and new rescued gene lists, and overlap the full XIST-binding list.","Shared rescue gene selection used p.adj < 0.05 and absolute log2FC > 0.5; GO uses clusterProfiler::enrichGO with ont = ALL and BH correction.","Fig4H_shared_rescue_gene_GO.R"
"BP","GO:0071295","cellular response to vitamin","1/8","33/18860",0.0303030303030303,71.4393939393939,8.34271922263991,0.0139150211464893,0.0513418893004626,0.0230441822134056,"CDON",1,6.158647936204,1.2895281540193,"Old/new shared rescued XIST-binding 9-gene GO analysis","GO enrichment analysis for the 9 genes that are XIST-binding and rescued in both old and new experiments.","Genes are XIST-binding, shared between old and new rescued gene lists, and overlap the full XIST-binding list.","Shared rescue gene selection used p.adj < 0.05 and absolute log2FC > 0.5; GO uses clusterProfiler::enrichGO with ont = ALL and BH correction.","Fig4H_shared_rescue_gene_GO.R"
"BP","GO:0048880","sensory system development","2/8","443/18860",0.00451467268623025,10.6433408577878,4.23102454793558,0.0140339620380883,0.0513418893004626,0.0230441822134056,"EPHB1/CDON",2,3.41187916700744,1.2895281540193,"Old/new shared rescued XIST-binding 9-gene GO analysis","GO enrichment analysis for the 9 genes that are XIST-binding and rescued in both old and new experiments.","Genes are XIST-binding, shared between old and new rescued gene lists, and overlap the full XIST-binding list.","Shared rescue gene selection used p.adj < 0.05 and absolute log2FC > 0.5; GO uses clusterProfiler::enrichGO with ont = ALL and BH correction.","Fig4H_shared_rescue_gene_GO.R"
"BP","GO:0015813","L-glutamate transmembrane transport","1/8","34/18860",0.0294117647058824,69.3382352941177,8.21579887980494,0.0143340300077434,0.0513418893004626,0.0230441822134056,"TTYH2",1,6.11557921431212,1.2895281540193,"Old/new shared rescued XIST-binding 9-gene GO analysis","GO enrichment analysis for the 9 genes that are XIST-binding and rescued in both old and new experiments.","Genes are XIST-binding, shared between old and new rescued gene lists, and overlap the full XIST-binding list.","Shared rescue gene selection used p.adj < 0.05 and absolute log2FC > 0.5; GO uses clusterProfiler::enrichGO with ont = ALL and BH correction.","Fig4H_shared_rescue_gene_GO.R"
"BP","GO:0021532","neural tube patterning","1/8","34/18860",0.0294117647058824,69.3382352941177,8.21579887980494,0.0143340300077434,0.0513418893004626,0.0230441822134056,"PAX7",1,6.11557921431212,1.2895281540193,"Old/new shared rescued XIST-binding 9-gene GO analysis","GO enrichment analysis for the 9 genes that are XIST-binding and rescued in both old and new experiments.","Genes are XIST-binding, shared between old and new rescued gene lists, and overlap the full XIST-binding list.","Shared rescue gene selection used p.adj < 0.05 and absolute log2FC > 0.5; GO uses clusterProfiler::enrichGO with ont = ALL and BH correction.","Fig4H_shared_rescue_gene_GO.R"
"BP","GO:0051960","regulation of nervous system development","2/8","466/18860",0.00429184549356223,10.118025751073,4.1056440079807,0.0154547560830442,0.0543676240778518,0.0244022464469119,"EPHB1/CDON",2,3.33885591090818,1.26465964570759,"Old/new shared rescued XIST-binding 9-gene GO analysis","GO enrichment analysis for the 9 genes that are XIST-binding and rescued in both old and new experiments.","Genes are XIST-binding, shared between old and new rescued gene lists, and overlap the full XIST-binding list.","Shared rescue gene selection used p.adj < 0.05 and absolute log2FC > 0.5; GO uses clusterProfiler::enrichGO with ont = ALL and BH correction.","Fig4H_shared_rescue_gene_GO.R"
"BP","GO:0021955","central nervous system neuron
axonogenesis","1/8","39/18860",0.0256410256410256,60.448717948718,7.65559689423027,0.0164267383298768,0.0567731131751884,0.0254819209549336,"EPHB1",1,5.91763983670021,1.24585729041903,"Old/new shared rescued XIST-binding 9-gene GO analysis","GO enrichment analysis for the 9 genes that are XIST-binding and rescued in both old and new experiments.","Genes are XIST-binding, shared between old and new rescued gene lists, and overlap the full XIST-binding list.","Shared rescue gene selection used p.adj < 0.05 and absolute log2FC > 0.5; GO uses clusterProfiler::enrichGO with ont = ALL and BH correction.","Fig4H_shared_rescue_gene_GO.R"
"BP","GO:0007389","pattern specification process","2/8","486/18860",0.00411522633744856,9.70164609053498,4.00353198669265,0.0167397036696732,0.0568572693607865,0.0255196934347105,"PAX7/CDON",2,3.27822955195668,1.24521400166315,"Old/new shared rescued XIST-binding 9-gene GO analysis","GO enrichment analysis for the 9 genes that are XIST-binding and rescued in both old and new experiments.","Genes are XIST-binding, shared between old and new rescued gene lists, and overlap the full XIST-binding list.","Shared rescue gene selection used p.adj < 0.05 and absolute log2FC > 0.5; GO uses clusterProfiler::enrichGO with ont = ALL and BH correction.","Fig4H_shared_rescue_gene_GO.R"
"BP","GO:0016202","regulation of striated muscle tissue
development","1/8","41/18860",0.024390243902439,57.5,7.46049619587764,0.0172627324591749,0.0576399710924991,0.0258709995819927,"CDON",1,5.84549005094437,1.23927624566463,"Old/new shared rescued XIST-binding 9-gene GO analysis","GO enrichment analysis for the 9 genes that are XIST-binding and rescued in both old and new experiments.","Genes are XIST-binding, shared between old and new rescued gene lists, and overlap the full XIST-binding list.","Shared rescue gene selection used p.adj < 0.05 and absolute log2FC > 0.5; GO uses clusterProfiler::enrichGO with ont = ALL and BH correction.","Fig4H_shared_rescue_gene_GO.R"
"BP","GO:0033280","response to vitamin D","1/8","43/18860",0.0232558139534884,54.8255813953488,7.27902771695902,0.0180981047838578,0.0582776964527635,0.0261572348492232,"CDON",1,5.77677730086036,1.23449762295601,"Old/new shared rescued XIST-binding 9-gene GO analysis","GO enrichment analysis for the 9 genes that are XIST-binding and rescued in both old and new experiments.","Genes are XIST-binding, shared between old and new rescued gene lists, and overlap the full XIST-binding list.","Shared rescue gene selection used p.adj < 0.05 and absolute log2FC > 0.5; GO uses clusterProfiler::enrichGO with ont = ALL and BH correction.","Fig4H_shared_rescue_gene_GO.R"
"BP","GO:1901861","regulation of muscle tissue development","1/8","43/18860",0.0232558139534884,54.8255813953488,7.27902771695902,0.0180981047838578,0.0582776964527635,0.0261572348492232,"CDON",1,5.77677730086036,1.23449762295601,"Old/new shared rescued XIST-binding 9-gene GO analysis","GO enrichment analysis for the 9 genes that are XIST-binding and rescued in both old and new experiments.","Genes are XIST-binding, shared between old and new rescued gene lists, and overlap the full XIST-binding list.","Shared rescue gene selection used p.adj < 0.05 and absolute log2FC > 0.5; GO uses clusterProfiler::enrichGO with ont = ALL and BH correction.","Fig4H_shared_rescue_gene_GO.R"
"BP","GO:0051938","L-glutamate import","1/8","44/18860",0.0227272727272727,53.5795454545455,7.19291820330778,0.0185155578933722,0.0582776964527635,0.0261572348492232,"TTYH2",1,5.74361043692516,1.23449762295601,"Old/new shared rescued XIST-binding 9-gene GO analysis","GO enrichment analysis for the 9 genes that are XIST-binding and rescued in both old and new experiments.","Genes are XIST-binding, shared between old and new rescued gene lists, and overlap the full XIST-binding list.","Shared rescue gene selection used p.adj < 0.05 and absolute log2FC > 0.5; GO uses clusterProfiler::enrichGO with ont = ALL and BH correction.","Fig4H_shared_rescue_gene_GO.R"
"BP","GO:0043403","skeletal muscle tissue regeneration","1/8","45/18860",0.0222222222222222,52.3888888888889,7.10966244118802,0.0189328557003902,0.0582776964527635,0.0261572348492232,"PAX7",1,5.71118895923278,1.23449762295601,"Old/new shared rescued XIST-binding 9-gene GO analysis","GO enrichment analysis for the 9 genes that are XIST-binding and rescued in both old and new experiments.","Genes are XIST-binding, shared between old and new rescued gene lists, and overlap the full XIST-binding list.","Shared rescue gene selection used p.adj < 0.05 and absolute log2FC > 0.5; GO uses clusterProfiler::enrichGO with ont = ALL and BH correction.","Fig4H_shared_rescue_gene_GO.R"
"BP","GO:0048634","regulation of muscle organ development","1/8","45/18860",0.0222222222222222,52.3888888888889,7.10966244118802,0.0189328557003902,0.0582776964527635,0.0261572348492232,"CDON",1,5.71118895923278,1.23449762295601,"Old/new shared rescued XIST-binding 9-gene GO analysis","GO enrichment analysis for the 9 genes that are XIST-binding and rescued in both old and new experiments.","Genes are XIST-binding, shared between old and new rescued gene lists, and overlap the full XIST-binding list.","Shared rescue gene selection used p.adj < 0.05 and absolute log2FC > 0.5; GO uses clusterProfiler::enrichGO with ont = ALL and BH correction.","Fig4H_shared_rescue_gene_GO.R"
"BP","GO:1902692","regulation of neuroblast proliferation","1/8","47/18860",0.0212765957446809,50.1595744680851,6.9511014075279,0.0197669856050255,0.0599091717567697,0.0268895026853789,"CDON",1,5.64845320388482,1.22250668448159,"Old/new shared rescued XIST-binding 9-gene GO analysis","GO enrichment analysis for the 9 genes that are XIST-binding and rescued in both old and new experiments.","Genes are XIST-binding, shared between old and new rescued gene lists, and overlap the full XIST-binding list.","Shared rescue gene selection used p.adj < 0.05 and absolute log2FC > 0.5; GO uses clusterProfiler::enrichGO with ont = ALL and BH correction.","Fig4H_shared_rescue_gene_GO.R"
"BP","GO:0007520","myoblast fusion","1/8","49/18860",0.0204081632653061,48.1122448979592,6.80223302238065,0.0206004948938067,0.0605716043892524,0.0271868275110724,"CDON",1,5.58833221144725,1.21773092281728,"Old/new shared rescued XIST-binding 9-gene GO analysis","GO enrichment analysis for the 9 genes that are XIST-binding and rescued in both old and new experiments.","Genes are XIST-binding, shared between old and new rescued gene lists, and overlap the full XIST-binding list.","Shared rescue gene selection used p.adj < 0.05 and absolute log2FC > 0.5; GO uses clusterProfiler::enrichGO with ont = ALL and BH correction.","Fig4H_shared_rescue_gene_GO.R"
"BP","GO:0010453","regulation of cell fate commitment","1/8","49/18860",0.0204081632653061,48.1122448979592,6.80223302238065,0.0206004948938067,0.0605716043892524,0.0271868275110724,"PAX7",1,5.58833221144725,1.21773092281728,"Old/new shared rescued XIST-binding 9-gene GO analysis","GO enrichment analysis for the 9 genes that are XIST-binding and rescued in both old and new experiments.","Genes are XIST-binding, shared between old and new rescued gene lists, and overlap the full XIST-binding list.","Shared rescue gene selection used p.adj < 0.05 and absolute log2FC > 0.5; GO uses clusterProfiler::enrichGO with ont = ALL and BH correction.","Fig4H_shared_rescue_gene_GO.R"
"BP","GO:0010171","body morphogenesis","1/8","51/18860",0.0196078431372549,46.2254901960784,6.66209967161453,0.0214333839625661,0.0620592560715338,0.0278545418648616,"CDON",1,5.53061671359096,1.2071934347777,"Old/new shared rescued XIST-binding 9-gene GO analysis","GO enrichment analysis for the 9 genes that are XIST-binding and rescued in both old and new experiments.","Genes are XIST-binding, shared between old and new rescued gene lists, and overlap the full XIST-binding list.","Shared rescue gene selection used p.adj < 0.05 and absolute log2FC > 0.5; GO uses clusterProfiler::enrichGO with ont = ALL and BH correction.","Fig4H_shared_rescue_gene_GO.R"
"BP","GO:0021515","cell differentiation in spinal cord","1/8","53/18860",0.0188679245283019,44.4811320754717,6.52987132891989,0.0222656532069258,0.0620592560715338,0.0278545418648616,"PAX7",1,5.47512160099926,1.2071934347777,"Old/new shared rescued XIST-binding 9-gene GO analysis","GO enrichment analysis for the 9 genes that are XIST-binding and rescued in both old and new experiments.","Genes are XIST-binding, shared between old and new rescued gene lists, and overlap the full XIST-binding list.","Shared rescue gene selection used p.adj < 0.05 and absolute log2FC > 0.5; GO uses clusterProfiler::enrichGO with ont = ALL and BH correction.","Fig4H_shared_rescue_gene_GO.R"
"BP","GO:0048013","ephrin receptor signaling pathway","1/8","53/18860",0.0188679245283019,44.4811320754717,6.52987132891989,0.0222656532069258,0.0620592560715338,0.0278545418648616,"EPHB1",1,5.47512160099926,1.2071934347777,"Old/new shared rescued XIST-binding 9-gene GO analysis","GO enrichment analysis for the 9 genes that are XIST-binding and rescued in both old and new experiments.","Genes are XIST-binding, shared between old and new rescued gene lists, and overlap the full XIST-binding list.","Shared rescue gene selection used p.adj < 0.05 and absolute log2FC > 0.5; GO uses clusterProfiler::enrichGO with ont = ALL and BH correction.","Fig4H_shared_rescue_gene_GO.R"
"BP","GO:0031670","cellular response to nutrient","1/8","54/18860",0.0185185185185185,43.6574074074074,6.46649176735181,0.0226815555185301,0.0620592560715338,0.0278545418648616,"CDON",1,5.44815455339899,1.2071934347777,"Old/new shared rescued XIST-binding 9-gene GO analysis","GO enrichment analysis for the 9 genes that are XIST-binding and rescued in both old and new experiments.","Genes are XIST-binding, shared between old and new rescued gene lists, and overlap the full XIST-binding list.","Shared rescue gene selection used p.adj < 0.05 and absolute log2FC > 0.5; GO uses clusterProfiler::enrichGO with ont = ALL and BH correction.","Fig4H_shared_rescue_gene_GO.R"
"BP","GO:2000179","positive regulation of neural precursor
cell proliferation","1/8","54/18860",0.0185185185185185,43.6574074074074,6.46649176735181,0.0226815555185301,0.0620592560715338,0.0278545418648616,"CDON",1,5.44815455339899,1.2071934347777,"Old/new shared rescued XIST-binding 9-gene GO analysis","GO enrichment analysis for the 9 genes that are XIST-binding and rescued in both old and new experiments.","Genes are XIST-binding, shared between old and new rescued gene lists, and overlap the full XIST-binding list.","Shared rescue gene selection used p.adj < 0.05 and absolute log2FC > 0.5; GO uses clusterProfiler::enrichGO with ont = ALL and BH correction.","Fig4H_shared_rescue_gene_GO.R"
"BP","GO:0050805","negative regulation of synaptic
transmission","1/8","57/18860",0.0175438596491228,41.359649122807,6.28632521524743,0.0239283338038835,0.064573722731028,0.0289831296254681,"SORCS2",1,5.37015204139772,1.18994417541949,"Old/new shared rescued XIST-binding 9-gene GO analysis","GO enrichment analysis for the 9 genes that are XIST-binding and rescued in both old and new experiments.","Genes are XIST-binding, shared between old and new rescued gene lists, and overlap the full XIST-binding list.","Shared rescue gene selection used p.adj < 0.05 and absolute log2FC > 0.5; GO uses clusterProfiler::enrichGO with ont = ALL and BH correction.","Fig4H_shared_rescue_gene_GO.R"
"BP","GO:0060997","dendritic spine morphogenesis","1/8","58/18860",0.0172413793103448,40.6465517241379,6.22935385113477,0.0243436171804491,0.0648066565479523,0.0290876791345338,"EPHB1",1,5.34506106043489,1.18838038373479,"Old/new shared rescued XIST-binding 9-gene GO analysis","GO enrichment analysis for the 9 genes that are XIST-binding and rescued in both old and new experiments.","Genes are XIST-binding, shared between old and new rescued gene lists, and overlap the full XIST-binding list.","Shared rescue gene selection used p.adj < 0.05 and absolute log2FC > 0.5; GO uses clusterProfiler::enrichGO with ont = ALL and BH correction.","Fig4H_shared_rescue_gene_GO.R"
"BP","GO:0021545","cranial nerve development","1/8","62/18860",0.0161290322580645,38.0241935483871,6.01521615125004,0.0260032050766459,0.0683017520013232,0.0306564101956246,"EPHB1",1,5.24884574517558,1.16556815613182,"Old/new shared rescued XIST-binding 9-gene GO analysis","GO enrichment analysis for the 9 genes that are XIST-binding and rescued in both old and new experiments.","Genes are XIST-binding, shared between old and new rescued gene lists, and overlap the full XIST-binding list.","Shared rescue gene selection used p.adj < 0.05 and absolute log2FC > 0.5; GO uses clusterProfiler::enrichGO with ont = ALL and BH correction.","Fig4H_shared_rescue_gene_GO.R"
"BP","GO:0000768","syncytium formation by plasma membrane
fusion","1/8","64/18860",0.015625,36.8359375,5.915638782859,0.0268320723491582,0.0686482889971969,0.0308119491090812,"CDON",1,5.20304205556246,1.16337028272928,"Old/new shared rescued XIST-binding 9-gene GO analysis","GO enrichment analysis for the 9 genes that are XIST-binding and rescued in both old and new experiments.","Genes are XIST-binding, shared between old and new rescued gene lists, and overlap the full XIST-binding list.","Shared rescue gene selection used p.adj < 0.05 and absolute log2FC > 0.5; GO uses clusterProfiler::enrichGO with ont = ALL and BH correction.","Fig4H_shared_rescue_gene_GO.R"
"BP","GO:0140253","cell-cell fusion","1/8","64/18860",0.015625,36.8359375,5.915638782859,0.0268320723491582,0.0686482889971969,0.0308119491090812,"CDON",1,5.20304205556246,1.16337028272928,"Old/new shared rescued XIST-binding 9-gene GO analysis","GO enrichment analysis for the 9 genes that are XIST-binding and rescued in both old and new experiments.","Genes are XIST-binding, shared between old and new rescued gene lists, and overlap the full XIST-binding list.","Shared rescue gene selection used p.adj < 0.05 and absolute log2FC > 0.5; GO uses clusterProfiler::enrichGO with ont = ALL and BH correction.","Fig4H_shared_rescue_gene_GO.R"
"BP","GO:0006949","syncytium formation","1/8","67/18860",0.0149253731343284,35.1865671641791,5.77458058142476,0.0280742160223639,0.070905391748791,0.0318250222115866,"CDON",1,5.13695286510469,1.14932073917919,"Old/new shared rescued XIST-binding 9-gene GO analysis","GO enrichment analysis for the 9 genes that are XIST-binding and rescued in both old and new experiments.","Genes are XIST-binding, shared between old and new rescued gene lists, and overlap the full XIST-binding list.","Shared rescue gene selection used p.adj < 0.05 and absolute log2FC > 0.5; GO uses clusterProfiler::enrichGO with ont = ALL and BH correction.","Fig4H_shared_rescue_gene_GO.R"
"BP","GO:0000381","regulation of alternative mRNA splicing,
via spliceosome","1/8","69/18860",0.0144927536231884,34.1666666666667,5.68560956855578,0.0289015408887012,0.0720709310768879,0.0323481603551086,"RBFOX1",1,5.09451759878429,1.14223986729892,"Old/new shared rescued XIST-binding 9-gene GO analysis","GO enrichment analysis for the 9 genes that are XIST-binding and rescued in both old and new experiments.","Genes are XIST-binding, shared between old and new rescued gene lists, and overlap the full XIST-binding list.","Shared rescue gene selection used p.adj < 0.05 and absolute log2FC > 0.5; GO uses clusterProfiler::enrichGO with ont = ALL and BH correction.","Fig4H_shared_rescue_gene_GO.R"
"BP","GO:0051965","positive regulation of synapse assembly","1/8","72/18860",0.0138888888888889,32.7430555555556,5.55904653899368,0.0301413727988391,0.0726253579857914,0.0325970081261367,"EPHB1",1,5.03311705412015,1.13891171386673,"Old/new shared rescued XIST-binding 9-gene GO analysis","GO enrichment analysis for the 9 genes that are XIST-binding and rescued in both old and new experiments.","Genes are XIST-binding, shared between old and new rescued gene lists, and overlap the full XIST-binding list.","Shared rescue gene selection used p.adj < 0.05 and absolute log2FC > 0.5; GO uses clusterProfiler::enrichGO with ont = ALL and BH correction.","Fig4H_shared_rescue_gene_GO.R"
"BP","GO:0060042","retina morphogenesis in camera-type eye","1/8","72/18860",0.0138888888888889,32.7430555555556,5.55904653899368,0.0301413727988391,0.0726253579857914,0.0325970081261367,"CDON",1,5.03311705412015,1.13891171386673,"Old/new shared rescued XIST-binding 9-gene GO analysis","GO enrichment analysis for the 9 genes that are XIST-binding and rescued in both old and new experiments.","Genes are XIST-binding, shared between old and new rescued gene lists, and overlap the full XIST-binding list.","Shared rescue gene selection used p.adj < 0.05 and absolute log2FC > 0.5; GO uses clusterProfiler::enrichGO with ont = ALL and BH correction.","Fig4H_shared_rescue_gene_GO.R"
"BP","GO:0015800","acidic amino acid transport","1/8","74/18860",0.0135135135135135,31.8581081081081,5.47890291990416,0.0309671577198298,0.0726253579857914,0.0325970081261367,"TTYH2",1,4.99358868993351,1.13891171386673,"Old/new shared rescued XIST-binding 9-gene GO analysis","GO enrichment analysis for the 9 genes that are XIST-binding and rescued in both old and new experiments.","Genes are XIST-binding, shared between old and new rescued gene lists, and overlap the full XIST-binding list.","Shared rescue gene selection used p.adj < 0.05 and absolute log2FC > 0.5; GO uses clusterProfiler::enrichGO with ont = ALL and BH correction.","Fig4H_shared_rescue_gene_GO.R"
"BP","GO:0051057","positive regulation of small GTPase
mediated signal transduction","1/8","74/18860",0.0135135135135135,31.8581081081081,5.47890291990416,0.0309671577198298,0.0726253579857914,0.0325970081261367,"CDON",1,4.99358868993351,1.13891171386673,"Old/new shared rescued XIST-binding 9-gene GO analysis","GO enrichment analysis for the 9 genes that are XIST-binding and rescued in both old and new experiments.","Genes are XIST-binding, shared between old and new rescued gene lists, and overlap the full XIST-binding list.","Shared rescue gene selection used p.adj < 0.05 and absolute log2FC > 0.5; GO uses clusterProfiler::enrichGO with ont = ALL and BH correction.","Fig4H_shared_rescue_gene_GO.R"
"BP","GO:1902475","L-alpha-amino acid transmembrane
transport","1/8","74/18860",0.0135135135135135,31.8581081081081,5.47890291990416,0.0309671577198298,0.0726253579857914,0.0325970081261367,"TTYH2",1,4.99358868993351,1.13891171386673,"Old/new shared rescued XIST-binding 9-gene GO analysis","GO enrichment analysis for the 9 genes that are XIST-binding and rescued in both old and new experiments.","Genes are XIST-binding, shared between old and new rescued gene lists, and overlap the full XIST-binding list.","Shared rescue gene selection used p.adj < 0.05 and absolute log2FC > 0.5; GO uses clusterProfiler::enrichGO with ont = ALL and BH correction.","Fig4H_shared_rescue_gene_GO.R"
"BP","GO:0007405","neuroblast proliferation","1/8","76/18860",0.0131578947368421,31.0197368421053,5.40188389397792,0.0317923273509803,0.0736833939781542,0.0330718947056637,"CDON",1,4.95511454211887,1.1326303780333,"Old/new shared rescued XIST-binding 9-gene GO analysis","GO enrichment analysis for the 9 genes that are XIST-binding and rescued in both old and new experiments.","Genes are XIST-binding, shared between old and new rescued gene lists, and overlap the full XIST-binding list.","Shared rescue gene selection used p.adj < 0.05 and absolute log2FC > 0.5; GO uses clusterProfiler::enrichGO with ont = ALL and BH correction.","Fig4H_shared_rescue_gene_GO.R"
"BP","GO:0060415","muscle tissue morphogenesis","1/8","77/18860",0.012987012987013,30.6168831168831,5.36448262440099,0.0322046815556861,0.0737711891450019,0.0331113004978903,"PAX7",1,4.93625551486756,1.13211321593229,"Old/new shared rescued XIST-binding 9-gene GO analysis","GO enrichment analysis for the 9 genes that are XIST-binding and rescued in both old and new experiments.","Genes are XIST-binding, shared between old and new rescued gene lists, and overlap the full XIST-binding list.","Shared rescue gene selection used p.adj < 0.05 and absolute log2FC > 0.5; GO uses clusterProfiler::enrichGO with ont = ALL and BH correction.","Fig4H_shared_rescue_gene_GO.R"
"BP","GO:0048663","neuron fate commitment","1/8","78/18860",0.0128205128205128,30.224358974359,5.32778861293033,0.0326168820852902,0.0738566180551974,0.0331496442246144,"PAX7",1,4.91763983670021,1.13161058286962,"Old/new shared rescued XIST-binding 9-gene GO analysis","GO enrichment analysis for the 9 genes that are XIST-binding and rescued in both old and new experiments.","Genes are XIST-binding, shared between old and new rescued gene lists, and overlap the full XIST-binding list.","Shared rescue gene selection used p.adj < 0.05 and absolute log2FC > 0.5; GO uses clusterProfiler::enrichGO with ont = ALL and BH correction.","Fig4H_shared_rescue_gene_GO.R"
"BP","GO:0009988","cell-cell recognition","1/8","79/18860",0.0126582278481013,29.8417721518987,5.29177949516482,0.0330289289888851,0.0739397614864814,0.033186962141942,"EPHB1",1,4.89926130738536,1.13112195469978,"Old/new shared rescued XIST-binding 9-gene GO analysis","GO enrichment analysis for the 9 genes that are XIST-binding and rescued in both old and new experiments.","Genes are XIST-binding, shared between old and new rescued gene lists, and overlap the full XIST-binding list.","Shared rescue gene selection used p.adj < 0.05 and absolute log2FC > 0.5; GO uses clusterProfiler::enrichGO with ont = ALL and BH correction.","Fig4H_shared_rescue_gene_GO.R"
"BP","GO:0097061","dendritic spine organization","1/8","83/18860",0.0120481927710843,28.4036144578313,5.15417784781432,0.0346755813245584,0.076011993927393,0.0341170584552552,"EPHB1",1,4.82800262421553,1.11911787501519,"Old/new shared rescued XIST-binding 9-gene GO analysis","GO enrichment analysis for the 9 genes that are XIST-binding and rescued in both old and new experiments.","Genes are XIST-binding, shared between old and new rescued gene lists, and overlap the full XIST-binding list.","Shared rescue gene selection used p.adj < 0.05 and absolute log2FC > 0.5; GO uses clusterProfiler::enrichGO with ont = ALL and BH correction.","Fig4H_shared_rescue_gene_GO.R"
"BP","GO:0042246","tissue regeneration","1/8","84/18860",0.0119047619047619,28.0654761904762,5.12129019312749,0.035086860834033,0.076011993927393,0.0341170584552552,"PAX7",1,4.8107246327837,1.11911787501519,"Old/new shared rescued XIST-binding 9-gene GO analysis","GO enrichment analysis for the 9 genes that are XIST-binding and rescued in both old and new experiments.","Genes are XIST-binding, shared between old and new rescued gene lists, and overlap the full XIST-binding list.","Shared rescue gene selection used p.adj < 0.05 and absolute log2FC > 0.5; GO uses clusterProfiler::enrichGO with ont = ALL and BH correction.","Fig4H_shared_rescue_gene_GO.R"
"BP","GO:0019233","sensory perception of pain","1/8","85/18860",0.0117647058823529,27.7352941176471,5.0889720358076,0.0354979870117774,0.076011993927393,0.0341170584552552,"EPHB1",1,4.79365111942476,1.11911787501519,"Old/new shared rescued XIST-binding 9-gene GO analysis","GO enrichment analysis for the 9 genes that are XIST-binding and rescued in both old and new experiments.","Genes are XIST-binding, shared between old and new rescued gene lists, and overlap the full XIST-binding list.","Shared rescue gene selection used p.adj < 0.05 and absolute log2FC > 0.5; GO uses clusterProfiler::enrichGO with ont = ALL and BH correction.","Fig4H_shared_rescue_gene_GO.R"
"BP","GO:0048644","muscle organ morphogenesis","1/8","85/18860",0.0117647058823529,27.7352941176471,5.0889720358076,0.0354979870117774,0.076011993927393,0.0341170584552552,"PAX7",1,4.79365111942476,1.11911787501519,"Old/new shared rescued XIST-binding 9-gene GO analysis","GO enrichment analysis for the 9 genes that are XIST-binding and rescued in both old and new experiments.","Genes are XIST-binding, shared between old and new rescued gene lists, and overlap the full XIST-binding list.","Shared rescue gene selection used p.adj < 0.05 and absolute log2FC > 0.5; GO uses clusterProfiler::enrichGO with ont = ALL and BH correction.","Fig4H_shared_rescue_gene_GO.R"
"BP","GO:0000380","alternative mRNA splicing, via
spliceosome","1/8","86/18860",0.0116279069767442,27.4127906976744,5.05720684362472,0.0359089599067924,0.0760652161466463,0.0341409466006855,"RBFOX1",1,4.77677730086036,1.11881389630504,"Old/new shared rescued XIST-binding 9-gene GO analysis","GO enrichment analysis for the 9 genes that are XIST-binding and rescued in both old and new experiments.","Genes are XIST-binding, shared between old and new rescued gene lists, and overlap the full XIST-binding list.","Shared rescue gene selection used p.adj < 0.05 and absolute log2FC > 0.5; GO uses clusterProfiler::enrichGO with ont = ALL and BH correction.","Fig4H_shared_rescue_gene_GO.R"
"BP","GO:0014855","striated muscle cell proliferation","1/8","87/18860",0.0114942528735632,27.0977011494253,5.02597875012407,0.0363197795680656,0.0761169848394567,0.0341641823484604,"EPHB1",1,4.76009855971373,1.11851842340027,"Old/new shared rescued XIST-binding 9-gene GO analysis","GO enrichment analysis for the 9 genes that are XIST-binding and rescued in both old and new experiments.","Genes are XIST-binding, shared between old and new rescued gene lists, and overlap the full XIST-binding list.","Shared rescue gene selection used p.adj < 0.05 and absolute log2FC > 0.5; GO uses clusterProfiler::enrichGO with ont = ALL and BH correction.","Fig4H_shared_rescue_gene_GO.R"
"BP","GO:0009953","dorsal/ventral pattern formation","1/8","92/18860",0.0108695652173913,25.625,4.8773819156678,0.0383715810819671,0.0773073120516487,0.0346984462321052,"PAX7",1,4.67948009950545,1.111779426735,"Old/new shared rescued XIST-binding 9-gene GO analysis","GO enrichment analysis for the 9 genes that are XIST-binding and rescued in both old and new experiments.","Genes are XIST-binding, shared between old and new rescued gene lists, and overlap the full XIST-binding list.","Shared rescue gene selection used p.adj < 0.05 and absolute log2FC > 0.5; GO uses clusterProfiler::enrichGO with ont = ALL and BH correction.","Fig4H_shared_rescue_gene_GO.R"
"BP","GO:0033273","response to vitamin","1/8","92/18860",0.0108695652173913,25.625,4.8773819156678,0.0383715810819671,0.0773073120516487,0.0346984462321052,"CDON",1,4.67948009950545,1.111779426735,"Old/new shared rescued XIST-binding 9-gene GO analysis","GO enrichment analysis for the 9 genes that are XIST-binding and rescued in both old and new experiments.","Genes are XIST-binding, shared between old and new rescued gene lists, and overlap the full XIST-binding list.","Shared rescue gene selection used p.adj < 0.05 and absolute log2FC > 0.5; GO uses clusterProfiler::enrichGO with ont = ALL and BH correction.","Fig4H_shared_rescue_gene_GO.R"
"BP","GO:0002088","lens development in camera-type eye","1/8","93/18860",0.010752688172043,25.3494623655914,4.84907645830169,0.0387814823688032,0.0773073120516487,0.0346984462321052,"CDON",1,4.66388324445443,1.111779426735,"Old/new shared rescued XIST-binding 9-gene GO analysis","GO enrichment analysis for the 9 genes that are XIST-binding and rescued in both old and new experiments.","Genes are XIST-binding, shared between old and new rescued gene lists, and overlap the full XIST-binding list.","Shared rescue gene selection used p.adj < 0.05 and absolute log2FC > 0.5; GO uses clusterProfiler::enrichGO with ont = ALL and BH correction.","Fig4H_shared_rescue_gene_GO.R"
"BP","GO:0106027","neuron projection organization","1/8","93/18860",0.010752688172043,25.3494623655914,4.84907645830169,0.0387814823688032,0.0773073120516487,0.0346984462321052,"EPHB1",1,4.66388324445443,1.111779426735,"Old/new shared rescued XIST-binding 9-gene GO analysis","GO enrichment analysis for the 9 genes that are XIST-binding and rescued in both old and new experiments.","Genes are XIST-binding, shared between old and new rescued gene lists, and overlap the full XIST-binding list.","Shared rescue gene selection used p.adj < 0.05 and absolute log2FC > 0.5; GO uses clusterProfiler::enrichGO with ont = ALL and BH correction.","Fig4H_shared_rescue_gene_GO.R"
"BP","GO:0015807","L-amino acid transport","1/8","96/18860",0.0104166666666667,24.5572916666667,4.76676642420709,0.0400102690776788,0.0773073120516487,0.0346984462321052,"TTYH2",1,4.6180795548413,1.111779426735,"Old/new shared rescued XIST-binding 9-gene GO analysis","GO enrichment analysis for the 9 genes that are XIST-binding and rescued in both old and new experiments.","Genes are XIST-binding, shared between old and new rescued gene lists, and overlap the full XIST-binding list.","Shared rescue gene selection used p.adj < 0.05 and absolute log2FC > 0.5; GO uses clusterProfiler::enrichGO with ont = ALL and BH correction.","Fig4H_shared_rescue_gene_GO.R"
"BP","GO:0060996","dendritic spine development","1/8","96/18860",0.0104166666666667,24.5572916666667,4.76676642420709,0.0400102690776788,0.0773073120516487,0.0346984462321052,"EPHB1",1,4.6180795548413,1.111779426735,"Old/new shared rescued XIST-binding 9-gene GO analysis","GO enrichment analysis for the 9 genes that are XIST-binding and rescued in both old and new experiments.","Genes are XIST-binding, shared between old and new rescued gene lists, and overlap the full XIST-binding list.","Shared rescue gene selection used p.adj < 0.05 and absolute log2FC > 0.5; GO uses clusterProfiler::enrichGO with ont = ALL and BH correction.","Fig4H_shared_rescue_gene_GO.R"
"BP","GO:2000177","regulation of neural precursor cell
proliferation","1/8","96/18860",0.0104166666666667,24.5572916666667,4.76676642420709,0.0400102690776788,0.0773073120516487,0.0346984462321052,"CDON",1,4.6180795548413,1.111779426735,"Old/new shared rescued XIST-binding 9-gene GO analysis","GO enrichment analysis for the 9 genes that are XIST-binding and rescued in both old and new experiments.","Genes are XIST-binding, shared between old and new rescued gene lists, and overlap the full XIST-binding list.","Shared rescue gene selection used p.adj < 0.05 and absolute log2FC > 0.5; GO uses clusterProfiler::enrichGO with ont = ALL and BH correction.","Fig4H_shared_rescue_gene_GO.R"
"BP","GO:0021675","nerve development","1/8","97/18860",0.0103092783505155,24.3041237113402,4.740161222497,0.040419559092994,0.0773073120516487,0.0346984462321052,"EPHB1",1,4.60312921337533,1.111779426735,"Old/new shared rescued XIST-binding 9-gene GO analysis","GO enrichment analysis for the 9 genes that are XIST-binding and rescued in both old and new experiments.","Genes are XIST-binding, shared between old and new rescued gene lists, and overlap the full XIST-binding list.","Shared rescue gene selection used p.adj < 0.05 and absolute log2FC > 0.5; GO uses clusterProfiler::enrichGO with ont = ALL and BH correction.","Fig4H_shared_rescue_gene_GO.R"
"BP","GO:0045666","positive regulation of neuron
differentiation","1/8","97/18860",0.0103092783505155,24.3041237113402,4.740161222497,0.040419559092994,0.0773073120516487,0.0346984462321052,"CDON",1,4.60312921337533,1.111779426735,"Old/new shared rescued XIST-binding 9-gene GO analysis","GO enrichment analysis for the 9 genes that are XIST-binding and rescued in both old and new experiments.","Genes are XIST-binding, shared between old and new rescued gene lists, and overlap the full XIST-binding list.","Shared rescue gene selection used p.adj < 0.05 and absolute log2FC > 0.5; GO uses clusterProfiler::enrichGO with ont = ALL and BH correction.","Fig4H_shared_rescue_gene_GO.R"
"BP","GO:0021954","central nervous system neuron
development","1/8","98/18860",0.0102040816326531,24.0561224489796,4.71395410817687,0.0408286964125729,0.0773389730122775,0.0347126568689891,"EPHB1",1,4.58833221144725,1.11160159924074,"Old/new shared rescued XIST-binding 9-gene GO analysis","GO enrichment analysis for the 9 genes that are XIST-binding and rescued in both old and new experiments.","Genes are XIST-binding, shared between old and new rescued gene lists, and overlap the full XIST-binding list.","Shared rescue gene selection used p.adj < 0.05 and absolute log2FC > 0.5; GO uses clusterProfiler::enrichGO with ont = ALL and BH correction.","Fig4H_shared_rescue_gene_GO.R"
"BP","GO:0021510","spinal cord development","1/8","104/18860",0.00961538461538462,22.6682692307692,4.56453339631641,0.0432803164532219,0.0811944537267097,0.0364431424688411,"PAX7",1,4.50260233742137,1.09047363576069,"Old/new shared rescued XIST-binding 9-gene GO analysis","GO enrichment analysis for the 9 genes that are XIST-binding and rescued in both old and new experiments.","Genes are XIST-binding, shared between old and new rescued gene lists, and overlap the full XIST-binding list.","Shared rescue gene selection used p.adj < 0.05 and absolute log2FC > 0.5; GO uses clusterProfiler::enrichGO with ont = ALL and BH correction.","Fig4H_shared_rescue_gene_GO.R"
"BP","GO:0070167","regulation of biomineral tissue
development","1/8","105/18860",0.00952380952380952,22.452380952381,4.54085071301122,0.043688386269194,0.0811944537267097,0.0364431424688411,"CDON",1,4.48879653789634,1.09047363576069,"Old/new shared rescued XIST-binding 9-gene GO analysis","GO enrichment analysis for the 9 genes that are XIST-binding and rescued in both old and new experiments.","Genes are XIST-binding, shared between old and new rescued gene lists, and overlap the full XIST-binding list.","Shared rescue gene selection used p.adj < 0.05 and absolute log2FC > 0.5; GO uses clusterProfiler::enrichGO with ont = ALL and BH correction.","Fig4H_shared_rescue_gene_GO.R"
"BP","GO:0006835","dicarboxylic acid transport","1/8","107/18860",0.00934579439252336,22.0327102803738,4.49445834626838,0.0445040690335161,0.0819373981271278,0.0367766040217939,"TTYH2",1,4.46157506916131,1.08651783092439,"Old/new shared rescued XIST-binding 9-gene GO analysis","GO enrichment analysis for the 9 genes that are XIST-binding and rescued in both old and new experiments.","Genes are XIST-binding, shared between old and new rescued gene lists, and overlap the full XIST-binding list.","Shared rescue gene selection used p.adj < 0.05 and absolute log2FC > 0.5; GO uses clusterProfiler::enrichGO with ont = ALL and BH correction.","Fig4H_shared_rescue_gene_GO.R"
"BP","GO:0003333","amino acid transmembrane transport","1/8","111/18860",0.00900900900900901,21.2387387387387,4.40536084250714,0.0461336084555828,0.0833211782051427,0.0373976968700614,"TTYH2",1,4.40862618921235,1.07924459752921,"Old/new shared rescued XIST-binding 9-gene GO analysis","GO enrichment analysis for the 9 genes that are XIST-binding and rescued in both old and new experiments.","Genes are XIST-binding, shared between old and new rescued gene lists, and overlap the full XIST-binding list.","Shared rescue gene selection used p.adj < 0.05 and absolute log2FC > 0.5; GO uses clusterProfiler::enrichGO with ont = ALL and BH correction.","Fig4H_shared_rescue_gene_GO.R"
"BP","GO:0001708","cell fate specification","1/8","112/18860",0.00892857142857143,21.0491071428571,4.38381465185071,0.0465406131562259,0.0833211782051427,0.0373976968700614,"CDON",1,4.39568713350485,1.07924459752921,"Old/new shared rescued XIST-binding 9-gene GO analysis","GO enrichment analysis for the 9 genes that are XIST-binding and rescued in both old and new experiments.","Genes are XIST-binding, shared between old and new rescued gene lists, and overlap the full XIST-binding list.","Shared rescue gene selection used p.adj < 0.05 and absolute log2FC > 0.5; GO uses clusterProfiler::enrichGO with ont = ALL and BH correction.","Fig4H_shared_rescue_gene_GO.R"
"BP","GO:0007218","neuropeptide signaling pathway","1/8","113/18860",0.00884955752212389,20.8628318584071,4.36254687580715,0.0469474658922377,0.0833211782051427,0.0373976968700614,"SORCS2",1,4.38286309314727,1.07924459752921,"Old/new shared rescued XIST-binding 9-gene GO analysis","GO enrichment analysis for the 9 genes that are XIST-binding and rescued in both old and new experiments.","Genes are XIST-binding, shared between old and new rescued gene lists, and overlap the full XIST-binding list.","Shared rescue gene selection used p.adj < 0.05 and absolute log2FC > 0.5; GO uses clusterProfiler::enrichGO with ont = ALL and BH correction.","Fig4H_shared_rescue_gene_GO.R"
"BP","GO:1902476","chloride transmembrane transport","1/8","113/18860",0.00884955752212389,20.8628318584071,4.36254687580715,0.0469474658922377,0.0833211782051427,0.0373976968700614,"TTYH2",1,4.38286309314727,1.07924459752921,"Old/new shared rescued XIST-binding 9-gene GO analysis","GO enrichment analysis for the 9 genes that are XIST-binding and rescued in both old and new experiments.","Genes are XIST-binding, shared between old and new rescued gene lists, and overlap the full XIST-binding list.","Shared rescue gene selection used p.adj < 0.05 and absolute log2FC > 0.5; GO uses clusterProfiler::enrichGO with ont = ALL and BH correction.","Fig4H_shared_rescue_gene_GO.R"
"BP","GO:0048024","regulation of mRNA splicing, via
spliceosome","1/8","117/18860",0.00854700854700855,20.1495726495727,4.28014096895107,0.0485733581625086,0.0854370674822696,0.0383473880230331,"RBFOX1",1,4.33267733597905,1.06835366666062,"Old/new shared rescued XIST-binding 9-gene GO analysis","GO enrichment analysis for the 9 genes that are XIST-binding and rescued in both old and new experiments.","Genes are XIST-binding, shared between old and new rescued gene lists, and overlap the full XIST-binding list.","Shared rescue gene selection used p.adj < 0.05 and absolute log2FC > 0.5; GO uses clusterProfiler::enrichGO with ont = ALL and BH correction.","Fig4H_shared_rescue_gene_GO.R"
"BP","GO:1901890","positive regulation of cell junction
assembly","1/8","120/18860",0.00833333333333333,19.6458333333333,4.22097943168994,0.0497911841184776,0.0868040997463725,0.0389609638188367,"EPHB1",1,4.29615145995394,1.06145976266706,"Old/new shared rescued XIST-binding 9-gene GO analysis","GO enrichment analysis for the 9 genes that are XIST-binding and rescued in both old and new experiments.","Genes are XIST-binding, shared between old and new rescued gene lists, and overlap the full XIST-binding list.","Shared rescue gene selection used p.adj < 0.05 and absolute log2FC > 0.5; GO uses clusterProfiler::enrichGO with ont = ALL and BH correction.","Fig4H_shared_rescue_gene_GO.R"
"BP","GO:0006821","chloride transport","1/8","129/18860",0.00775193798449612,18.2751937984496,4.05567279476301,0.0534364821262755,0.0923419910427743,0.0414465789345073,"TTYH2",1,4.1918148001392,1.03460076559203,"Old/new shared rescued XIST-binding 9-gene GO analysis","GO enrichment analysis for the 9 genes that are XIST-binding and rescued in both old and new experiments.","Genes are XIST-binding, shared between old and new rescued gene lists, and overlap the full XIST-binding list.","Shared rescue gene selection used p.adj < 0.05 and absolute log2FC > 0.5; GO uses clusterProfiler::enrichGO with ont = ALL and BH correction.","Fig4H_shared_rescue_gene_GO.R"
"BP","GO:0098661","inorganic anion transmembrane transport","1/8","133/18860",0.0075187969924812,17.7255639097744,3.98747609587959,0.05505268284527,0.0933752311213807,0.0419103361698957,"TTYH2",1,4.14775962006127,1.02976831021412,"Old/new shared rescued XIST-binding 9-gene GO analysis","GO enrichment analysis for the 9 genes that are XIST-binding and rescued in both old and new experiments.","Genes are XIST-binding, shared between old and new rescued gene lists, and overlap the full XIST-binding list.","Shared rescue gene selection used p.adj < 0.05 and absolute log2FC > 0.5; GO uses clusterProfiler::enrichGO with ont = ALL and BH correction.","Fig4H_shared_rescue_gene_GO.R"
"BP","GO:0021987","cerebral cortex development","1/8","134/18860",0.00746268656716418,17.5932835820896,3.97088978702431,0.0554563555390941,0.0933752311213807,0.0419103361698957,"CDON",1,4.13695286510469,1.02976831021412,"Old/new shared rescued XIST-binding 9-gene GO analysis","GO enrichment analysis for the 9 genes that are XIST-binding and rescued in both old and new experiments.","Genes are XIST-binding, shared between old and new rescued gene lists, and overlap the full XIST-binding list.","Shared rescue gene selection used p.adj < 0.05 and absolute log2FC > 0.5; GO uses clusterProfiler::enrichGO with ont = ALL and BH correction.","Fig4H_shared_rescue_gene_GO.R"
"BP","GO:0046777","protein autophosphorylation","1/8","134/18860",0.00746268656716418,17.5932835820896,3.97088978702431,0.0554563555390941,0.0933752311213807,0.0419103361698957,"EPHB1",1,4.13695286510469,1.02976831021412,"Old/new shared rescued XIST-binding 9-gene GO analysis","GO enrichment analysis for the 9 genes that are XIST-binding and rescued in both old and new experiments.","Genes are XIST-binding, shared between old and new rescued gene lists, and overlap the full XIST-binding list.","Shared rescue gene selection used p.adj < 0.05 and absolute log2FC > 0.5; GO uses clusterProfiler::enrichGO with ont = ALL and BH correction.","Fig4H_shared_rescue_gene_GO.R"
"BP","GO:0048706","embryonic skeletal system development","1/8","136/18860",0.00735294117647059,17.3345588235294,3.93824885463224,0.0562632482822293,0.0935708589472271,0.041998141338857,"PAX7",1,4.11557921431212,1.02885938383591,"Old/new shared rescued XIST-binding 9-gene GO analysis","GO enrichment analysis for the 9 genes that are XIST-binding and rescued in both old and new experiments.","Genes are XIST-binding, shared between old and new rescued gene lists, and overlap the full XIST-binding list.","Shared rescue gene selection used p.adj < 0.05 and absolute log2FC > 0.5; GO uses clusterProfiler::enrichGO with ont = ALL and BH correction.","Fig4H_shared_rescue_gene_GO.R"
"BP","GO:0014902","myotube differentiation","1/8","137/18860",0.0072992700729927,17.2080291970803,3.92218779109959,0.0566664684282312,0.0935708589472271,0.041998141338857,"CDON",1,4.10500997260193,1.02885938383591,"Old/new shared rescued XIST-binding 9-gene GO analysis","GO enrichment analysis for the 9 genes that are XIST-binding and rescued in both old and new experiments.","Genes are XIST-binding, shared between old and new rescued gene lists, and overlap the full XIST-binding list.","Shared rescue gene selection used p.adj < 0.05 and absolute log2FC > 0.5; GO uses clusterProfiler::enrichGO with ont = ALL and BH correction.","Fig4H_shared_rescue_gene_GO.R"
"BP","GO:0001578","microtubule bundle formation","1/8","138/18860",0.0072463768115942,17.0833333333333,3.90629550534848,0.0570695378216282,0.0935708589472271,0.041998141338857,"NAV1",1,4.09451759878429,1.02885938383591,"Old/new shared rescued XIST-binding 9-gene GO analysis","GO enrichment analysis for the 9 genes that are XIST-binding and rescued in both old and new experiments.","Genes are XIST-binding, shared between old and new rescued gene lists, and overlap the full XIST-binding list.","Shared rescue gene selection used p.adj < 0.05 and absolute log2FC > 0.5; GO uses clusterProfiler::enrichGO with ont = ALL and BH correction.","Fig4H_shared_rescue_gene_GO.R"
"BP","GO:0050684","regulation of mRNA processing","1/8","139/18860",0.00719424460431655,16.9604316546763,3.89056897742157,0.0574724565107334,0.0935708589472271,0.041998141338857,"RBFOX1",1,4.08410098283895,1.02885938383591,"Old/new shared rescued XIST-binding 9-gene GO analysis","GO enrichment analysis for the 9 genes that are XIST-binding and rescued in both old and new experiments.","Genes are XIST-binding, shared between old and new rescued gene lists, and overlap the full XIST-binding list.","Shared rescue gene selection used p.adj < 0.05 and absolute log2FC > 0.5; GO uses clusterProfiler::enrichGO with ont = ALL and BH correction.","Fig4H_shared_rescue_gene_GO.R"
"BP","GO:0048813","dendrite morphogenesis","1/8","144/18860",0.00694444444444444,16.3715277777778,3.81432215276809,0.059484791081931,0.0960533101896756,0.0431123593691304,"EPHB1",1,4.03311705412015,1.0174876638857,"Old/new shared rescued XIST-binding 9-gene GO analysis","GO enrichment analysis for the 9 genes that are XIST-binding and rescued in both old and new experiments.","Genes are XIST-binding, shared between old and new rescued gene lists, and overlap the full XIST-binding list.","Shared rescue gene selection used p.adj < 0.05 and absolute log2FC > 0.5; GO uses clusterProfiler::enrichGO with ont = ALL and BH correction.","Fig4H_shared_rescue_gene_GO.R"
"BP","GO:0046328","regulation of JNK cascade","1/8","150/18860",0.00666666666666667,15.7166666666667,3.72772440677786,0.0618946294122236,0.0981780916197458,0.0440660416567387,"EPHB1",1,3.97422336506658,1.00798541394596,"Old/new shared rescued XIST-binding 9-gene GO analysis","GO enrichment analysis for the 9 genes that are XIST-binding and rescued in both old and new experiments.","Genes are XIST-binding, shared between old and new rescued gene lists, and overlap the full XIST-binding list.","Shared rescue gene selection used p.adj < 0.05 and absolute log2FC > 0.5; GO uses clusterProfiler::enrichGO with ont = ALL and BH correction.","Fig4H_shared_rescue_gene_GO.R"
"BP","GO:0090090","negative regulation of canonical Wnt
signaling pathway","1/8","150/18860",0.00666666666666667,15.7166666666667,3.72772440677786,0.0618946294122236,0.0981780916197458,0.0440660416567387,"CDON",1,3.97422336506658,1.00798541394596,"Old/new shared rescued XIST-binding 9-gene GO analysis","GO enrichment analysis for the 9 genes that are XIST-binding and rescued in both old and new experiments.","Genes are XIST-binding, shared between old and new rescued gene lists, and overlap the full XIST-binding list.","Shared rescue gene selection used p.adj < 0.05 and absolute log2FC > 0.5; GO uses clusterProfiler::enrichGO with ont = ALL and BH correction.","Fig4H_shared_rescue_gene_GO.R"
"BP","GO:0098656","monoatomic anion transmembrane transport","1/8","151/18860",0.00662251655629139,15.612582781457,3.71377662894208,0.0622957434135443,0.0981780916197458,0.0440660416567387,"TTYH2",1,3.96463731623738,1.00798541394596,"Old/new shared rescued XIST-binding 9-gene GO analysis","GO enrichment analysis for the 9 genes that are XIST-binding and rescued in both old and new experiments.","Genes are XIST-binding, shared between old and new rescued gene lists, and overlap the full XIST-binding list.","Shared rescue gene selection used p.adj < 0.05 and absolute log2FC > 0.5; GO uses clusterProfiler::enrichGO with ont = ALL and BH correction.","Fig4H_shared_rescue_gene_GO.R"
"BP","GO:0009581","detection of external stimulus","1/8","153/18860",0.0065359477124183,15.4084967320261,3.68627662902896,0.0630975212321279,0.0986524736724539,0.0442789622681599,"EPHB1",1,3.94565421286981,1.00589202050984,"Old/new shared rescued XIST-binding 9-gene GO analysis","GO enrichment analysis for the 9 genes that are XIST-binding and rescued in both old and new experiments.","Genes are XIST-binding, shared between old and new rescued gene lists, and overlap the full XIST-binding list.","Shared rescue gene selection used p.adj < 0.05 and absolute log2FC > 0.5; GO uses clusterProfiler::enrichGO with ont = ALL and BH correction.","Fig4H_shared_rescue_gene_GO.R"
"BP","GO:0009582","detection of abiotic stimulus","1/8","155/18860",0.00645161290322581,15.2096774193548,3.65928992502098,0.0638986991261223,0.0987777981958964,0.044335212655385,"EPHB1",1,3.92691765028822,1.00534065869715,"Old/new shared rescued XIST-binding 9-gene GO analysis","GO enrichment analysis for the 9 genes that are XIST-binding and rescued in both old and new experiments.","Genes are XIST-binding, shared between old and new rescued gene lists, and overlap the full XIST-binding list.","Shared rescue gene selection used p.adj < 0.05 and absolute log2FC > 0.5; GO uses clusterProfiler::enrichGO with ont = ALL and BH correction.","Fig4H_shared_rescue_gene_GO.R"
"BP","GO:1905039","carboxylic acid transmembrane transport","1/8","156/18860",0.00641025641025641,15.1121794871795,3.64598394499443,0.064299063221658,0.0987777981958964,0.044335212655385,"TTYH2",1,3.91763983670021,1.00534065869715,"Old/new shared rescued XIST-binding 9-gene GO analysis","GO enrichment analysis for the 9 genes that are XIST-binding and rescued in both old and new experiments.","Genes are XIST-binding, shared between old and new rescued gene lists, and overlap the full XIST-binding list.","Shared rescue gene selection used p.adj < 0.05 and absolute log2FC > 0.5; GO uses clusterProfiler::enrichGO with ont = ALL and BH correction.","Fig4H_shared_rescue_gene_GO.R"
"BP","GO:0007224","smoothened signaling pathway","1/8","157/18860",0.00636942675159236,15.015923566879,3.63280024324568,0.0646992774803314,0.0987777981958964,0.044335212655385,"CDON",1,3.90842130667083,1.00534065869715,"Old/new shared rescued XIST-binding 9-gene GO analysis","GO enrichment analysis for the 9 genes that are XIST-binding and rescued in both old and new experiments.","Genes are XIST-binding, shared between old and new rescued gene lists, and overlap the full XIST-binding list.","Shared rescue gene selection used p.adj < 0.05 and absolute log2FC > 0.5; GO uses clusterProfiler::enrichGO with ont = ALL and BH correction.","Fig4H_shared_rescue_gene_GO.R"
"BP","GO:1903825","organic acid transmembrane transport","1/8","160/18860",0.00625,14.734375,3.5939637914734,0.0658990217157976,0.0987777981958964,0.044335212655385,"TTYH2",1,3.8811139606751,1.00534065869715,"Old/new shared rescued XIST-binding 9-gene GO analysis","GO enrichment analysis for the 9 genes that are XIST-binding and rescued in both old and new experiments.","Genes are XIST-binding, shared between old and new rescued gene lists, and overlap the full XIST-binding list.","Shared rescue gene selection used p.adj < 0.05 and absolute log2FC > 0.5; GO uses clusterProfiler::enrichGO with ont = ALL and BH correction.","Fig4H_shared_rescue_gene_GO.R"
"BP","GO:0030010","establishment of cell polarity","1/8","164/18860",0.00609756097560976,14.375,3.5437817987968,0.0674965858950234,0.0987777981958964,0.044335212655385,"EPHB1",1,3.84549005094438,1.00534065869715,"Old/new shared rescued XIST-binding 9-gene GO analysis","GO enrichment analysis for the 9 genes that are XIST-binding and rescued in both old and new experiments.","Genes are XIST-binding, shared between old and new rescued gene lists, and overlap the full XIST-binding list.","Shared rescue gene selection used p.adj < 0.05 and absolute log2FC > 0.5; GO uses clusterProfiler::enrichGO with ont = ALL and BH correction.","Fig4H_shared_rescue_gene_GO.R"
"BP","GO:0021915","neural tube development","1/8","165/18860",0.00606060606060606,14.2878787878788,3.5315105125774,0.0678956031881792,0.0987777981958964,0.044335212655385,"PAX7",1,3.83671984131664,1.00534065869715,"Old/new shared rescued XIST-binding 9-gene GO analysis","GO enrichment analysis for the 9 genes that are XIST-binding and rescued in both old and new experiments.","Genes are XIST-binding, shared between old and new rescued gene lists, and overlap the full XIST-binding list.","Shared rescue gene selection used p.adj < 0.05 and absolute log2FC > 0.5; GO uses clusterProfiler::enrichGO with ont = ALL and BH correction.","Fig4H_shared_rescue_gene_GO.R"
"BP","GO:0030902","hindbrain development","1/8","165/18860",0.00606060606060606,14.2878787878788,3.5315105125774,0.0678956031881792,0.0987777981958964,0.044335212655385,"EPHB1",1,3.83671984131664,1.00534065869715,"Old/new shared rescued XIST-binding 9-gene GO analysis","GO enrichment analysis for the 9 genes that are XIST-binding and rescued in both old and new experiments.","Genes are XIST-binding, shared between old and new rescued gene lists, and overlap the full XIST-binding list.","Shared rescue gene selection used p.adj < 0.05 and absolute log2FC > 0.5; GO uses clusterProfiler::enrichGO with ont = ALL and BH correction.","Fig4H_shared_rescue_gene_GO.R"
"BP","GO:0006865","amino acid transport","1/8","166/18860",0.00602409638554217,14.2018072289157,3.5193456269151,0.068294471076625,0.0987777981958964,0.044335212655385,"TTYH2",1,3.82800262421553,1.00534065869715,"Old/new shared rescued XIST-binding 9-gene GO analysis","GO enrichment analysis for the 9 genes that are XIST-binding and rescued in both old and new experiments.","Genes are XIST-binding, shared between old and new rescued gene lists, and overlap the full XIST-binding list.","Shared rescue gene selection used p.adj < 0.05 and absolute log2FC > 0.5; GO uses clusterProfiler::enrichGO with ont = ALL and BH correction.","Fig4H_shared_rescue_gene_GO.R"
"BP","GO:0007584","response to nutrient","1/8","167/18860",0.00598802395209581,14.1167664670659,3.50728555982661,0.0686931896083137,0.0987777981958964,0.044335212655385,"CDON",1,3.81933776308841,1.00534065869715,"Old/new shared rescued XIST-binding 9-gene GO analysis","GO enrichment analysis for the 9 genes that are XIST-binding and rescued in both old and new experiments.","Genes are XIST-binding, shared between old and new rescued gene lists, and overlap the full XIST-binding list.","Shared rescue gene selection used p.adj < 0.05 and absolute log2FC > 0.5; GO uses clusterProfiler::enrichGO with ont = ALL and BH correction.","Fig4H_shared_rescue_gene_GO.R"
"BP","GO:0050657","nucleic acid transport","1/8","167/18860",0.00598802395209581,14.1167664670659,3.50728555982661,0.0686931896083137,0.0987777981958964,0.044335212655385,"RBFOX1",1,3.81933776308841,1.00534065869715,"Old/new shared rescued XIST-binding 9-gene GO analysis","GO enrichment analysis for the 9 genes that are XIST-binding and rescued in both old and new experiments.","Genes are XIST-binding, shared between old and new rescued gene lists, and overlap the full XIST-binding list.","Shared rescue gene selection used p.adj < 0.05 and absolute log2FC > 0.5; GO uses clusterProfiler::enrichGO with ont = ALL and BH correction.","Fig4H_shared_rescue_gene_GO.R"
"BP","GO:0050658","RNA transport","1/8","167/18860",0.00598802395209581,14.1167664670659,3.50728555982661,0.0686931896083137,0.0987777981958964,0.044335212655385,"RBFOX1",1,3.81933776308841,1.00534065869715,"Old/new shared rescued XIST-binding 9-gene GO analysis","GO enrichment analysis for the 9 genes that are XIST-binding and rescued in both old and new experiments.","Genes are XIST-binding, shared between old and new rescued gene lists, and overlap the full XIST-binding list.","Shared rescue gene selection used p.adj < 0.05 and absolute log2FC > 0.5; GO uses clusterProfiler::enrichGO with ont = ALL and BH correction.","Fig4H_shared_rescue_gene_GO.R"
"BP","GO:0051236","establishment of RNA localization","1/8","170/18860",0.00588235294117647,13.8676470588235,3.47171893824857,0.0698884495421711,0.0997174693903227,0.0447569726357847,"RBFOX1",1,3.79365111942476,1.00122875146554,"Old/new shared rescued XIST-binding 9-gene GO analysis","GO enrichment analysis for the 9 genes that are XIST-binding and rescued in both old and new experiments.","Genes are XIST-binding, shared between old and new rescued gene lists, and overlap the full XIST-binding list.","Shared rescue gene selection used p.adj < 0.05 and absolute log2FC > 0.5; GO uses clusterProfiler::enrichGO with ont = ALL and BH correction.","Fig4H_shared_rescue_gene_GO.R"
"BP","GO:0008037","cell recognition","1/8","172/18860",0.00581395348837209,13.7063953488372,3.44850438741812,0.0706845435928463,0.0997174693903227,0.0447569726357847,"EPHB1",1,3.77677730086036,1.00122875146554,"Old/new shared rescued XIST-binding 9-gene GO analysis","GO enrichment analysis for the 9 genes that are XIST-binding and rescued in both old and new experiments.","Genes are XIST-binding, shared between old and new rescued gene lists, and overlap the full XIST-binding list.","Shared rescue gene selection used p.adj < 0.05 and absolute log2FC > 0.5; GO uses clusterProfiler::enrichGO with ont = ALL and BH correction.","Fig4H_shared_rescue_gene_GO.R"
"BP","GO:0015698","inorganic anion transport","1/8","174/18860",0.00574712643678161,13.5488505747126,3.42567381515446,0.0714800413662684,0.0997174693903227,0.0447569726357847,"TTYH2",1,3.76009855971373,1.00122875146554,"Old/new shared rescued XIST-binding 9-gene GO analysis","GO enrichment analysis for the 9 genes that are XIST-binding and rescued in both old and new experiments.","Genes are XIST-binding, shared between old and new rescued gene lists, and overlap the full XIST-binding list.","Shared rescue gene selection used p.adj < 0.05 and absolute log2FC > 0.5; GO uses clusterProfiler::enrichGO with ont = ALL and BH correction.","Fig4H_shared_rescue_gene_GO.R"
"BP","GO:0006820","monoatomic anion transport","1/8","175/18860",0.00571428571428571,13.4714285714286,3.41439911478687,0.071877566768659,0.0997174693903227,0.0447569726357847,"TTYH2",1,3.75183094373013,1.00122875146554,"Old/new shared rescued XIST-binding 9-gene GO analysis","GO enrichment analysis for the 9 genes that are XIST-binding and rescued in both old and new experiments.","Genes are XIST-binding, shared between old and new rescued gene lists, and overlap the full XIST-binding list.","Shared rescue gene selection used p.adj < 0.05 and absolute log2FC > 0.5; GO uses clusterProfiler::enrichGO with ont = ALL and BH correction.","Fig4H_shared_rescue_gene_GO.R"
"BP","GO:0009266","response to temperature stimulus","1/8","175/18860",0.00571428571428571,13.4714285714286,3.41439911478687,0.071877566768659,0.0997174693903227,0.0447569726357847,"EPHB1",1,3.75183094373013,1.00122875146554,"Old/new shared rescued XIST-binding 9-gene GO analysis","GO enrichment analysis for the 9 genes that are XIST-binding and rescued in both old and new experiments.","Genes are XIST-binding, shared between old and new rescued gene lists, and overlap the full XIST-binding list.","Shared rescue gene selection used p.adj < 0.05 and absolute log2FC > 0.5; GO uses clusterProfiler::enrichGO with ont = ALL and BH correction.","Fig4H_shared_rescue_gene_GO.R"
"BP","GO:0051963","regulation of synapse assembly","1/8","181/18860",0.00552486187845304,13.024861878453,3.34863784546746,0.074259593415465,0.101967760670279,0.0457669884921368,"EPHB1",1,3.70319616847925,0.991537118200661,"Old/new shared rescued XIST-binding 9-gene GO analysis","GO enrichment analysis for the 9 genes that are XIST-binding and rescued in both old and new experiments.","Genes are XIST-binding, shared between old and new rescued gene lists, and overlap the full XIST-binding list.","Shared rescue gene selection used p.adj < 0.05 and absolute log2FC > 0.5; GO uses clusterProfiler::enrichGO with ont = ALL and BH correction.","Fig4H_shared_rescue_gene_GO.R"
"BP","GO:0031214","biomineral tissue development","1/8","183/18860",0.00546448087431694,12.8825136612022,3.32740692363106,0.0750524126760934,0.101967760670279,0.0457669884921368,"CDON",1,3.68734221727842,0.991537118200661,"Old/new shared rescued XIST-binding 9-gene GO analysis","GO enrichment analysis for the 9 genes that are XIST-binding and rescued in both old and new experiments.","Genes are XIST-binding, shared between old and new rescued gene lists, and overlap the full XIST-binding list.","Shared rescue gene selection used p.adj < 0.05 and absolute log2FC > 0.5; GO uses clusterProfiler::enrichGO with ont = ALL and BH correction.","Fig4H_shared_rescue_gene_GO.R"
"BP","GO:0060041","retina development in camera-type eye","1/8","183/18860",0.00546448087431694,12.8825136612022,3.32740692363106,0.0750524126760934,0.101967760670279,0.0457669884921368,"CDON",1,3.68734221727842,0.991537118200661,"Old/new shared rescued XIST-binding 9-gene GO analysis","GO enrichment analysis for the 9 genes that are XIST-binding and rescued in both old and new experiments.","Genes are XIST-binding, shared between old and new rescued gene lists, and overlap the full XIST-binding list.","Shared rescue gene selection used p.adj < 0.05 and absolute log2FC > 0.5; GO uses clusterProfiler::enrichGO with ont = ALL and BH correction.","Fig4H_shared_rescue_gene_GO.R"
"BP","GO:0030178","negative regulation of Wnt signaling
pathway","1/8","185/18860",0.00540540540540541,12.7432432432432,3.30650530542101,0.0758446377626247,0.102338312597514,0.0459333062152882,"CDON",1,3.67166059504615,0.989961748157627,"Old/new shared rescued XIST-binding 9-gene GO analysis","GO enrichment analysis for the 9 genes that are XIST-binding and rescued in both old and new experiments.","Genes are XIST-binding, shared between old and new rescued gene lists, and overlap the full XIST-binding list.","Shared rescue gene selection used p.adj < 0.05 and absolute log2FC > 0.5; GO uses clusterProfiler::enrichGO with ont = ALL and BH correction.","Fig4H_shared_rescue_gene_GO.R"
"BP","GO:0007254","JNK cascade","1/8","188/18860",0.00531914893617021,12.5398936170213,3.27575127469938,0.0770318621509621,0.103233175807752,0.0463349546772705,"EPHB1",1,3.64845320388482,0.986180712061064,"Old/new shared rescued XIST-binding 9-gene GO analysis","GO enrichment analysis for the 9 genes that are XIST-binding and rescued in both old and new experiments.","Genes are XIST-binding, shared between old and new rescued gene lists, and overlap the full XIST-binding list.","Shared rescue gene selection used p.adj < 0.05 and absolute log2FC > 0.5; GO uses clusterProfiler::enrichGO with ont = ALL and BH correction.","Fig4H_shared_rescue_gene_GO.R"
"BP","GO:0043484","regulation of RNA splicing","1/8","192/18860",0.00520833333333333,12.2786458333333,3.23581948472324,0.0786127519538116,0.104639946857438,0.0469663667433867,"RBFOX1",1,3.6180795548413,0.980302489581038,"Old/new shared rescued XIST-binding 9-gene GO analysis","GO enrichment analysis for the 9 genes that are XIST-binding and rescued in both old and new experiments.","Genes are XIST-binding, shared between old and new rescued gene lists, and overlap the full XIST-binding list.","Shared rescue gene selection used p.adj < 0.05 and absolute log2FC > 0.5; GO uses clusterProfiler::enrichGO with ont = ALL and BH correction.","Fig4H_shared_rescue_gene_GO.R"
"BP","GO:0031099","regeneration","1/8","194/18860",0.00515463917525773,12.1520618556701,3.21629601049287,0.0794023079778288,0.104981574977398,0.0471197023676271,"PAX7",1,3.60312921337533,0.97888691605195,"Old/new shared rescued XIST-binding 9-gene GO analysis","GO enrichment analysis for the 9 genes that are XIST-binding and rescued in both old and new experiments.","Genes are XIST-binding, shared between old and new rescued gene lists, and overlap the full XIST-binding list.","Shared rescue gene selection used p.adj < 0.05 and absolute log2FC > 0.5; GO uses clusterProfiler::enrichGO with ont = ALL and BH correction.","Fig4H_shared_rescue_gene_GO.R"
"BP","GO:0001764","neuron migration","1/8","197/18860",0.0050761421319797,11.9670050761421,3.18754289447986,0.0805855319881895,0.105835665344489,0.0475030504351433,"NAV1",1,3.58099023610608,0.975367955626296,"Old/new shared rescued XIST-binding 9-gene GO analysis","GO enrichment analysis for the 9 genes that are XIST-binding and rescued in both old and new experiments.","Genes are XIST-binding, shared between old and new rescued gene lists, and overlap the full XIST-binding list.","Shared rescue gene selection used p.adj < 0.05 and absolute log2FC > 0.5; GO uses clusterProfiler::enrichGO with ont = ALL and BH correction.","Fig4H_shared_rescue_gene_GO.R"
"BP","GO:0045664","regulation of neuron differentiation","1/8","199/18860",0.0050251256281407,11.8467336683417,3.16871855216122,0.08137360853296,0.106162919741676,0.0476499345888368,"CDON",1,3.56641743501881,0.974027145811843,"Old/new shared rescued XIST-binding 9-gene GO analysis","GO enrichment analysis for the 9 genes that are XIST-binding and rescued in both old and new experiments.","Genes are XIST-binding, shared between old and new rescued gene lists, and overlap the full XIST-binding list.","Shared rescue gene selection used p.adj < 0.05 and absolute log2FC > 0.5; GO uses clusterProfiler::enrichGO with ont = ALL and BH correction.","Fig4H_shared_rescue_gene_GO.R"
"BP","GO:0021543","pallium development","1/8","201/18860",0.00497512437810945,11.728855721393,3.15016179160878,0.082161093951732,0.106485102029547,0.0477945421879881,"CDON",1,3.55199036438353,0.972711148647247,"Old/new shared rescued XIST-binding 9-gene GO analysis","GO enrichment analysis for the 9 genes that are XIST-binding and rescued in both old and new experiments.","Genes are XIST-binding, shared between old and new rescued gene lists, and overlap the full XIST-binding list.","Shared rescue gene selection used p.adj < 0.05 and absolute log2FC > 0.5; GO uses clusterProfiler::enrichGO with ont = ALL and BH correction.","Fig4H_shared_rescue_gene_GO.R"
"BP","GO:0006403","RNA localization","1/8","208/18860",0.00480769230769231,11.3341346153846,3.08722787431445,0.0849126432859711,0.109331965538146,0.0490723222292506,"RBFOX1",1,3.50260233742137,0.96125284420571,"Old/new shared rescued XIST-binding 9-gene GO analysis","GO enrichment analysis for the 9 genes that are XIST-binding and rescued in both old and new experiments.","Genes are XIST-binding, shared between old and new rescued gene lists, and overlap the full XIST-binding list.","Shared rescue gene selection used p.adj < 0.05 and absolute log2FC > 0.5; GO uses clusterProfiler::enrichGO with ont = ALL and BH correction.","Fig4H_shared_rescue_gene_GO.R"
"BP","GO:0051216","cartilage development","1/8","216/18860",0.00462962962962963,10.9143518518519,3.01888982908962,0.0880484307837041,0.112633382236297,0.0505541229380119,"PAX7",1,3.44815455339899,0.948332874383512,"Old/new shared rescued XIST-binding 9-gene GO analysis","GO enrichment analysis for the 9 genes that are XIST-binding and rescued in both old and new experiments.","Genes are XIST-binding, shared between old and new rescued gene lists, and overlap the full XIST-binding list.","Shared rescue gene selection used p.adj < 0.05 and absolute log2FC > 0.5; GO uses clusterProfiler::enrichGO with ont = ALL and BH correction.","Fig4H_shared_rescue_gene_GO.R"
"BP","GO:0009952","anterior/posterior pattern specification","1/8","224/18860",0.00446428571428571,10.5245535714286,2.95405036375813,0.0911748118504542,0.115880244738964,0.0520114376600214,"CDON",1,3.39568713350485,0.935990596237783,"Old/new shared rescued XIST-binding 9-gene GO analysis","GO enrichment analysis for the 9 genes that are XIST-binding and rescued in both old and new experiments.","Genes are XIST-binding, shared between old and new rescued gene lists, and overlap the full XIST-binding list.","Shared rescue gene selection used p.adj < 0.05 and absolute log2FC > 0.5; GO uses clusterProfiler::enrichGO with ont = ALL and BH correction.","Fig4H_shared_rescue_gene_GO.R"
"BP","GO:0048167","regulation of synaptic plasticity","1/8","231/18860",0.00432900432900433,10.2056277056277,2.89994815678582,0.0939026980934438,0.118582253361592,0.0532242013485106,"SORCS2",1,3.3512930141464,0.925980301223243,"Old/new shared rescued XIST-binding 9-gene GO analysis","GO enrichment analysis for the 9 genes that are XIST-binding and rescued in both old and new experiments.","Genes are XIST-binding, shared between old and new rescued gene lists, and overlap the full XIST-binding list.","Shared rescue gene selection used p.adj < 0.05 and absolute log2FC > 0.5; GO uses clusterProfiler::enrichGO with ont = ALL and BH correction.","Fig4H_shared_rescue_gene_GO.R"
"BP","GO:0050769","positive regulation of neurogenesis","1/8","235/18860",0.00425531914893617,10.031914893617,2.87006171367742,0.0954582713160742,0.119505186477613,0.0536384486461101,"CDON",1,3.32652510899746,0.922613246098862,"Old/new shared rescued XIST-binding 9-gene GO analysis","GO enrichment analysis for the 9 genes that are XIST-binding and rescued in both old and new experiments.","Genes are XIST-binding, shared between old and new rescued gene lists, and overlap the full XIST-binding list.","Shared rescue gene selection used p.adj < 0.05 and absolute log2FC > 0.5; GO uses clusterProfiler::enrichGO with ont = ALL and BH correction.","Fig4H_shared_rescue_gene_GO.R"
"BP","GO:0007163","establishment or maintenance of cell
polarity","1/8","236/18860",0.00423728813559322,9.98940677966102,2.86270213128958,0.0958467993069182,0.119505186477613,0.0536384486461101,"EPHB1",1,3.32039900620062,0.922613246098862,"Old/new shared rescued XIST-binding 9-gene GO analysis","GO enrichment analysis for the 9 genes that are XIST-binding and rescued in both old and new experiments.","Genes are XIST-binding, shared between old and new rescued gene lists, and overlap the full XIST-binding list.","Shared rescue gene selection used p.adj < 0.05 and absolute log2FC > 0.5; GO uses clusterProfiler::enrichGO with ont = ALL and BH correction.","Fig4H_shared_rescue_gene_GO.R"
"BP","GO:0015931","nucleobase-containing compound transport","1/8","241/18860",0.004149377593361,9.78215767634855,2.82655332895114,0.0977872497251737,0.120057583626878,0.0538863853842253,"RBFOX1",1,3.2901527193325,0.92061040184366,"Old/new shared rescued XIST-binding 9-gene GO analysis","GO enrichment analysis for the 9 genes that are XIST-binding and rescued in both old and new experiments.","Genes are XIST-binding, shared between old and new rescued gene lists, and overlap the full XIST-binding list.","Shared rescue gene selection used p.adj < 0.05 and absolute log2FC > 0.5; GO uses clusterProfiler::enrichGO with ont = ALL and BH correction.","Fig4H_shared_rescue_gene_GO.R"
"BP","GO:0016358","dendrite development","1/8","241/18860",0.004149377593361,9.78215767634855,2.82655332895114,0.0977872497251737,0.120057583626878,0.0538863853842253,"EPHB1",1,3.2901527193325,0.92061040184366,"Old/new shared rescued XIST-binding 9-gene GO analysis","GO enrichment analysis for the 9 genes that are XIST-binding and rescued in both old and new experiments.","Genes are XIST-binding, shared between old and new rescued gene lists, and overlap the full XIST-binding list.","Shared rescue gene selection used p.adj < 0.05 and absolute log2FC > 0.5; GO uses clusterProfiler::enrichGO with ont = ALL and BH correction.","Fig4H_shared_rescue_gene_GO.R"
"BP","GO:0007411","axon guidance","1/8","243/18860",0.00411522633744856,9.70164609053498,2.81238848771093,0.0985624089867405,0.120057583626878,0.0538863853842253,"EPHB1",1,3.27822955195668,0.92061040184366,"Old/new shared rescued XIST-binding 9-gene GO analysis","GO enrichment analysis for the 9 genes that are XIST-binding and rescued in both old and new experiments.","Genes are XIST-binding, shared between old and new rescued gene lists, and overlap the full XIST-binding list.","Shared rescue gene selection used p.adj < 0.05 and absolute log2FC > 0.5; GO uses clusterProfiler::enrichGO with ont = ALL and BH correction.","Fig4H_shared_rescue_gene_GO.R"
"BP","GO:0097485","neuron projection guidance","1/8","244/18860",0.0040983606557377,9.66188524590164,2.80536750423016,0.0989497700399771,0.120057583626878,0.0538863853842253,"EPHB1",1,3.27230471799957,0.92061040184366,"Old/new shared rescued XIST-binding 9-gene GO analysis","GO enrichment analysis for the 9 genes that are XIST-binding and rescued in both old and new experiments.","Genes are XIST-binding, shared between old and new rescued gene lists, and overlap the full XIST-binding list.","Shared rescue gene selection used p.adj < 0.05 and absolute log2FC > 0.5; GO uses clusterProfiler::enrichGO with ont = ALL and BH correction.","Fig4H_shared_rescue_gene_GO.R"
"BP","GO:0099173","postsynapse organization","1/8","245/18860",0.00408163265306122,9.62244897959184,2.79838692757819,0.0993369854374677,0.120057583626878,0.0538863853842253,"EPHB1",1,3.26640411655989,0.92061040184366,"Old/new shared rescued XIST-binding 9-gene GO analysis","GO enrichment analysis for the 9 genes that are XIST-binding and rescued in both old and new experiments.","Genes are XIST-binding, shared between old and new rescued gene lists, and overlap the full XIST-binding list.","Shared rescue gene selection used p.adj < 0.05 and absolute log2FC > 0.5; GO uses clusterProfiler::enrichGO with ont = ALL and BH correction.","Fig4H_shared_rescue_gene_GO.R"
"BP","GO:0033002","muscle cell proliferation","1/8","252/18860",0.00396825396825397,9.35515873015873,2.75062087670102,0.102043418801036,0.122576545754903,0.0550169908811747,"EPHB1",1,3.22576213206254,0.911592621364738,"Old/new shared rescued XIST-binding 9-gene GO analysis","GO enrichment analysis for the 9 genes that are XIST-binding and rescued in both old and new experiments.","Genes are XIST-binding, shared between old and new rescued gene lists, and overlap the full XIST-binding list.","Shared rescue gene selection used p.adj < 0.05 and absolute log2FC > 0.5; GO uses clusterProfiler::enrichGO with ont = ALL and BH correction.","Fig4H_shared_rescue_gene_GO.R"
"BP","GO:0060828","regulation of canonical Wnt signaling
pathway","1/8","278/18860",0.00359712230215827,8.48021582733813,2.58830771641131,0.112033687295326,0.133761432710178,0.0600371912778783,"CDON",1,3.08410098283895,0.87366908817964,"Old/new shared rescued XIST-binding 9-gene GO analysis","GO enrichment analysis for the 9 genes that are XIST-binding and rescued in both old and new experiments.","Genes are XIST-binding, shared between old and new rescued gene lists, and overlap the full XIST-binding list.","Shared rescue gene selection used p.adj < 0.05 and absolute log2FC > 0.5; GO uses clusterProfiler::enrichGO with ont = ALL and BH correction.","Fig4H_shared_rescue_gene_GO.R"
"BP","GO:0031669","cellular response to nutrient levels","1/8","282/18860",0.00354609929078014,8.35992907801418,2.56521819972767,0.113561987175802,0.134507262690133,0.0603719479880908,"CDON",1,3.06349070316367,0.871254265393221,"Old/new shared rescued XIST-binding 9-gene GO analysis","GO enrichment analysis for the 9 genes that are XIST-binding and rescued in both old and new experiments.","Genes are XIST-binding, shared between old and new rescued gene lists, and overlap the full XIST-binding list.","Shared rescue gene selection used p.adj < 0.05 and absolute log2FC > 0.5; GO uses clusterProfiler::enrichGO with ont = ALL and BH correction.","Fig4H_shared_rescue_gene_GO.R"
"BP","GO:0007416","synapse assembly","1/8","284/18860",0.00352112676056338,8.30105633802817,2.55384406799413,0.114325273646643,0.134507262690133,0.0603719479880908,"EPHB1",1,3.05329493605778,0.871254265393221,"Old/new shared rescued XIST-binding 9-gene GO analysis","GO enrichment analysis for the 9 genes that are XIST-binding and rescued in both old and new experiments.","Genes are XIST-binding, shared between old and new rescued gene lists, and overlap the full XIST-binding list.","Shared rescue gene selection used p.adj < 0.05 and absolute log2FC > 0.5; GO uses clusterProfiler::enrichGO with ont = ALL and BH correction.","Fig4H_shared_rescue_gene_GO.R"
"BP","GO:1901888","regulation of cell junction assembly","1/8","285/18860",0.00350877192982456,8.2719298245614,2.54819879620841,0.114706701177373,0.134507262690133,0.0603719479880908,"EPHB1",1,3.04822394651036,0.871254265393221,"Old/new shared rescued XIST-binding 9-gene GO analysis","GO enrichment analysis for the 9 genes that are XIST-binding and rescued in both old and new experiments.","Genes are XIST-binding, shared between old and new rescued gene lists, and overlap the full XIST-binding list.","Shared rescue gene selection used p.adj < 0.05 and absolute log2FC > 0.5; GO uses clusterProfiler::enrichGO with ont = ALL and BH correction.","Fig4H_shared_rescue_gene_GO.R"
"BP","GO:0021537","telencephalon development","1/8","291/18860",0.00343642611683849,8.10137457044674,2.51489736139408,0.116992249421351,0.136375580686427,0.0612105197844505,"CDON",1,3.01816671265418,0.865263387176293,"Old/new shared rescued XIST-binding 9-gene GO analysis","GO enrichment analysis for the 9 genes that are XIST-binding and rescued in both old and new experiments.","Genes are XIST-binding, shared between old and new rescued gene lists, and overlap the full XIST-binding list.","Shared rescue gene selection used p.adj < 0.05 and absolute log2FC > 0.5; GO uses clusterProfiler::enrichGO with ont = ALL and BH correction.","Fig4H_shared_rescue_gene_GO.R"
"BP","GO:0070372","regulation of ERK1 and ERK2 cascade","1/8","303/18860",0.0033003300330033,7.78052805280528,2.45107474787726,0.12154786193118,0.140852522355543,0.063219940571016,"EPHB1",1,2.95986807208951,0.851235371359888,"Old/new shared rescued XIST-binding 9-gene GO analysis","GO enrichment analysis for the 9 genes that are XIST-binding and rescued in both old and new experiments.","Genes are XIST-binding, shared between old and new rescued gene lists, and overlap the full XIST-binding list.","Shared rescue gene selection used p.adj < 0.05 and absolute log2FC > 0.5; GO uses clusterProfiler::enrichGO with ont = ALL and BH correction.","Fig4H_shared_rescue_gene_GO.R"
"BP","GO:0061448","connective tissue development","1/8","307/18860",0.00325732899022801,7.67915309446254,2.43057553284021,0.123061822453142,0.141772976744263,0.0636330753220308,"PAX7",1,2.94094721019228,0.848406541855909,"Old/new shared rescued XIST-binding 9-gene GO analysis","GO enrichment analysis for the 9 genes that are XIST-binding and rescued in both old and new experiments.","Genes are XIST-binding, shared between old and new rescued gene lists, and overlap the full XIST-binding list.","Shared rescue gene selection used p.adj < 0.05 and absolute log2FC > 0.5; GO uses clusterProfiler::enrichGO with ont = ALL and BH correction.","Fig4H_shared_rescue_gene_GO.R"
"BP","GO:0051056","regulation of small GTPase mediated
signal transduction","1/8","314/18860",0.00318471337579618,7.50796178343949,2.39557790317432,0.125705760324211,0.143976946417846,0.0646223002890679,"CDON",1,2.90842130667083,0.841707041550853,"Old/new shared rescued XIST-binding 9-gene GO analysis","GO enrichment analysis for the 9 genes that are XIST-binding and rescued in both old and new experiments.","Genes are XIST-binding, shared between old and new rescued gene lists, and overlap the full XIST-binding list.","Shared rescue gene selection used p.adj < 0.05 and absolute log2FC > 0.5; GO uses clusterProfiler::enrichGO with ont = ALL and BH correction.","Fig4H_shared_rescue_gene_GO.R"
"BP","GO:0051146","striated muscle cell differentiation","1/8","321/18860",0.00311526479750779,7.34423676012461,2.36164357914253,0.128342720607387,0.145733422566894,0.0654106732333375,"CDON",1,2.87661256844016,0.836440835520465,"Old/new shared rescued XIST-binding 9-gene GO analysis","GO enrichment analysis for the 9 genes that are XIST-binding and rescued in both old and new experiments.","Genes are XIST-binding, shared between old and new rescued gene lists, and overlap the full XIST-binding list.","Shared rescue gene selection used p.adj < 0.05 and absolute log2FC > 0.5; GO uses clusterProfiler::enrichGO with ont = ALL and BH correction.","Fig4H_shared_rescue_gene_GO.R"
"BP","GO:0050807","regulation of synapse organization","1/8","322/18860",0.0031055900621118,7.32142857142857,2.35687928950873,0.128718860541318,0.145733422566894,0.0654106732333375,"EPHB1",1,2.87212517744784,0.836440835520465,"Old/new shared rescued XIST-binding 9-gene GO analysis","GO enrichment analysis for the 9 genes that are XIST-binding and rescued in both old and new experiments.","Genes are XIST-binding, shared between old and new rescued gene lists, and overlap the full XIST-binding list.","Shared rescue gene selection used p.adj < 0.05 and absolute log2FC > 0.5; GO uses clusterProfiler::enrichGO with ont = ALL and BH correction.","Fig4H_shared_rescue_gene_GO.R"
"BP","GO:0050803","regulation of synapse structure or
activity","1/8","329/18860",0.00303951367781155,7.16565349544073,2.32409161194842,0.131347865771033,0.147024031676383,0.065989947426215,"EPHB1",1,2.84109828182722,0.832611672248922,"Old/new shared rescued XIST-binding 9-gene GO analysis","GO enrichment analysis for the 9 genes that are XIST-binding and rescued in both old and new experiments.","Genes are XIST-binding, shared between old and new rescued gene lists, and overlap the full XIST-binding list.","Shared rescue gene selection used p.adj < 0.05 and absolute log2FC > 0.5; GO uses clusterProfiler::enrichGO with ont = ALL and BH correction.","Fig4H_shared_rescue_gene_GO.R"
"BP","GO:0060326","cell chemotaxis","1/8","330/18860",0.00303030303030303,7.14393939393939,2.31948619202102,0.131722870739671,0.147024031676383,0.065989947426215,"EPHB1",1,2.83671984131664,0.832611672248922,"Old/new shared rescued XIST-binding 9-gene GO analysis","GO enrichment analysis for the 9 genes that are XIST-binding and rescued in both old and new experiments.","Genes are XIST-binding, shared between old and new rescued gene lists, and overlap the full XIST-binding list.","Shared rescue gene selection used p.adj < 0.05 and absolute log2FC > 0.5; GO uses clusterProfiler::enrichGO with ont = ALL and BH correction.","Fig4H_shared_rescue_gene_GO.R"
"BP","GO:0070371","ERK1 and ERK2 cascade","1/8","331/18860",0.00302114803625378,7.12235649546828,2.31489996701728,0.132097734044263,0.147024031676383,0.065989947426215,"EPHB1",1,2.83235464875524,0.832611672248922,"Old/new shared rescued XIST-binding 9-gene GO analysis","GO enrichment analysis for the 9 genes that are XIST-binding and rescued in both old and new experiments.","Genes are XIST-binding, shared between old and new rescued gene lists, and overlap the full XIST-binding list.","Shared rescue gene selection used p.adj < 0.05 and absolute log2FC > 0.5; GO uses clusterProfiler::enrichGO with ont = ALL and BH correction.","Fig4H_shared_rescue_gene_GO.R"
"BP","GO:0060070","canonical Wnt signaling pathway","1/8","333/18860",0.003003003003003,7.07957957957958,2.30578453381666,0.132847035844787,0.147027337423725,0.0659914311706806,"CDON",1,2.8236636884912,0.832601907507246,"Old/new shared rescued XIST-binding 9-gene GO analysis","GO enrichment analysis for the 9 genes that are XIST-binding and rescued in both old and new experiments.","Genes are XIST-binding, shared between old and new rescued gene lists, and overlap the full XIST-binding list.","Shared rescue gene selection used p.adj < 0.05 and absolute log2FC > 0.5; GO uses clusterProfiler::enrichGO with ont = ALL and BH correction.","Fig4H_shared_rescue_gene_GO.R"
"BP","GO:0000377","RNA splicing, via transesterification
reactions with bulged adenosine as
nucleophile","1/8","344/18860",0.00290697674418605,6.8531976744186,2.25696297595232,0.136958086431138,0.149893016816301,0.0672776564924889,"RBFOX1",1,2.77677730086036,0.824218599498553,"Old/new shared rescued XIST-binding 9-gene GO analysis","GO enrichment analysis for the 9 genes that are XIST-binding and rescued in both old and new experiments.","Genes are XIST-binding, shared between old and new rescued gene lists, and overlap the full XIST-binding list.","Shared rescue gene selection used p.adj < 0.05 and absolute log2FC > 0.5; GO uses clusterProfiler::enrichGO with ont = ALL and BH correction.","Fig4H_shared_rescue_gene_GO.R"
"BP","GO:0000398","mRNA splicing, via spliceosome","1/8","344/18860",0.00290697674418605,6.8531976744186,2.25696297595232,0.136958086431138,0.149893016816301,0.0672776564924889,"RBFOX1",1,2.77677730086036,0.824218599498553,"Old/new shared rescued XIST-binding 9-gene GO analysis","GO enrichment analysis for the 9 genes that are XIST-binding and rescued in both old and new experiments.","Genes are XIST-binding, shared between old and new rescued gene lists, and overlap the full XIST-binding list.","Shared rescue gene selection used p.adj < 0.05 and absolute log2FC > 0.5; GO uses clusterProfiler::enrichGO with ont = ALL and BH correction.","Fig4H_shared_rescue_gene_GO.R"
"BP","GO:0000375","RNA splicing, via transesterification
reactions","1/8","348/18860",0.0028735632183908,6.77442528735632,2.2397385546022,0.138448780026382,0.150687346216559,0.0676341815772962,"RBFOX1",1,2.76009855971373,0.82192321549595,"Old/new shared rescued XIST-binding 9-gene GO analysis","GO enrichment analysis for the 9 genes that are XIST-binding and rescued in both old and new experiments.","Genes are XIST-binding, shared between old and new rescued gene lists, and overlap the full XIST-binding list.","Shared rescue gene selection used p.adj < 0.05 and absolute log2FC > 0.5; GO uses clusterProfiler::enrichGO with ont = ALL and BH correction.","Fig4H_shared_rescue_gene_GO.R"
"BP","GO:0030111","regulation of Wnt signaling pathway","1/8","356/18860",0.00280898876404494,6.62219101123596,2.20609085221725,0.14142340980599,0.151812703067433,0.0681392843049127,"CDON",1,2.72730862459606,0.818691886930206,"Old/new shared rescued XIST-binding 9-gene GO analysis","GO enrichment analysis for the 9 genes that are XIST-binding and rescued in both old and new experiments.","Genes are XIST-binding, shared between old and new rescued gene lists, and overlap the full XIST-binding list.","Shared rescue gene selection used p.adj < 0.05 and absolute log2FC > 0.5; GO uses clusterProfiler::enrichGO with ont = ALL and BH correction.","Fig4H_shared_rescue_gene_GO.R"
"BP","GO:0046942","carboxylic acid transport","1/8","356/18860",0.00280898876404494,6.62219101123596,2.20609085221725,0.14142340980599,0.151812703067433,0.0681392843049127,"TTYH2",1,2.72730862459606,0.818691886930206,"Old/new shared rescued XIST-binding 9-gene GO analysis","GO enrichment analysis for the 9 genes that are XIST-binding and rescued in both old and new experiments.","Genes are XIST-binding, shared between old and new rescued gene lists, and overlap the full XIST-binding list.","Shared rescue gene selection used p.adj < 0.05 and absolute log2FC > 0.5; GO uses clusterProfiler::enrichGO with ont = ALL and BH correction.","Fig4H_shared_rescue_gene_GO.R"
"BP","GO:0015849","organic acid transport","1/8","357/18860",0.00280112044817927,6.60364145658263,2.20195774873855,0.141794605910699,0.151812703067433,0.0681392843049127,"TTYH2",1,2.72326179153336,0.818691886930206,"Old/new shared rescued XIST-binding 9-gene GO analysis","GO enrichment analysis for the 9 genes that are XIST-binding and rescued in both old and new experiments.","Genes are XIST-binding, shared between old and new rescued gene lists, and overlap the full XIST-binding list.","Shared rescue gene selection used p.adj < 0.05 and absolute log2FC > 0.5; GO uses clusterProfiler::enrichGO with ont = ALL and BH correction.","Fig4H_shared_rescue_gene_GO.R"
"BP","GO:0031589","cell-substrate adhesion","1/8","369/18860",0.002710027100271,6.38888888888889,2.1535641905169,0.146238018657822,0.155723727976167,0.0698947002404384,"EPHB1",1,2.67556504950206,0.807645207958639,"Old/new shared rescued XIST-binding 9-gene GO analysis","GO enrichment analysis for the 9 genes that are XIST-binding and rescued in both old and new experiments.","Genes are XIST-binding, shared between old and new rescued gene lists, and overlap the full XIST-binding list.","Shared rescue gene selection used p.adj < 0.05 and absolute log2FC > 0.5; GO uses clusterProfiler::enrichGO with ont = ALL and BH correction.","Fig4H_shared_rescue_gene_GO.R"
"BP","GO:0050767","regulation of neurogenesis","1/8","378/18860",0.00264550264550265,6.23677248677249,2.11865738603785,0.14955735486547,0.158402144669342,0.0710968749784919,"CDON",1,2.64079963134139,0.800238942621807,"Old/new shared rescued XIST-binding 9-gene GO analysis","GO enrichment analysis for the 9 genes that are XIST-binding and rescued in both old and new experiments.","Genes are XIST-binding, shared between old and new rescued gene lists, and overlap the full XIST-binding list.","Shared rescue gene selection used p.adj < 0.05 and absolute log2FC > 0.5; GO uses clusterProfiler::enrichGO with ont = ALL and BH correction.","Fig4H_shared_rescue_gene_GO.R"
"BP","GO:0030900","forebrain development","1/8","419/18860",0.00238663484486874,5.62649164677804,1.9728413779583,0.164536306109887,0.17333503905694,0.0777993229002563,"CDON",1,2.49223562186311,0.761113637338487,"Old/new shared rescued XIST-binding 9-gene GO analysis","GO enrichment analysis for the 9 genes that are XIST-binding and rescued in both old and new experiments.","Genes are XIST-binding, shared between old and new rescued gene lists, and overlap the full XIST-binding list.","Shared rescue gene selection used p.adj < 0.05 and absolute log2FC > 0.5; GO uses clusterProfiler::enrichGO with ont = ALL and BH correction.","Fig4H_shared_rescue_gene_GO.R"
"BP","GO:1903311","regulation of mRNA metabolic process","1/8","423/18860",0.00236406619385343,5.57328605200946,1.95965234136857,0.165985230696787,0.173931332166314,0.0780669618058799,"RBFOX1",1,2.47852820244251,0.759622176702068,"Old/new shared rescued XIST-binding 9-gene GO analysis","GO enrichment analysis for the 9 genes that are XIST-binding and rescued in both old and new experiments.","Genes are XIST-binding, shared between old and new rescued gene lists, and overlap the full XIST-binding list.","Shared rescue gene selection used p.adj < 0.05 and absolute log2FC > 0.5; GO uses clusterProfiler::enrichGO with ont = ALL and BH correction.","Fig4H_shared_rescue_gene_GO.R"
"BP","GO:0042692","muscle cell differentiation","1/8","441/18860",0.00226757369614512,5.34580498866213,1.90231360153161,0.172478217433747,0.179778882721948,0.0806915637116944,"CDON",1,2.41840721000494,0.745261322925043,"Old/new shared rescued XIST-binding 9-gene GO analysis","GO enrichment analysis for the 9 genes that are XIST-binding and rescued in both old and new experiments.","Genes are XIST-binding, shared between old and new rescued gene lists, and overlap the full XIST-binding list.","Shared rescue gene selection used p.adj < 0.05 and absolute log2FC > 0.5; GO uses clusterProfiler::enrichGO with ont = ALL and BH correction.","Fig4H_shared_rescue_gene_GO.R"
"BP","GO:0010720","positive regulation of cell development","1/8","451/18860",0.00221729490022173,5.22727272727273,1.87179829789118,0.176066285036791,0.18255293764341,0.0819366645046563,"CDON",1,2.38605843230708,0.738611173987562,"Old/new shared rescued XIST-binding 9-gene GO analysis","GO enrichment analysis for the 9 genes that are XIST-binding and rescued in both old and new experiments.","Genes are XIST-binding, shared between old and new rescued gene lists, and overlap the full XIST-binding list.","Shared rescue gene selection used p.adj < 0.05 and absolute log2FC > 0.5; GO uses clusterProfiler::enrichGO with ont = ALL and BH correction.","Fig4H_shared_rescue_gene_GO.R"
"BP","GO:0015711","organic anion transport","1/8","466/18860",0.00214592274678112,5.05901287553648,1.82768313511308,0.181422862315123,0.186874161983,0.083876193462848,"TTYH2",1,2.33885591090818,0.728450741873836,"Old/new shared rescued XIST-binding 9-gene GO analysis","GO enrichment analysis for the 9 genes that are XIST-binding and rescued in both old and new experiments.","Genes are XIST-binding, shared between old and new rescued gene lists, and overlap the full XIST-binding list.","Shared rescue gene selection used p.adj < 0.05 and absolute log2FC > 0.5; GO uses clusterProfiler::enrichGO with ont = ALL and BH correction.","Fig4H_shared_rescue_gene_GO.R"
"BP","GO:0007409","axonogenesis","1/8","472/18860",0.00211864406779661,4.99470338983051,1.81056407163872,0.183556945973844,0.186874161983,0.083876193462848,"EPHB1",1,2.32039900620062,0.728450741873836,"Old/new shared rescued XIST-binding 9-gene GO analysis","GO enrichment analysis for the 9 genes that are XIST-binding and rescued in both old and new experiments.","Genes are XIST-binding, shared between old and new rescued gene lists, and overlap the full XIST-binding list.","Shared rescue gene selection used p.adj < 0.05 and absolute log2FC > 0.5; GO uses clusterProfiler::enrichGO with ont = ALL and BH correction.","Fig4H_shared_rescue_gene_GO.R"
"BP","GO:0006935","chemotaxis","1/8","474/18860",0.00210970464135021,4.97362869198312,1.80492198121487,0.184267224540349,0.186874161983,0.083876193462848,"EPHB1",1,2.3142988066642,0.728450741873836,"Old/new shared rescued XIST-binding 9-gene GO analysis","GO enrichment analysis for the 9 genes that are XIST-binding and rescued in both old and new experiments.","Genes are XIST-binding, shared between old and new rescued gene lists, and overlap the full XIST-binding list.","Shared rescue gene selection used p.adj < 0.05 and absolute log2FC > 0.5; GO uses clusterProfiler::enrichGO with ont = ALL and BH correction.","Fig4H_shared_rescue_gene_GO.R"
"BP","GO:0043410","positive regulation of MAPK cascade","1/8","474/18860",0.00210970464135021,4.97362869198312,1.80492198121487,0.184267224540349,0.186874161983,0.083876193462848,"CDON",1,2.3142988066642,0.728450741873836,"Old/new shared rescued XIST-binding 9-gene GO analysis","GO enrichment analysis for the 9 genes that are XIST-binding and rescued in both old and new experiments.","Genes are XIST-binding, shared between old and new rescued gene lists, and overlap the full XIST-binding list.","Shared rescue gene selection used p.adj < 0.05 and absolute log2FC > 0.5; GO uses clusterProfiler::enrichGO with ont = ALL and BH correction.","Fig4H_shared_rescue_gene_GO.R"
"BP","GO:0042330","taxis","1/8","476/18860",0.00210084033613445,4.95273109243697,1.79931147160231,0.184976962368959,0.186874161983,0.083876193462848,"EPHB1",1,2.30822429225452,0.728450741873836,"Old/new shared rescued XIST-binding 9-gene GO analysis","GO enrichment analysis for the 9 genes that are XIST-binding and rescued in both old and new experiments.","Genes are XIST-binding, shared between old and new rescued gene lists, and overlap the full XIST-binding list.","Shared rescue gene selection used p.adj < 0.05 and absolute log2FC > 0.5; GO uses clusterProfiler::enrichGO with ont = ALL and BH correction.","Fig4H_shared_rescue_gene_GO.R"
"BP","GO:0016055","Wnt signaling pathway","1/8","487/18860",0.00205338809034908,4.84086242299795,1.76900394988719,0.18887087049677,0.18983449738706,0.0852049039835054,"CDON",1,2.27526409348012,0.721624863228721,"Old/new shared rescued XIST-binding 9-gene GO analysis","GO enrichment analysis for the 9 genes that are XIST-binding and rescued in both old and new experiments.","Genes are XIST-binding, shared between old and new rescued gene lists, and overlap the full XIST-binding list.","Shared rescue gene selection used p.adj < 0.05 and absolute log2FC > 0.5; GO uses clusterProfiler::enrichGO with ont = ALL and BH correction.","Fig4H_shared_rescue_gene_GO.R"
"BP","GO:0008380","RNA splicing","1/8","490/18860",0.00204081632653061,4.81122448979592,1.76089556859462,0.189930016127143,0.189930016127143,0.0852477764075878,"RBFOX1",1,2.26640411655989,0.721406394882496,"Old/new shared rescued XIST-binding 9-gene GO analysis","GO enrichment analysis for the 9 genes that are XIST-binding and rescued in both old and new experiments.","Genes are XIST-binding, shared between old and new rescued gene lists, and overlap the full XIST-binding list.","Shared rescue gene selection used p.adj < 0.05 and absolute log2FC > 0.5; GO uses clusterProfiler::enrichGO with ont = ALL and BH correction.","Fig4H_shared_rescue_gene_GO.R"
"CC","GO:0031901","early endosome membrane","2/8","209/19944",0.00956937799043062,23.8564593301435,6.65403006008339,0.00293567552768387,0.0910059413581999,0.0618036953196604,"SORCS2/EPHB1",2,4.57630803541062,1.04093025366955,"Old/new shared rescued XIST-binding 9-gene GO analysis","GO enrichment analysis for the 9 genes that are XIST-binding and rescued in both old and new experiments.","Genes are XIST-binding, shared between old and new rescued gene lists, and overlap the full XIST-binding list.","Shared rescue gene selection used p.adj < 0.05 and absolute log2FC > 0.5; GO uses clusterProfiler::enrichGO with ont = ALL and BH correction.","Fig4H_shared_rescue_gene_GO.R"
"CC","GO:0032433","filopodium tip","1/8","18/19944",0.0555555555555556,138.5,11.6909583514778,0.00719870960293112,0.0990778791879876,0.0672854867151019,"EPHB1",1,7.11374216604919,1.0040232982793,"Old/new shared rescued XIST-binding 9-gene GO analysis","GO enrichment analysis for the 9 genes that are XIST-binding and rescued in both old and new experiments.","Genes are XIST-binding, shared between old and new rescued gene lists, and overlap the full XIST-binding list.","Shared rescue gene selection used p.adj < 0.05 and absolute log2FC > 0.5; GO uses clusterProfiler::enrichGO with ont = ALL and BH correction.","Fig4H_shared_rescue_gene_GO.R"
"CC","GO:0043194","axon initial segment","1/8","24/19944",0.0416666666666667,103.875,10.1016432680993,0.00958818185690202,0.0990778791879876,0.0672854867151019,"NAV1",1,6.69870466677034,1.0040232982793,"Old/new shared rescued XIST-binding 9-gene GO analysis","GO enrichment analysis for the 9 genes that are XIST-binding and rescued in both old and new experiments.","Genes are XIST-binding, shared between old and new rescued gene lists, and overlap the full XIST-binding list.","Shared rescue gene selection used p.adj < 0.05 and absolute log2FC > 0.5; GO uses clusterProfiler::enrichGO with ont = ALL and BH correction.","Fig4H_shared_rescue_gene_GO.R"
"CC","GO:0005769","early endosome","2/8","448/19944",0.00446428571428571,11.1294642857143,4.34384131949343,0.0128878407691784,0.0998807659611325,0.0678307408904126,"SORCS2/EPHB1",2,3.4763122454339,1.0005181358099,"Old/new shared rescued XIST-binding 9-gene GO analysis","GO enrichment analysis for the 9 genes that are XIST-binding and rescued in both old and new experiments.","Genes are XIST-binding, shared between old and new rescued gene lists, and overlap the full XIST-binding list.","Shared rescue gene selection used p.adj < 0.05 and absolute log2FC > 0.5; GO uses clusterProfiler::enrichGO with ont = ALL and BH correction.","Fig4H_shared_rescue_gene_GO.R"
"CC","GO:0034707","chloride channel complex","1/8","55/19944",0.0181818181818182,45.3272727272727,6.59427581674353,0.0218538010626305,0.132997878210542,0.0903211397015565,"TTYH2",1,5.50230745396684,0.876155287520161,"Old/new shared rescued XIST-binding 9-gene GO analysis","GO enrichment analysis for the 9 genes that are XIST-binding and rescued in both old and new experiments.","Genes are XIST-binding, shared between old and new rescued gene lists, and overlap the full XIST-binding list.","Shared rescue gene selection used p.adj < 0.05 and absolute log2FC > 0.5; GO uses clusterProfiler::enrichGO with ont = ALL and BH correction.","Fig4H_shared_rescue_gene_GO.R"
"CC","GO:0044304","main axon","1/8","71/19944",0.0140845070422535,35.112676056338,5.76812248286851,0.0281322801443729,0.132997878210542,0.0903211397015565,"NAV1",1,5.13392004798682,0.876155287520161,"Old/new shared rescued XIST-binding 9-gene GO analysis","GO enrichment analysis for the 9 genes that are XIST-binding and rescued in both old and new experiments.","Genes are XIST-binding, shared between old and new rescued gene lists, and overlap the full XIST-binding list.","Shared rescue gene selection used p.adj < 0.05 and absolute log2FC > 0.5; GO uses clusterProfiler::enrichGO with ont = ALL and BH correction.","Fig4H_shared_rescue_gene_GO.R"
"CC","GO:0010494","cytoplasmic stress granule","1/8","98/19944",0.0102040816326531,25.4387755102041,4.85822038581557,0.0386472773144719,0.132997878210542,0.0903211397015565,"RBFOX1",1,4.66895732337629,0.876155287520161,"Old/new shared rescued XIST-binding 9-gene GO analysis","GO enrichment analysis for the 9 genes that are XIST-binding and rescued in both old and new experiments.","Genes are XIST-binding, shared between old and new rescued gene lists, and overlap the full XIST-binding list.","Shared rescue gene selection used p.adj < 0.05 and absolute log2FC > 0.5; GO uses clusterProfiler::enrichGO with ont = ALL and BH correction.","Fig4H_shared_rescue_gene_GO.R"
"CC","GO:0045171","intercellular bridge","1/8","98/19944",0.0102040816326531,25.4387755102041,4.85822038581557,0.0386472773144719,0.132997878210542,0.0903211397015565,"PKNOX2",1,4.66895732337629,0.876155287520161,"Old/new shared rescued XIST-binding 9-gene GO analysis","GO enrichment analysis for the 9 genes that are XIST-binding and rescued in both old and new experiments.","Genes are XIST-binding, shared between old and new rescued gene lists, and overlap the full XIST-binding list.","Shared rescue gene selection used p.adj < 0.05 and absolute log2FC > 0.5; GO uses clusterProfiler::enrichGO with ont = ALL and BH correction.","Fig4H_shared_rescue_gene_GO.R"
"CC","GO:0030175","filopodium","1/8","105/19944",0.00952380952380952,23.7428571428571,4.68059441251414,0.0413570834276119,0.132997878210542,0.0903211397015565,"EPHB1",1,4.56942164982538,0.876155287520161,"Old/new shared rescued XIST-binding 9-gene GO analysis","GO enrichment analysis for the 9 genes that are XIST-binding and rescued in both old and new experiments.","Genes are XIST-binding, shared between old and new rescued gene lists, and overlap the full XIST-binding list.","Shared rescue gene selection used p.adj < 0.05 and absolute log2FC > 0.5; GO uses clusterProfiler::enrichGO with ont = ALL and BH correction.","Fig4H_shared_rescue_gene_GO.R"
"CC","GO:0055038","recycling endosome membrane","1/8","109/19944",0.0091743119266055,22.8715596330275,4.58667665910839,0.0429025413582393,0.132997878210542,0.0903211397015565,"SORCS2",1,4.51548284271457,0.876155287520161,"Old/new shared rescued XIST-binding 9-gene GO analysis","GO enrichment analysis for the 9 genes that are XIST-binding and rescued in both old and new experiments.","Genes are XIST-binding, shared between old and new rescued gene lists, and overlap the full XIST-binding list.","Shared rescue gene selection used p.adj < 0.05 and absolute log2FC > 0.5; GO uses clusterProfiler::enrichGO with ont = ALL and BH correction.","Fig4H_shared_rescue_gene_GO.R"
"CC","GO:0098839","postsynaptic density membrane","1/8","121/19944",0.00826446280991736,20.603305785124,4.33269915742563,0.047525842787528,0.133936466037579,0.0909585507895273,"SORCS2",1,4.36480393021691,0.873101164266693,"Old/new shared rescued XIST-binding 9-gene GO analysis","GO enrichment analysis for the 9 genes that are XIST-binding and rescued in both old and new experiments.","Genes are XIST-binding, shared between old and new rescued gene lists, and overlap the full XIST-binding list.","Shared rescue gene selection used p.adj < 0.05 and absolute log2FC > 0.5; GO uses clusterProfiler::enrichGO with ont = ALL and BH correction.","Fig4H_shared_rescue_gene_GO.R"
"CC","GO:0099634","postsynaptic specialization membrane","1/8","150/19944",0.00666666666666667,16.62,3.84663608825948,0.0586182344608449,0.138379016779496,0.0939755631779261,"SORCS2",1,4.05484847699562,0.858929759501829,"Old/new shared rescued XIST-binding 9-gene GO analysis","GO enrichment analysis for the 9 genes that are XIST-binding and rescued in both old and new experiments.","Genes are XIST-binding, shared between old and new rescued gene lists, and overlap the full XIST-binding list.","Shared rescue gene selection used p.adj < 0.05 and absolute log2FC > 0.5; GO uses clusterProfiler::enrichGO with ont = ALL and BH correction.","Fig4H_shared_rescue_gene_GO.R"
"CC","GO:0043204","perikaryon","1/8","153/19944",0.0065359477124183,16.2941176470588,3.80414881862371,0.0597592455184315,0.138379016779496,0.0939755631779261,"SORCS2",1,4.02627932479885,0.858929759501829,"Old/new shared rescued XIST-binding 9-gene GO analysis","GO enrichment analysis for the 9 genes that are XIST-binding and rescued in both old and new experiments.","Genes are XIST-binding, shared between old and new rescued gene lists, and overlap the full XIST-binding list.","Shared rescue gene selection used p.adj < 0.05 and absolute log2FC > 0.5; GO uses clusterProfiler::enrichGO with ont = ALL and BH correction.","Fig4H_shared_rescue_gene_GO.R"
"CC","GO:0043197","dendritic spine","1/8","171/19944",0.00584795321637427,14.578947368421,3.57230969851939,0.0665799343605342,0.138379016779496,0.0939755631779261,"SORCS2",1,3.8658146526056,0.858929759501829,"Old/new shared rescued XIST-binding 9-gene GO analysis","GO enrichment analysis for the 9 genes that are XIST-binding and rescued in both old and new experiments.","Genes are XIST-binding, shared between old and new rescued gene lists, and overlap the full XIST-binding list.","Shared rescue gene selection used p.adj < 0.05 and absolute log2FC > 0.5; GO uses clusterProfiler::enrichGO with ont = ALL and BH correction.","Fig4H_shared_rescue_gene_GO.R"
"CC","GO:0044309","neuron spine","1/8","172/19944",0.00581395348837209,14.4941860465116,3.56046599039882,0.0669575887642724,0.138379016779496,0.0939755631779261,"SORCS2",1,3.8574024127894,0.858929759501829,"Old/new shared rescued XIST-binding 9-gene GO analysis","GO enrichment analysis for the 9 genes that are XIST-binding and rescued in both old and new experiments.","Genes are XIST-binding, shared between old and new rescued gene lists, and overlap the full XIST-binding list.","Shared rescue gene selection used p.adj < 0.05 and absolute log2FC > 0.5; GO uses clusterProfiler::enrichGO with ont = ALL and BH correction.","Fig4H_shared_rescue_gene_GO.R"
"CC","GO:0055037","recycling endosome","1/8","214/19944",0.00467289719626168,11.6495327102804,3.13758226504669,0.0826988391575503,0.160229000867754,0.108814262049408,"SORCS2",1,3.54220018109035,0.795258875411894,"Old/new shared rescued XIST-binding 9-gene GO analysis","GO enrichment analysis for the 9 genes that are XIST-binding and rescued in both old and new experiments.","Genes are XIST-binding, shared between old and new rescued gene lists, and overlap the full XIST-binding list.","Shared rescue gene selection used p.adj < 0.05 and absolute log2FC > 0.5; GO uses clusterProfiler::enrichGO with ont = ALL and BH correction.","Fig4H_shared_rescue_gene_GO.R"
"CC","GO:0098858","actin-based cell projection","1/8","231/19944",0.00432900432900433,10.7922077922078,2.9986893367508,0.0890039273205528,0.162301279231596,0.110221581821118,"EPHB1",1,3.43191812607544,0.789678057123651,"Old/new shared rescued XIST-binding 9-gene GO analysis","GO enrichment analysis for the 9 genes that are XIST-binding and rescued in both old and new experiments.","Genes are XIST-binding, shared between old and new rescued gene lists, and overlap the full XIST-binding list.","Shared rescue gene selection used p.adj < 0.05 and absolute log2FC > 0.5; GO uses clusterProfiler::enrichGO with ont = ALL and BH correction.","Fig4H_shared_rescue_gene_GO.R"
"CC","GO:0036464","cytoplasmic ribonucleoprotein granule","1/8","267/19944",0.00374531835205993,9.33707865168539,2.74733305922878,0.102230833734965,0.164859177544456,0.111958694427474,"RBFOX1",1,3.22297123580395,0.782886871111238,"Old/new shared rescued XIST-binding 9-gene GO analysis","GO enrichment analysis for the 9 genes that are XIST-binding and rescued in both old and new experiments.","Genes are XIST-binding, shared between old and new rescued gene lists, and overlap the full XIST-binding list.","Shared rescue gene selection used p.adj < 0.05 and absolute log2FC > 0.5; GO uses clusterProfiler::enrichGO with ont = ALL and BH correction.","Fig4H_shared_rescue_gene_GO.R"
"CC","GO:0005802","trans-Golgi network","1/8","274/19944",0.00364963503649635,9.0985401459854,2.70396500421814,0.104783125369265,0.164859177544456,0.111958694427474,"RBFOX1",1,3.18563508453097,0.782886871111238,"Old/new shared rescued XIST-binding 9-gene GO analysis","GO enrichment analysis for the 9 genes that are XIST-binding and rescued in both old and new experiments.","Genes are XIST-binding, shared between old and new rescued gene lists, and overlap the full XIST-binding list.","Shared rescue gene selection used p.adj < 0.05 and absolute log2FC > 0.5; GO uses clusterProfiler::enrichGO with ont = ALL and BH correction.","Fig4H_shared_rescue_gene_GO.R"
"CC","GO:0045121","membrane raft","1/8","291/19944",0.00343642611683849,8.56701030927835,2.60481940581598,0.110955132883643,0.164859177544456,0.111958694427474,"EPHB1",1,3.09879182458322,0.782886871111238,"Old/new shared rescued XIST-binding 9-gene GO analysis","GO enrichment analysis for the 9 genes that are XIST-binding and rescued in both old and new experiments.","Genes are XIST-binding, shared between old and new rescued gene lists, and overlap the full XIST-binding list.","Shared rescue gene selection used p.adj < 0.05 and absolute log2FC > 0.5; GO uses clusterProfiler::enrichGO with ont = ALL and BH correction.","Fig4H_shared_rescue_gene_GO.R"
"CC","GO:0098857","membrane microdomain","1/8","293/19944",0.00341296928327645,8.50853242320819,2.59368821338327,0.111678797691406,0.164859177544456,0.111958694427474,"EPHB1",1,3.08891031306925,0.782886871111238,"Old/new shared rescued XIST-binding 9-gene GO analysis","GO enrichment analysis for the 9 genes that are XIST-binding and rescued in both old and new experiments.","Genes are XIST-binding, shared between old and new rescued gene lists, and overlap the full XIST-binding list.","Shared rescue gene selection used p.adj < 0.05 and absolute log2FC > 0.5; GO uses clusterProfiler::enrichGO with ont = ALL and BH correction.","Fig4H_shared_rescue_gene_GO.R"
"CC","GO:0045211","postsynaptic membrane","1/8","320/19944",0.003125,7.790625,2.45308273111847,0.121397949132477,0.166841119251871,0.113304665026738,"SORCS2",1,2.96173907260414,0.777696905356528,"Old/new shared rescued XIST-binding 9-gene GO analysis","GO enrichment analysis for the 9 genes that are XIST-binding and rescued in both old and new experiments.","Genes are XIST-binding, shared between old and new rescued gene lists, and overlap the full XIST-binding list.","Shared rescue gene selection used p.adj < 0.05 and absolute log2FC > 0.5; GO uses clusterProfiler::enrichGO with ont = ALL and BH correction.","Fig4H_shared_rescue_gene_GO.R"
"CC","GO:0014069","postsynaptic density","1/8","351/19944",0.00284900284900285,7.1025641025641,2.31066328992341,0.132442121133925,0.166841119251871,0.113304665026738,"SORCS2",1,2.82833994718694,0.777696905356528,"Old/new shared rescued XIST-binding 9-gene GO analysis","GO enrichment analysis for the 9 genes that are XIST-binding and rescued in both old and new experiments.","Genes are XIST-binding, shared between old and new rescued gene lists, and overlap the full XIST-binding list.","Shared rescue gene selection used p.adj < 0.05 and absolute log2FC > 0.5; GO uses clusterProfiler::enrichGO with ont = ALL and BH correction.","Fig4H_shared_rescue_gene_GO.R"
"CC","GO:0032279","asymmetric synapse","1/8","367/19944",0.00272479564032698,6.79291553133515,2.24377023883929,0.138094663550331,0.166841119251871,0.113304665026738,"SORCS2",1,2.76403091464829,0.777696905356528,"Old/new shared rescued XIST-binding 9-gene GO analysis","GO enrichment analysis for the 9 genes that are XIST-binding and rescued in both old and new experiments.","Genes are XIST-binding, shared between old and new rescued gene lists, and overlap the full XIST-binding list.","Shared rescue gene selection used p.adj < 0.05 and absolute log2FC > 0.5; GO uses clusterProfiler::enrichGO with ont = ALL and BH correction.","Fig4H_shared_rescue_gene_GO.R"
"CC","GO:0034702","monoatomic ion channel complex","1/8","368/19944",0.00271739130434783,6.77445652173913,2.23972280745033,0.138446874956144,0.166841119251871,0.113304665026738,"TTYH2",1,2.76010521143449,0.777696905356528,"Old/new shared rescued XIST-binding 9-gene GO analysis","GO enrichment analysis for the 9 genes that are XIST-binding and rescued in both old and new experiments.","Genes are XIST-binding, shared between old and new rescued gene lists, and overlap the full XIST-binding list.","Shared rescue gene selection used p.adj < 0.05 and absolute log2FC > 0.5; GO uses clusterProfiler::enrichGO with ont = ALL and BH correction.","Fig4H_shared_rescue_gene_GO.R"
"CC","GO:0099572","postsynaptic specialization","1/8","387/19944",0.00258397932816537,6.44186046511628,2.16557381781105,0.145115006265924,0.166841119251871,0.113304665026738,"SORCS2",1,2.68747741134709,0.777696905356528,"Old/new shared rescued XIST-binding 9-gene GO analysis","GO enrichment analysis for the 9 genes that are XIST-binding and rescued in both old and new experiments.","Genes are XIST-binding, shared between old and new rescued gene lists, and overlap the full XIST-binding list.","Shared rescue gene selection used p.adj < 0.05 and absolute log2FC > 0.5; GO uses clusterProfiler::enrichGO with ont = ALL and BH correction.","Fig4H_shared_rescue_gene_GO.R"
"CC","GO:0098791","Golgi apparatus subcompartment","1/8","397/19944",0.00251889168765743,6.27959697732997,2.12851734768135,0.148606376542933,0.166841119251871,0.113304665026738,"RBFOX1",1,2.65067197034854,0.777696905356528,"Old/new shared rescued XIST-binding 9-gene GO analysis","GO enrichment analysis for the 9 genes that are XIST-binding and rescued in both old and new experiments.","Genes are XIST-binding, shared between old and new rescued gene lists, and overlap the full XIST-binding list.","Shared rescue gene selection used p.adj < 0.05 and absolute log2FC > 0.5; GO uses clusterProfiler::enrichGO with ont = ALL and BH correction.","Fig4H_shared_rescue_gene_GO.R"
"CC","GO:0098984","neuron to neuron synapse","1/8","403/19944",0.00248138957816377,6.18610421836228,2.10688871184478,0.150695204485561,0.166841119251871,0.113304665026738,"SORCS2",1,2.62903113896353,0.777696905356528,"Old/new shared rescued XIST-binding 9-gene GO analysis","GO enrichment analysis for the 9 genes that are XIST-binding and rescued in both old and new experiments.","Genes are XIST-binding, shared between old and new rescued gene lists, and overlap the full XIST-binding list.","Shared rescue gene selection used p.adj < 0.05 and absolute log2FC > 0.5; GO uses clusterProfiler::enrichGO with ont = ALL and BH correction.","Fig4H_shared_rescue_gene_GO.R"
"CC","GO:0097060","synaptic membrane","1/8","449/19944",0.0022271714922049,5.55233853006682,1.95441742864622,0.166561140322416,0.178048115517066,0.120915528364731,"SORCS2",1,2.47309553275035,0.749462618591079,"Old/new shared rescued XIST-binding 9-gene GO analysis","GO enrichment analysis for the 9 genes that are XIST-binding and rescued in both old and new experiments.","Genes are XIST-binding, shared between old and new rescued gene lists, and overlap the full XIST-binding list.","Shared rescue gene selection used p.adj < 0.05 and absolute log2FC > 0.5; GO uses clusterProfiler::enrichGO with ont = ALL and BH correction.","Fig4H_shared_rescue_gene_GO.R"
"CC","GO:0043025","neuronal cell body","1/8","486/19944",0.00205761316872428,5.12962962962963,1.84629614951173,0.179134060426256,0.181157194414491,0.123026957157549,"SORCS2",1,2.35885466388572,0.741944413865324,"Old/new shared rescued XIST-binding 9-gene GO analysis","GO enrichment analysis for the 9 genes that are XIST-binding and rescued in both old and new experiments.","Genes are XIST-binding, shared between old and new rescued gene lists, and overlap the full XIST-binding list.","Shared rescue gene selection used p.adj < 0.05 and absolute log2FC > 0.5; GO uses clusterProfiler::enrichGO with ont = ALL and BH correction.","Fig4H_shared_rescue_gene_GO.R"
"CC","GO:0005874","microtubule","1/8","492/19944",0.00203252032520325,5.06707317073171,1.82980003867352,0.181157194414491,0.181157194414491,0.123026957157549,"NAV1",1,2.34115266215226,0.741944413865324,"Old/new shared rescued XIST-binding 9-gene GO analysis","GO enrichment analysis for the 9 genes that are XIST-binding and rescued in both old and new experiments.","Genes are XIST-binding, shared between old and new rescued gene lists, and overlap the full XIST-binding list.","Shared rescue gene selection used p.adj < 0.05 and absolute log2FC > 0.5; GO uses clusterProfiler::enrichGO with ont = ALL and BH correction.","Fig4H_shared_rescue_gene_GO.R"
"MF","GO:0005225","volume-sensitive anion channel activity","1/8","10/18662",0.1,233.275,15.2147993409523,0.0042795560358968,0.0351755995603185,0.0156652467677532,"TTYH2",1,7.86588789225921,1.45375849137669,"Old/new shared rescued XIST-binding 9-gene GO analysis","GO enrichment analysis for the 9 genes that are XIST-binding and rescued in both old and new experiments.","Genes are XIST-binding, shared between old and new rescued gene lists, and overlap the full XIST-binding list.","Shared rescue gene selection used p.adj < 0.05 and absolute log2FC > 0.5; GO uses clusterProfiler::enrichGO with ont = ALL and BH correction.","Fig4H_shared_rescue_gene_GO.R"
"MF","GO:0008046","axon guidance receptor activity","1/8","11/18662",0.0909090909090909,212.068181818182,14.5008851987303,0.00470662892629514,0.0351755995603185,0.0156652467677532,"EPHB1",1,7.72838436850928,1.45375849137669,"Old/new shared rescued XIST-binding 9-gene GO analysis","GO enrichment analysis for the 9 genes that are XIST-binding and rescued in both old and new experiments.","Genes are XIST-binding, shared between old and new rescued gene lists, and overlap the full XIST-binding list.","Shared rescue gene selection used p.adj < 0.05 and absolute log2FC > 0.5; GO uses clusterProfiler::enrichGO with ont = ALL and BH correction.","Fig4H_shared_rescue_gene_GO.R"
"MF","GO:0005005","transmembrane-ephrin receptor activity","1/8","15/18662",0.0666666666666667,155.516666666667,12.3977518256114,0.00641331813488444,0.0351755995603185,0.0156652467677532,"EPHB1",1,7.28092539153806,1.45375849137669,"Old/new shared rescued XIST-binding 9-gene GO analysis","GO enrichment analysis for the 9 genes that are XIST-binding and rescued in both old and new experiments.","Genes are XIST-binding, shared between old and new rescued gene lists, and overlap the full XIST-binding list.","Shared rescue gene selection used p.adj < 0.05 and absolute log2FC > 0.5; GO uses clusterProfiler::enrichGO with ont = ALL and BH correction.","Fig4H_shared_rescue_gene_GO.R"
"MF","GO:0005003","ephrin receptor activity","1/8","19/18662",0.0526315789473684,122.776315789474,10.9978602100877,0.00811744605238118,0.0351755995603185,0.0156652467677532,"EPHB1",1,6.93988847370299,1.45375849137669,"Old/new shared rescued XIST-binding 9-gene GO analysis","GO enrichment analysis for the 9 genes that are XIST-binding and rescued in both old and new experiments.","Genes are XIST-binding, shared between old and new rescued gene lists, and overlap the full XIST-binding list.","Shared rescue gene selection used p.adj < 0.05 and absolute log2FC > 0.5; GO uses clusterProfiler::enrichGO with ont = ALL and BH correction.","Fig4H_shared_rescue_gene_GO.R"
"MF","GO:0005229","intracellularly calcium-gated chloride
channel activity","1/8","19/18662",0.0526315789473684,122.776315789474,10.9978602100877,0.00811744605238118,0.0351755995603185,0.0156652467677532,"TTYH2",1,6.93988847370299,1.45375849137669,"Old/new shared rescued XIST-binding 9-gene GO analysis","GO enrichment analysis for the 9 genes that are XIST-binding and rescued in both old and new experiments.","Genes are XIST-binding, shared between old and new rescued gene lists, and overlap the full XIST-binding list.","Shared rescue gene selection used p.adj < 0.05 and absolute log2FC > 0.5; GO uses clusterProfiler::enrichGO with ont = ALL and BH correction.","Fig4H_shared_rescue_gene_GO.R"
"MF","GO:0141147","intracellularly calcium-gated channel
activity","1/8","19/18662",0.0526315789473684,122.776315789474,10.9978602100877,0.00811744605238118,0.0351755995603185,0.0156652467677532,"TTYH2",1,6.93988847370299,1.45375849137669,"Old/new shared rescued XIST-binding 9-gene GO analysis","GO enrichment analysis for the 9 genes that are XIST-binding and rescued in both old and new experiments.","Genes are XIST-binding, shared between old and new rescued gene lists, and overlap the full XIST-binding list.","Shared rescue gene selection used p.adj < 0.05 and absolute log2FC > 0.5; GO uses clusterProfiler::enrichGO with ont = ALL and BH correction.","Fig4H_shared_rescue_gene_GO.R"
"MF","GO:0003785","actin monomer binding","1/8","29/18662",0.0344827586206897,80.4396551724138,8.86587126676956,0.0123665818150381,0.0459330181701416,0.0204559999947999,"PKNOX2",1,6.329834992019,1.33787501699068,"Old/new shared rescued XIST-binding 9-gene GO analysis","GO enrichment analysis for the 9 genes that are XIST-binding and rescued in both old and new experiments.","Genes are XIST-binding, shared between old and new rescued gene lists, and overlap the full XIST-binding list.","Shared rescue gene selection used p.adj < 0.05 and absolute log2FC > 0.5; GO uses clusterProfiler::enrichGO with ont = ALL and BH correction.","Fig4H_shared_rescue_gene_GO.R"
"MF","GO:0099095","ligand-gated monoatomic anion channel
activity","1/8","48/18662",0.0208333333333333,48.5989583333333,6.8379304036803,0.0203960782068269,0.0621067716483076,0.0276588861591653,"TTYH2",1,5.60285348642542,1.20686104508652,"Old/new shared rescued XIST-binding 9-gene GO analysis","GO enrichment analysis for the 9 genes that are XIST-binding and rescued in both old and new experiments.","Genes are XIST-binding, shared between old and new rescued gene lists, and overlap the full XIST-binding list.","Shared rescue gene selection used p.adj < 0.05 and absolute log2FC > 0.5; GO uses clusterProfiler::enrichGO with ont = ALL and BH correction.","Fig4H_shared_rescue_gene_GO.R"
"MF","GO:0008188","neuropeptide receptor activity","1/8","53/18662",0.0188679245283019,44.0141509433962,6.49402917435856,0.0224995859708534,0.0621067716483076,0.0276588861591653,"SORCS2",1,5.45989553258338,1.20686104508652,"Old/new shared rescued XIST-binding 9-gene GO analysis","GO enrichment analysis for the 9 genes that are XIST-binding and rescued in both old and new experiments.","Genes are XIST-binding, shared between old and new rescued gene lists, and overlap the full XIST-binding list.","Shared rescue gene selection used p.adj < 0.05 and absolute log2FC > 0.5; GO uses clusterProfiler::enrichGO with ont = ALL and BH correction.","Fig4H_shared_rescue_gene_GO.R"
"MF","GO:0004714","transmembrane receptor protein tyrosine
kinase activity","1/8","61/18662",0.0163934426229508,38.2418032786885,6.03328632781587,0.0258569781301727,0.0621067716483076,0.0276588861591653,"EPHB1",1,5.25707864958369,1.20686104508652,"Old/new shared rescued XIST-binding 9-gene GO analysis","GO enrichment analysis for the 9 genes that are XIST-binding and rescued in both old and new experiments.","Genes are XIST-binding, shared between old and new rescued gene lists, and overlap the full XIST-binding list.","Shared rescue gene selection used p.adj < 0.05 and absolute log2FC > 0.5; GO uses clusterProfiler::enrichGO with ont = ALL and BH correction.","Fig4H_shared_rescue_gene_GO.R"
"MF","GO:0015026","coreceptor activity","1/8","62/18662",0.0161290322580645,37.625,5.98195951853495,0.0262759418512071,0.0621067716483076,0.0276588861591653,"CDON",1,5.2336196767597,1.20686104508652,"Old/new shared rescued XIST-binding 9-gene GO analysis","GO enrichment analysis for the 9 genes that are XIST-binding and rescued in both old and new experiments.","Genes are XIST-binding, shared between old and new rescued gene lists, and overlap the full XIST-binding list.","Shared rescue gene selection used p.adj < 0.05 and absolute log2FC > 0.5; GO uses clusterProfiler::enrichGO with ont = ALL and BH correction.","Fig4H_shared_rescue_gene_GO.R"
"MF","GO:0019199","transmembrane receptor protein kinase
activity","1/8","79/18662",0.0126582278481013,29.5284810126582,5.26211995914104,0.0333742423718469,0.0692443443845581,0.0308375622765238,"EPHB1",1,4.88403523896947,1.15961569234123,"Old/new shared rescued XIST-binding 9-gene GO analysis","GO enrichment analysis for the 9 genes that are XIST-binding and rescued in both old and new experiments.","Genes are XIST-binding, shared between old and new rescued gene lists, and overlap the full XIST-binding list.","Shared rescue gene selection used p.adj < 0.05 and absolute log2FC > 0.5; GO uses clusterProfiler::enrichGO with ont = ALL and BH correction.","Fig4H_shared_rescue_gene_GO.R"
"MF","GO:0005254","chloride channel activity","1/8","82/18662",0.0121951219512195,28.4481707317073,5.15850601779355,0.034622172192279,0.0692443443845581,0.0308375622765238,"TTYH2",1,4.83026398252849,1.15961569234123,"Old/new shared rescued XIST-binding 9-gene GO analysis","GO enrichment analysis for the 9 genes that are XIST-binding and rescued in both old and new experiments.","Genes are XIST-binding, shared between old and new rescued gene lists, and overlap the full XIST-binding list.","Shared rescue gene selection used p.adj < 0.05 and absolute log2FC > 0.5; GO uses clusterProfiler::enrichGO with ont = ALL and BH correction.","Fig4H_shared_rescue_gene_GO.R"
"MF","GO:0005253","monoatomic anion channel activity","1/8","101/18662",0.0099009900990099,23.0965346534653,4.61116470453228,0.0424930421501272,0.078915649707379,0.0351446213271729,"TTYH2",1,4.52960450439478,1.1028368636144,"Old/new shared rescued XIST-binding 9-gene GO analysis","GO enrichment analysis for the 9 genes that are XIST-binding and rescued in both old and new experiments.","Genes are XIST-binding, shared between old and new rescued gene lists, and overlap the full XIST-binding list.","Shared rescue gene selection used p.adj < 0.05 and absolute log2FC > 0.5; GO uses clusterProfiler::enrichGO with ont = ALL and BH correction.","Fig4H_shared_rescue_gene_GO.R"
"MF","GO:0015108","chloride transmembrane transporter
activity","1/8","119/18662",0.00840336134453781,19.6029411764706,4.21591220314327,0.0498978016877059,0.0831972833331035,0.0370514217272931,"TTYH2",1,4.29299822383863,1.07989085463121,"Old/new shared rescued XIST-binding 9-gene GO analysis","GO enrichment analysis for the 9 genes that are XIST-binding and rescued in both old and new experiments.","Genes are XIST-binding, shared between old and new rescued gene lists, and overlap the full XIST-binding list.","Shared rescue gene selection used p.adj < 0.05 and absolute log2FC > 0.5; GO uses clusterProfiler::enrichGO with ont = ALL and BH correction.","Fig4H_shared_rescue_gene_GO.R"
"MF","GO:0008528","G protein-coupled peptide receptor
activity","1/8","124/18662",0.00806451612903226,18.8125,4.12126693496379,0.0519457660144846,0.0831972833331035,0.0370514217272931,"SORCS2",1,4.2336196767597,1.07989085463121,"Old/new shared rescued XIST-binding 9-gene GO analysis","GO enrichment analysis for the 9 genes that are XIST-binding and rescued in both old and new experiments.","Genes are XIST-binding, shared between old and new rescued gene lists, and overlap the full XIST-binding list.","Shared rescue gene selection used p.adj < 0.05 and absolute log2FC > 0.5; GO uses clusterProfiler::enrichGO with ont = ALL and BH correction.","Fig4H_shared_rescue_gene_GO.R"
"MF","GO:0001653","peptide receptor activity","1/8","130/18662",0.00769230769230769,17.9442307692308,4.01475318873478,0.0543982237177985,0.0831972833331035,0.0370514217272931,"SORCS2",1,4.16544817411812,1.07989085463121,"Old/new shared rescued XIST-binding 9-gene GO analysis","GO enrichment analysis for the 9 genes that are XIST-binding and rescued in both old and new experiments.","Genes are XIST-binding, shared between old and new rescued gene lists, and overlap the full XIST-binding list.","Shared rescue gene selection used p.adj < 0.05 and absolute log2FC > 0.5; GO uses clusterProfiler::enrichGO with ont = ALL and BH correction.","Fig4H_shared_rescue_gene_GO.R"
"MF","GO:0004713","protein tyrosine kinase activity","1/8","141/18662",0.00709219858156028,16.5443262411348,3.83685782554071,0.058879981884458,0.0833518848534551,0.0371202726068019,"EPHB1",1,4.04826463474778,1.07908457493376,"Old/new shared rescued XIST-binding 9-gene GO analysis","GO enrichment analysis for the 9 genes that are XIST-binding and rescued in both old and new experiments.","Genes are XIST-binding, shared between old and new rescued gene lists, and overlap the full XIST-binding list.","Shared rescue gene selection used p.adj < 0.05 and absolute log2FC > 0.5; GO uses clusterProfiler::enrichGO with ont = ALL and BH correction.","Fig4H_shared_rescue_gene_GO.R"
"MF","GO:0008509","monoatomic anion transmembrane
transporter activity","1/8","146/18662",0.00684931506849315,15.9777397260274,3.7624919981435,0.0609109927775249,0.0833518848534551,0.0371202726068019,"TTYH2",1,3.99799142826656,1.07908457493376,"Old/new shared rescued XIST-binding 9-gene GO analysis","GO enrichment analysis for the 9 genes that are XIST-binding and rescued in both old and new experiments.","Genes are XIST-binding, shared between old and new rescued gene lists, and overlap the full XIST-binding list.","Shared rescue gene selection used p.adj < 0.05 and absolute log2FC > 0.5; GO uses clusterProfiler::enrichGO with ont = ALL and BH correction.","Fig4H_shared_rescue_gene_GO.R"
"MF","GO:0015103","inorganic anion transmembrane
transporter activity","1/8","162/18662",0.00617283950617284,14.3996913580247,3.54725902190734,0.0673844787664739,0.0875998223964161,0.0390120666542744,"TTYH2",1,3.84796598426195,1.05749677433802,"Old/new shared rescued XIST-binding 9-gene GO analysis","GO enrichment analysis for the 9 genes that are XIST-binding and rescued in both old and new experiments.","Genes are XIST-binding, shared between old and new rescued gene lists, and overlap the full XIST-binding list.","Shared rescue gene selection used p.adj < 0.05 and absolute log2FC > 0.5; GO uses clusterProfiler::enrichGO with ont = ALL and BH correction.","Fig4H_shared_rescue_gene_GO.R"
"MF","GO:0015276","ligand-gated monoatomic ion channel
activity","1/8","186/18662",0.00537634408602151,12.5416666666667,3.27602710538616,0.0770214964050724,0.0919698396823884,0.0409582281986345,"TTYH2",1,3.64865717603855,1.03635457055674,"Old/new shared rescued XIST-binding 9-gene GO analysis","GO enrichment analysis for the 9 genes that are XIST-binding and rescued in both old and new experiments.","Genes are XIST-binding, shared between old and new rescued gene lists, and overlap the full XIST-binding list.","Shared rescue gene selection used p.adj < 0.05 and absolute log2FC > 0.5; GO uses clusterProfiler::enrichGO with ont = ALL and BH correction.","Fig4H_shared_rescue_gene_GO.R"
"MF","GO:0022834","ligand-gated channel activity","1/8","188/18662",0.00531914893617021,12.4082446808511,3.25569525033385,0.0778206335774055,0.0919698396823884,0.0409582281986345,"TTYH2",1,3.63322713546894,1.03635457055674,"Old/new shared rescued XIST-binding 9-gene GO analysis","GO enrichment analysis for the 9 genes that are XIST-binding and rescued in both old and new experiments.","Genes are XIST-binding, shared between old and new rescued gene lists, and overlap the full XIST-binding list.","Shared rescue gene selection used p.adj < 0.05 and absolute log2FC > 0.5; GO uses clusterProfiler::enrichGO with ont = ALL and BH correction.","Fig4H_shared_rescue_gene_GO.R"
"MF","GO:0051015","actin filament binding","1/8","208/18662",0.00480769230769231,11.2151442307692,3.06801427518277,0.0857787682341377,0.0969673032211991,0.0431838192483073,"PKNOX2",1,3.48737626900549,1.01337468248037,"Old/new shared rescued XIST-binding 9-gene GO analysis","GO enrichment analysis for the 9 genes that are XIST-binding and rescued in both old and new experiments.","Genes are XIST-binding, shared between old and new rescued gene lists, and overlap the full XIST-binding list.","Shared rescue gene selection used p.adj < 0.05 and absolute log2FC > 0.5; GO uses clusterProfiler::enrichGO with ont = ALL and BH correction.","Fig4H_shared_rescue_gene_GO.R"
"MF","GO:0022836","gated channel activity","1/8","315/18662",0.00317460317460317,7.40555555555556,2.37441163832733,0.127342518166095,0.137954394679936,0.0614371798169756,"TTYH2",1,2.8886079687593,0.860264460064494,"Old/new shared rescued XIST-binding 9-gene GO analysis","GO enrichment analysis for the 9 genes that are XIST-binding and rescued in both old and new experiments.","Genes are XIST-binding, shared between old and new rescued gene lists, and overlap the full XIST-binding list.","Shared rescue gene selection used p.adj < 0.05 and absolute log2FC > 0.5; GO uses clusterProfiler::enrichGO with ont = ALL and BH correction.","Fig4H_shared_rescue_gene_GO.R"
"MF","GO:0005216","monoatomic ion channel activity","1/8","442/18662",0.00226244343891403,5.2777149321267,1.88484330712952,0.174521647442163,0.175608577707985,0.0782062491816938,"TTYH2",1,2.39991342775515,0.755454274533203,"Old/new shared rescued XIST-binding 9-gene GO analysis","GO enrichment analysis for the 9 genes that are XIST-binding and rescued in both old and new experiments.","Genes are XIST-binding, shared between old and new rescued gene lists, and overlap the full XIST-binding list.","Shared rescue gene selection used p.adj < 0.05 and absolute log2FC > 0.5; GO uses clusterProfiler::enrichGO with ont = ALL and BH correction.","Fig4H_shared_rescue_gene_GO.R"
"MF","GO:0003779","actin binding","1/8","445/18662",0.00224719101123596,5.24213483146067,1.87565305174921,0.175608577707985,0.175608577707985,0.0782062491816938,"PKNOX2",1,2.39015446129282,0.755454274533203,"Old/new shared rescued XIST-binding 9-gene GO analysis","GO enrichment analysis for the 9 genes that are XIST-binding and rescued in both old and new experiments.","Genes are XIST-binding, shared between old and new rescued gene lists, and overlap the full XIST-binding list.","Shared rescue gene selection used p.adj < 0.05 and absolute log2FC > 0.5; GO uses clusterProfiler::enrichGO with ont = ALL and BH correction.","Fig4H_shared_rescue_gene_GO.R"
